// Wygenerowane przez tools/esp32_assets.py — nie edytuj ręcznie.
// Źródła: mockups/screen (9).png (bryła + panele), mockups/screen.png (kontrolki).
#pragma once

#include <stdint.h>
#if defined(ARDUINO)
#include <pgmspace.h>
#else
#define PROGMEM
#endif

#define DISPLAY_W 128
#define DISPLAY_H 160
#define TELLTALE_SIZE 26

typedef struct {
    int16_t x, y;             // lewy górny róg na ekranie
    uint16_t w, h;
    const uint16_t *closed;   // sama karoseria w tym prostokącie
    const uint16_t *open;     // karoseria z czerwonym panelem
} PanelSprite;

typedef struct {
    const uint16_t *lit;
    const uint16_t *off;
} TelltaleSprite;

// --- bryła bazowa: całe auto zamknięte ---
static const uint16_t car_base[] PROGMEM = {
    0x0841, 0x0841, 0x0841, 0x0841, 0x0841, 0x0841, 0x0841, 0x0841, 0x0841, 0x0841, 0x0841, 0x0841,
    0x0841, 0x0841, 0x0841, 0x0841, 0x0841, 0x0841, 0x0841, 0x0841, 0x0841, 0x0841, 0x0841, 0x0841,
    0x0841, 0x0841, 0x0841, 0x0841, 0x0841, 0x0841, 0x0841, 0x0841, 0x0841, 0x0841, 0x0841, 0x0841,
    0x0841, 0x0841, 0x0841, 0x0841, 0x0841, 0x0841, 0x0841, 0x0841, 0x0841, 0x0841, 0x0841, 0x0861,
    0x0861, 0x0841, 0x0021, 0x0000, 0x0000, 0x0020, 0x20E2, 0x51E4, 0x8306, 0xB428, 0xD4EA, 0xF5AB,
    0xFDEC, 0xF5AB, 0xED6B, 0xD4EA, 0xD4C9, 0xED6B, 0xFDCB, 0xFDCC, 0xF5AB, 0xD4EA, 0xBC49, 0x8B47,
    0x5204, 0x2902, 0x0021, 0x0000, 0x0000, 0x0020, 0x0841, 0x0861, 0x0861, 0x0841, 0x0841, 0x0841,
    0x0841, 0x0841, 0x0841, 0x0841, 0x0841, 0x0841, 0x0841, 0x0841, 0x0841, 0x0841, 0x0841, 0x0841,
    0x0841, 0x0841, 0x0841, 0x0841, 0x0841, 0x0841, 0x0841, 0x0841, 0x0841, 0x0841, 0x0841, 0x0841,
    0x0841, 0x0841, 0x0841, 0x0841, 0x0841, 0x0841, 0x0841, 0x0841, 0x0841, 0x0841, 0x0841, 0x0841,
    0x0841, 0x0841, 0x0841, 0x0841, 0x0841, 0x0841, 0x0841, 0x0841, 0x0841, 0x0841, 0x0841, 0x0841,
    0x0841, 0x0841, 0x0841, 0x0841, 0x0841, 0x0841, 0x0841, 0x0841, 0x0841, 0x0841, 0x0841, 0x0841,
    0x0841, 0x0841, 0x0841, 0x0841, 0x0841, 0x0841, 0x0841, 0x0841, 0x0841, 0x0841, 0x0841, 0x0841,
    0x0841, 0x0841, 0x0841, 0x0841, 0x0841, 0x0841, 0x0841, 0x0841, 0x0841, 0x0841, 0x0841, 0x0841,
    0x0841, 0x0841, 0x0841, 0x0841, 0x0841, 0x0861, 0x0841, 0x0020, 0x0000, 0x0000, 0x20E2, 0x51E4,
    0x9367, 0xCCCA, 0xED6B, 0xF58B, 0xED6B, 0xED6B, 0xFDEC, 0xFE0C, 0xFDCC, 0xF5AB, 0xD4CA, 0x8B47,
    0x8B26, 0xCCA9, 0xFDCC, 0xFDCB, 0xFE0C, 0xFDAB, 0xE52A, 0xED8B, 0xF5AB, 0xED6B, 0xD4CA, 0x9BA7,
    0x5A45, 0x20E2, 0x0000, 0x0000, 0x0000, 0x0841, 0x0861, 0x0841, 0x0841, 0x0841, 0x0841, 0x0841,
    0x0841, 0x0841, 0x0841, 0x0841, 0x0841, 0x0841, 0x0841, 0x0841, 0x0841, 0x0841, 0x0841, 0x0841,
    0x0841, 0x0841, 0x0841, 0x0841, 0x0841, 0x0841, 0x0841, 0x0841, 0x0841, 0x0841, 0x0841, 0x0841,
    0x0841, 0x0841, 0x0841, 0x0841, 0x0841, 0x0841, 0x0841, 0x0841, 0x0841, 0x0841, 0x0841, 0x0841,
    0x0841, 0x0841, 0x0841, 0x0841, 0x0841, 0x0841, 0x0841, 0x0841, 0x0841, 0x0841, 0x0841, 0x0841,
    0x0841, 0x0841, 0x0841, 0x0841, 0x0841, 0x0841, 0x0841, 0x0841, 0x0841, 0x0841, 0x0841, 0x0841,
    0x0841, 0x0841, 0x0841, 0x0841, 0x0841, 0x0841, 0x0841, 0x0841, 0x0841, 0x0841, 0x0841, 0x0841,
    0x0841, 0x0841, 0x0841, 0x0841, 0x0841, 0x0841, 0x0841, 0x0841, 0x0841, 0x0841, 0x0861, 0x0861,
    0x0021, 0x0000, 0x0020, 0x3122, 0x7AE6, 0xCCCA, 0xED8B, 0xF5AB, 0xE54B, 0xCCCA, 0xDD2A, 0xE54B,
    0xED6B, 0xED6B, 0xD4CA, 0xCCA9, 0xFDEC, 0xFDEC, 0xFDEC, 0xFE0C, 0xFE0C, 0xFDEC, 0xFE2C, 0xFE0C,
    0xCCA9, 0xCCA9, 0xE56B, 0xED8B, 0xE56B, 0xDD0A, 0xDD0A, 0xE56B, 0xF5AB, 0xF5AB, 0xCCA9, 0x8B26,
    0x3963, 0x0020, 0x0000, 0x0021, 0x0861, 0x0861, 0x0841, 0x0841, 0x0841, 0x0841, 0x0841, 0x0841,
    0x0841, 0x0841, 0x0841, 0x0841, 0x0841, 0x0841, 0x0841, 0x0841, 0x0841, 0x0841, 0x0841, 0x0841,
    0x0841, 0x0841, 0x0841, 0x0841, 0x0841, 0x0841, 0x0841, 0x0841, 0x0841, 0x0841, 0x0841, 0x0841,
    0x0841, 0x0841, 0x0841, 0x0841, 0x0841, 0x0841, 0x0841, 0x0841, 0x0841, 0x0841, 0x0841, 0x0841,
    0x0841, 0x0841, 0x0841, 0x0841, 0x0841, 0x0841, 0x0841, 0x0841, 0x0841, 0x0841, 0x0841, 0x0841,
    0x0841, 0x0841, 0x0841, 0x0841, 0x0841, 0x0841, 0x0841, 0x0841, 0x0841, 0x0841, 0x0841, 0x0841,
    0x0841, 0x0841, 0x0841, 0x0841, 0x0841, 0x0841, 0x0841, 0x0841, 0x0841, 0x0841, 0x0841, 0x0841,
    0x0841, 0x0841, 0x0841, 0x0841, 0x0841, 0x0861, 0x0000, 0x0000, 0x20C2, 0x72A5, 0xCCCA, 0xFDCB,
    0xFDCB, 0xDD2A, 0xCCCA, 0xD4EA, 0xED6B, 0xE54A, 0xC489, 0x9B87, 0x6245, 0x3143, 0x0000, 0x82E6,
    0xFE0C, 0xF56B, 0xFE2C, 0xFE2C, 0xFE2C, 0xFDAB, 0xABE8, 0xF5CC, 0xBC49, 0x0841, 0x2902, 0x6245,
    0x9367, 0xC489, 0xE52A, 0xED6B, 0xDD2A, 0xDD0A, 0xE52A, 0xF5AB, 0xFDCC, 0xCCCA, 0x7AE6, 0x20E2,
    0x0000, 0x0000, 0x0861, 0x0841, 0x0841, 0x0841, 0x0841, 0x0841, 0x0841, 0x0841, 0x0841, 0x0841,
    0x0841, 0x0841, 0x0841, 0x0841, 0x0841, 0x0841, 0x0841, 0x0841, 0x0841, 0x0841, 0x0841, 0x0841,
    0x0841, 0x0841, 0x0841, 0x0841, 0x0841, 0x0841, 0x0841, 0x0841, 0x0841, 0x0841, 0x0841, 0x0841,
    0x0841, 0x0841, 0x0841, 0x0841, 0x0841, 0x0841, 0x0841, 0x0841, 0x0841, 0x0841, 0x0841, 0x0841,
    0x0841, 0x0841, 0x0841, 0x0841, 0x0841, 0x0841, 0x0841, 0x0841, 0x0841, 0x0841, 0x0841, 0x0841,
    0x0841, 0x0841, 0x0841, 0x0841, 0x0841, 0x0841, 0x0841, 0x0841, 0x0841, 0x0841, 0x0841, 0x0841,
    0x0841, 0x0841, 0x0841, 0x0841, 0x0841, 0x0841, 0x0841, 0x0841, 0x0841, 0x0841, 0x0841, 0x0861,
    0x0021, 0x0000, 0x3143, 0xA3E8, 0xF5AB, 0xF5CB, 0xDD0A, 0xC4A9, 0xCCCA, 0xD50A, 0xD4CA, 0xA3E8,
    0x5A45, 0x20E2, 0x0020, 0x0000, 0x0000, 0x0020, 0x0021, 0x2902, 0x2902, 0x3143, 0x5A45, 0x7AE6,
    0x7AE6, 0x3963, 0x0000, 0x20E2, 0x4183, 0x0861, 0x0020, 0x0000, 0x0000, 0x0000, 0x20C2, 0x5204,
    0x9BA7, 0xCCCA, 0xDD0A, 0xD4EA, 0xCCA9, 0xDD0A, 0xF5AB, 0xF5AB, 0xB428, 0x49C4, 0x0000, 0x0020,
    0x0861, 0x0841, 0x0841, 0x0841, 0x0841, 0x0841, 0x0841, 0x0841, 0x0841, 0x0841, 0x0841, 0x0841,
    0x0841, 0x0841, 0x0841, 0x0841, 0x0841, 0x0841, 0x0841, 0x0841, 0x0841, 0x0841, 0x0841, 0x0841,
    0x0841, 0x0841, 0x0841, 0x0841, 0x0841, 0x0841, 0x0841, 0x0841, 0x0841, 0x0841, 0x0841, 0x0841,
    0x0841, 0x0841, 0x0841, 0x0841, 0x0841, 0x0841, 0x0841, 0x0841, 0x0841, 0x0841, 0x0841, 0x0841,
    0x0841, 0x0841, 0x0841, 0x0841, 0x0841, 0x0841, 0x0841, 0x0841, 0x0841, 0x0841, 0x0841, 0x0841,
    0x0841, 0x0841, 0x0841, 0x0841, 0x0841, 0x0841, 0x0841, 0x0841, 0x0841, 0x0841, 0x0841, 0x0841,
    0x0841, 0x0841, 0x0841, 0x0841, 0x0841, 0x0841, 0x0861, 0x0000, 0x20C2, 0xA3C8, 0xFDEC, 0xF58B,
    0xC489, 0xD4CA, 0xFDCB, 0xFE2C, 0xFE6D, 0xED8B, 0x3143, 0x0000, 0x0000, 0x0021, 0x0841, 0x0861,
    0x0861, 0x0841, 0x0841, 0x0021, 0x0020, 0x0020, 0x0000, 0x0000, 0x0000, 0x0000, 0x0861, 0x0021,
    0x0000, 0x0841, 0x0841, 0x0861, 0x0861, 0x0841, 0x0021, 0x0000, 0x0000, 0x3122, 0xDD4B, 0xFE6D,
    0xFE2C, 0xFDCC, 0xD4CA, 0xCCA9, 0xDD2A, 0xFDEC, 0xB449, 0x28E2, 0x0000, 0x0861, 0x0841, 0x0841,
    0x0841, 0x0841, 0x0841, 0x0841, 0x0841, 0x0841, 0x0841, 0x0841, 0x0841, 0x0841, 0x0841, 0x0841,
    0x0841, 0x0841, 0x0841, 0x0841, 0x0841, 0x0841, 0x0841, 0x0841, 0x0841, 0x0841, 0x0841, 0x0841,
    0x0841, 0x0841, 0x0841, 0x0841, 0x0841, 0x0841, 0x0841, 0x0841, 0x0841, 0x0841, 0x0841, 0x0841,
    0x0841, 0x0841, 0x0841, 0x0841, 0x0841, 0x0841, 0x0841, 0x0841, 0x0841, 0x0841, 0x0841, 0x0841,
    0x0841, 0x0841, 0x0841, 0x0841, 0x0841, 0x0841, 0x0841, 0x0841, 0x0841, 0x0841, 0x0841, 0x0841,
    0x0841, 0x0841, 0x0841, 0x0841, 0x0841, 0x0841, 0x0841, 0x0841, 0x0841, 0x0841, 0x0841, 0x0841,
    0x0841, 0x0861, 0x0000, 0x41A3, 0xED8B, 0xFDEC, 0xDCEA, 0xF58B, 0xFE0C, 0xDCEA, 0x9B87, 0x6A85,
    0x6245, 0x93A7, 0x3143, 0x0821, 0x1061, 0x0841, 0x0841, 0x0841, 0x0841, 0x0841, 0x0841, 0x0841,
    0x0841, 0x0841, 0x0861, 0x0861, 0x0861, 0x0861, 0x0841, 0x0841, 0x0861, 0x0841, 0x0841, 0x0841,
    0x0841, 0x0841, 0x0841, 0x0861, 0x0841, 0x3143, 0x9387, 0x6A85, 0x6A85, 0x9367, 0xD4EA, 0xFE0C,
    0xE54A, 0xCC89, 0xF5CB, 0xEDAB, 0x49C4, 0x0000, 0x0861, 0x0841, 0x0841, 0x0841, 0x0841, 0x0841,
    0x0841, 0x0841, 0x0841, 0x0841, 0x0841, 0x0841, 0x0841, 0x0841, 0x0841, 0x0841, 0x0841, 0x0841,
    0x0841, 0x0841, 0x0841, 0x0841, 0x0841, 0x0841, 0x0841, 0x0841, 0x0841, 0x0841, 0x0841, 0x0841,
    0x0841, 0x0841, 0x0841, 0x0841, 0x0841, 0x0841, 0x0841, 0x0841, 0x0841, 0x0841, 0x0841, 0x0841,
    0x0841, 0x0841, 0x0841, 0x0841, 0x0841, 0x0841, 0x0841, 0x0841, 0x0841, 0x0841, 0x0841, 0x0841,
    0x0841, 0x0841, 0x0841, 0x0841, 0x0841, 0x0841, 0x0841, 0x0841, 0x0841, 0x0841, 0x0841, 0x0841,
    0x0841, 0x0841, 0x0841, 0x0841, 0x0841, 0x0841, 0x0841, 0x0841, 0x0861, 0x0020, 0x2902, 0xF5CC,
    0xFDCB, 0xED6B, 0xFE0C, 0xABE8, 0x3963, 0x0021, 0x0000, 0x0000, 0x0000, 0x0000, 0x0020, 0x0841,
    0x0841, 0x0841, 0x0841, 0x0841, 0x0841, 0x0841, 0x0841, 0x0841, 0x0841, 0x0841, 0x0841, 0x0841,
    0x0841, 0x0841, 0x0841, 0x0841, 0x0841, 0x0841, 0x0841, 0x0841, 0x0841, 0x0841, 0x0841, 0x0841,
    0x0841, 0x0020, 0x0000, 0x0000, 0x0000, 0x0000, 0x0021, 0x2902, 0xA3C8, 0xFE0C, 0xF56B, 0xF5AB,
    0xFDEC, 0x3963, 0x0000, 0x0861, 0x0841, 0x0841, 0x0841, 0x0841, 0x0841, 0x0841, 0x0841, 0x0841,
    0x0841, 0x0841, 0x0841, 0x0841, 0x0841, 0x0841, 0x0841, 0x0841, 0x0841, 0x0841, 0x0841, 0x0841,
    0x0841, 0x0841, 0x0841, 0x0841, 0x0841, 0x0841, 0x0841, 0x0841, 0x0841, 0x0841, 0x0841, 0x0841,
    0x0841, 0x0841, 0x0841, 0x0841, 0x0841, 0x0841, 0x0841, 0x0841, 0x0841, 0x0841, 0x0841, 0x0841,
    0x0841, 0x0841, 0x0841, 0x0841, 0x0841, 0x0841, 0x0841, 0x0841, 0x0841, 0x0841, 0x0841, 0x0841,
    0x0841, 0x0841, 0x0841, 0x0841, 0x0841, 0x0841, 0x0841, 0x0841, 0x0841, 0x0841, 0x0841, 0x0841,
    0x0841, 0x0841, 0x0841, 0x0841, 0x0841, 0x0021, 0xCC89, 0xFE0C, 0xFE0C, 0xCCCA, 0x4183, 0x4183,
    0x9367, 0x1081, 0x0841, 0x0861, 0x0861, 0x0861, 0x0841, 0x0841, 0x0841, 0x0841, 0x0841, 0x0841,
    0x0841, 0x0841, 0x0841, 0x0841, 0x0841, 0x0841, 0x0841, 0x0841, 0x0841, 0x0841, 0x0841, 0x0841,
    0x0841, 0x0841, 0x0841, 0x0841, 0x0841, 0x0841, 0x0841, 0x0841, 0x0841, 0x0841, 0x0861, 0x0861,
    0x0861, 0x0861, 0x0841, 0x8306, 0x5204, 0x3142, 0xBC69, 0xFE0C, 0xFE0C, 0xD4EA, 0x0841, 0x0841,
    0x0841, 0x0841, 0x0841, 0x0841, 0x0841, 0x0841, 0x0841, 0x0841, 0x0841, 0x0841, 0x0841, 0x0841,
    0x0841, 0x0841, 0x0841, 0x0841, 0x0841, 0x0841, 0x0841, 0x0841, 0x0841, 0x0841, 0x0841, 0x0841,
    0x0841, 0x0841, 0x0841, 0x0841, 0x0841, 0x0841, 0x0841, 0x0841, 0x0841, 0x0841, 0x0841, 0x0841,
    0x0841, 0x0841, 0x0841, 0x0841, 0x0841, 0x0841, 0x0841, 0x0841, 0x0841, 0x0841, 0x0841, 0x0841,
    0x0841, 0x0841, 0x0841, 0x0841, 0x0841, 0x0841, 0x0841, 0x0841, 0x0841, 0x0841, 0x0841, 0x0841,
    0x0841, 0x0841, 0x0841, 0x0841, 0x0841, 0x0841, 0x0841, 0x0841, 0x0841, 0x0841, 0x0841, 0x0861,
    0x0000, 0x51E4, 0xFE2C, 0xFDCC, 0xB408, 0x49C4, 0xBC69, 0xFE6D, 0xB408, 0x0821, 0x0841, 0x0841,
    0x0841, 0x0841, 0x0841, 0x0841, 0x0841, 0x0841, 0x0841, 0x0841, 0x0841, 0x0841, 0x0841, 0x0841,
    0x0841, 0x0841, 0x0841, 0x0841, 0x0841, 0x0841, 0x0841, 0x0841, 0x0841, 0x0841, 0x0841, 0x0841,
    0x0841, 0x0841, 0x0841, 0x0841, 0x0841, 0x0841, 0x0841, 0x0841, 0x0841, 0x0861, 0x0020, 0x9347,
    0xFE8D, 0xC4A9, 0x41A3, 0xA3C8, 0xFDCC, 0xFE2C, 0x6A85, 0x0000, 0x0861, 0x0841, 0x0841, 0x0841,
    0x0841, 0x0841, 0x0841, 0x0841, 0x0841, 0x0841, 0x0841, 0x0841, 0x0841, 0x0841, 0x0841, 0x0841,
    0x0841, 0x0841, 0x0841, 0x0841, 0x0841, 0x0841, 0x0841, 0x0841, 0x0841, 0x0841, 0x0841, 0x0841,
    0x0841, 0x0841, 0x0841, 0x0841, 0x0841, 0x0841, 0x0841, 0x0841, 0x0841, 0x0841, 0x0841, 0x0841,
    0x0841, 0x0841, 0x0841, 0x0841, 0x0841, 0x0841, 0x0841, 0x0841, 0x0841, 0x0841, 0x0841, 0x0841,
    0x0841, 0x0841, 0x0841, 0x0841, 0x0841, 0x0841, 0x0841, 0x0841, 0x0841, 0x0841, 0x0841, 0x0841,
    0x0841, 0x0841, 0x0841, 0x0841, 0x0841, 0x0841, 0x0841, 0x0861, 0x0000, 0xB428, 0xFE2C, 0xFDEC,
    0xE52A, 0xFDEC, 0xB449, 0x3143, 0x0000, 0x0841, 0x0841, 0x0841, 0x0841, 0x0841, 0x0841, 0x0841,
    0x0841, 0x0841, 0x0841, 0x0841, 0x0841, 0x0841, 0x0841, 0x0841, 0x0841, 0x0841, 0x0841, 0x0841,
    0x0841, 0x0841, 0x0841, 0x0841, 0x0841, 0x0841, 0x0841, 0x0841, 0x0841, 0x0841, 0x0841, 0x0841,
    0x0841, 0x0841, 0x0841, 0x0841, 0x0841, 0x0841, 0x0841, 0x0000, 0x3123, 0xB449, 0xFDEC, 0xE54B,
    0xFE0C, 0xFE0C, 0xCCA9, 0x0021, 0x0841, 0x0841, 0x0841, 0x0841, 0x0841, 0x0841, 0x0841, 0x0841,
    0x0841, 0x0841, 0x0841, 0x0841, 0x0841, 0x0841, 0x0841, 0x0841, 0x0841, 0x0841, 0x0841, 0x0841,
    0x0841, 0x0841, 0x0841, 0x0841, 0x0841, 0x0841, 0x0841, 0x0841, 0x0841, 0x0841, 0x0841, 0x0841,
    0x0841, 0x0841, 0x0841, 0x0841, 0x0841, 0x0841, 0x0841, 0x0841, 0x0841, 0x0841, 0x0841, 0x0841,
    0x0841, 0x0841, 0x0841, 0x0841, 0x0841, 0x0841, 0x0841, 0x0841, 0x0841, 0x0841, 0x0841, 0x0841,
    0x0841, 0x0841, 0x0841, 0x0841, 0x0841, 0x0841, 0x0841, 0x0841, 0x0841, 0x0841, 0x0841, 0x0841,
    0x0841, 0x0841, 0x0841, 0x0020, 0x20E2, 0xF5AB, 0xFE0C, 0xABE8, 0x7AC6, 0x3143, 0x0000, 0x0000,
    0x0841, 0x0841, 0x0841, 0x0841, 0x0841, 0x0841, 0x0841, 0x0841, 0x0841, 0x0841, 0x0841, 0x0841,
    0x0841, 0x0841, 0x0841, 0x0841, 0x0841, 0x0841, 0x0841, 0x0841, 0x0841, 0x0841, 0x0841, 0x0841,
    0x0841, 0x0841, 0x0841, 0x0841, 0x0841, 0x0841, 0x0841, 0x0841, 0x0841, 0x0841, 0x0841, 0x0841,
    0x0841, 0x0841, 0x0841, 0x0861, 0x0000, 0x0000, 0x3122, 0x7AC6, 0x9BA7, 0xFDEC, 0xFDCC, 0x2922,
    0x0020, 0x0841, 0x0841, 0x0841, 0x0841, 0x0841, 0x0841, 0x0841, 0x0841, 0x0841, 0x0841, 0x0841,
    0x0841, 0x0841, 0x0841, 0x0841, 0x0841, 0x0841, 0x0841, 0x0841, 0x0841, 0x0841, 0x0841, 0x0841,
    0x0841, 0x0841, 0x0841, 0x0841, 0x0841, 0x0841, 0x0841, 0x0841, 0x0841, 0x0841, 0x0841, 0x0841,
    0x0841, 0x0841, 0x0841, 0x0841, 0x0841, 0x0841, 0x0841, 0x0841, 0x0841, 0x0841, 0x0841, 0x0841,
    0x0841, 0x0841, 0x0841, 0x0841, 0x0841, 0x0841, 0x0841, 0x0841, 0x0841, 0x0841, 0x0841, 0x0841,
    0x0841, 0x0841, 0x0841, 0x0841, 0x0841, 0x0841, 0x0841, 0x0841, 0x0841, 0x0841, 0x0861, 0x0000,
    0x6A85, 0xFE4D, 0xE52A, 0x0861, 0x0000, 0x0020, 0x0861, 0x0861, 0x0841, 0x0841, 0x0841, 0x0841,
    0x0841, 0x0841, 0x0841, 0x0841, 0x0841, 0x0841, 0x0841, 0x0841, 0x0841, 0x0841, 0x0841, 0x0841,
    0x0841, 0x0841, 0x0841, 0x0841, 0x0841, 0x0841, 0x0841, 0x0841, 0x0841, 0x0841, 0x0841, 0x0841,
    0x0841, 0x0841, 0x0841, 0x0841, 0x0841, 0x0841, 0x0841, 0x0841, 0x0841, 0x0841, 0x0841, 0x0841,
    0x0861, 0x0861, 0x0020, 0x0000, 0x0000, 0xDCEA, 0xFE6D, 0x8306, 0x0000, 0x0861, 0x0841, 0x0841,
    0x0841, 0x0841, 0x0841, 0x0841, 0x0841, 0x0841, 0x0841, 0x0841, 0x0841, 0x0841, 0x0841, 0x0841,
    0x0841, 0x0841, 0x0841, 0x0841, 0x0841, 0x0841, 0x0841, 0x0841, 0x0841, 0x0841, 0x0841, 0x0841,
    0x0841, 0x0841, 0x0841, 0x0841, 0x0841, 0x0841, 0x0841, 0x0841, 0x0841, 0x0841, 0x0841, 0x0841,
    0x0841, 0x0841, 0x0841, 0x0841, 0x0841, 0x0841, 0x0841, 0x0841, 0x0841, 0x0841, 0x0841, 0x0841,
    0x0841, 0x0841, 0x0841, 0x0841, 0x0841, 0x0841, 0x0841, 0x0841, 0x0841, 0x0841, 0x0841, 0x0841,
    0x0841, 0x0841, 0x0841, 0x0841, 0x0841, 0x0841, 0x0861, 0x0000, 0xBC49, 0xFE8D, 0x9347, 0x0000,
    0x1081, 0x0841, 0x0841, 0x0841, 0x0841, 0x0841, 0x0841, 0x0841, 0x0841, 0x0841, 0x0841, 0x0841,
    0x0841, 0x0841, 0x0841, 0x0841, 0x0841, 0x0841, 0x0841, 0x0841, 0x0841, 0x0841, 0x0841, 0x0841,
    0x0841, 0x0841, 0x0841, 0x0841, 0x0841, 0x0841, 0x0841, 0x0841, 0x0841, 0x0841, 0x0841, 0x0841,
    0x0841, 0x0841, 0x0841, 0x0841, 0x0841, 0x0841, 0x0841, 0x0841, 0x0841, 0x0841, 0x0841, 0x1081,
    0x0000, 0x8306, 0xFE6D, 0xD4C9, 0x0841, 0x0841, 0x0841, 0x0841, 0x0841, 0x0841, 0x0841, 0x0841,
    0x0841, 0x0841, 0x0841, 0x0841, 0x0841, 0x0841, 0x0841, 0x0841, 0x0841, 0x0841, 0x0841, 0x0841,
    0x0841, 0x0841, 0x0841, 0x0841, 0x0841, 0x0841, 0x0841, 0x0841, 0x0841, 0x0841, 0x0841, 0x0841,
    0x0841, 0x0841, 0x0841, 0x0841, 0x0841, 0x0841, 0x0841, 0x0841, 0x0841, 0x0841, 0x0841, 0x0841,
    0x0841, 0x0841, 0x0841, 0x0841, 0x0841, 0x0841, 0x0841, 0x0841, 0x0841, 0x0841, 0x0841, 0x0841,
    0x0841, 0x0841, 0x0841, 0x0841, 0x0841, 0x0841, 0x0841, 0x0841, 0x0841, 0x0841, 0x0841, 0x0841,
    0x0841, 0x0841, 0x0021, 0x2902, 0xF5AB, 0xFE0C, 0x3963, 0x0000, 0x0861, 0x0841, 0x0841, 0x0841,
    0x0841, 0x0841, 0x0841, 0x0841, 0x0841, 0x0841, 0x0841, 0x0841, 0x0841, 0x0841, 0x0841, 0x0841,
    0x0841, 0x0841, 0x0841, 0x0841, 0x0841, 0x0841, 0x0841, 0x0841, 0x0841, 0x0841, 0x0841, 0x0841,
    0x0841, 0x0841, 0x0841, 0x0841, 0x0841, 0x0841, 0x0841, 0x0841, 0x0841, 0x0841, 0x0841, 0x0841,
    0x0841, 0x0841, 0x0841, 0x0841, 0x0841, 0x0841, 0x0841, 0x0861, 0x0000, 0x3122, 0xFDEC, 0xFDEC,
    0x3943, 0x0000, 0x0861, 0x0841, 0x0841, 0x0841, 0x0841, 0x0841, 0x0841, 0x0841, 0x0841, 0x0841,
    0x0841, 0x0841, 0x0841, 0x0841, 0x0841, 0x0841, 0x0841, 0x0841, 0x0841, 0x0841, 0x0841, 0x0841,
    0x0841, 0x0841, 0x0841, 0x0841, 0x0841, 0x0841, 0x0841, 0x0841, 0x0841, 0x0841, 0x0841, 0x0841,
    0x0841, 0x0841, 0x0841, 0x0841, 0x0841, 0x0841, 0x0841, 0x0841, 0x0841, 0x0841, 0x0841, 0x0841,
    0x0841, 0x0841, 0x0841, 0x0841, 0x0841, 0x0841, 0x0841, 0x0841, 0x0841, 0x0841, 0x0841, 0x0841,
    0x0841, 0x0841, 0x0841, 0x0841, 0x0841, 0x0841, 0x0841, 0x0841, 0x0841, 0x0861, 0x0000, 0x5A24,
    0xFE4D, 0xDD0A, 0x28E2, 0x0841, 0x0841, 0x0841, 0x0841, 0x0841, 0x0841, 0x0841, 0x0841, 0x0841,
    0x0841, 0x0841, 0x0841, 0x0841, 0x0841, 0x0841, 0x0841, 0x0841, 0x0841, 0x0841, 0x0841, 0x0841,
    0x0841, 0x0841, 0x0841, 0x0841, 0x0841, 0x0841, 0x0841, 0x0841, 0x0841, 0x0841, 0x0841, 0x0841,
    0x0841, 0x0841, 0x0841, 0x0841, 0x0841, 0x0841, 0x0841, 0x0841, 0x0841, 0x0841, 0x0841, 0x0841,
    0x0841, 0x0841, 0x0841, 0x0841, 0x0841, 0x20E2, 0xD4A9, 0xFE6D, 0x7AC6, 0x0000, 0x0861, 0x0841,
    0x0841, 0x0841, 0x0841, 0x0841, 0x0841, 0x0841, 0x0841, 0x0841, 0x0841, 0x0841, 0x0841, 0x0841,
    0x0841, 0x0841, 0x0841, 0x0841, 0x0841, 0x0841, 0x0841, 0x0841, 0x0841, 0x0841, 0x0841, 0x0841,
    0x0841, 0x0841, 0x0841, 0x0841, 0x0841, 0x0841, 0x0841, 0x0841, 0x0841, 0x0841, 0x0841, 0x0841,
    0x0841, 0x0841, 0x0841, 0x0841, 0x0841, 0x0841, 0x0841, 0x0841, 0x0841, 0x0841, 0x0841, 0x0841,
    0x0841, 0x0841, 0x0841, 0x0841, 0x0841, 0x0841, 0x0841, 0x0841, 0x0841, 0x0841, 0x0841, 0x0841,
    0x0841, 0x0841, 0x0841, 0x0841, 0x0841, 0x0861, 0x0000, 0xABE8, 0xFE2C, 0xDD0A, 0xCCA9, 0x0841,
    0x0841, 0x0841, 0x0841, 0x0841, 0x0841, 0x0841, 0x0841, 0x0841, 0x0841, 0x0841, 0x0841, 0x0841,
    0x0841, 0x0841, 0x0841, 0x0841, 0x0841, 0x0841, 0x0841, 0x0841, 0x0841, 0x0841, 0x0841, 0x0841,
    0x0841, 0x0841, 0x0841, 0x0841, 0x0841, 0x0841, 0x0841, 0x0841, 0x0841, 0x0841, 0x0841, 0x0841,
    0x0841, 0x0841, 0x0841, 0x0841, 0x0841, 0x0841, 0x0841, 0x0841, 0x0841, 0x0841, 0x0841, 0x0841,
    0x0041, 0xCCA9, 0xCCA9, 0xFE2C, 0xC469, 0x0020, 0x0861, 0x0841, 0x0841, 0x0841, 0x0841, 0x0841,
    0x0841, 0x0841, 0x0841, 0x0841, 0x0841, 0x0841, 0x0841, 0x0841, 0x0841, 0x0841, 0x0841, 0x0841,
    0x0841, 0x0841, 0x0841, 0x0841, 0x0841, 0x0841, 0x0841, 0x0841, 0x0841, 0x0841, 0x0841, 0x0841,
    0x0841, 0x0841, 0x0841, 0x0841, 0x0841, 0x0841, 0x0841, 0x0841, 0x0841, 0x0841, 0x0841, 0x0841,
    0x0841, 0x0841, 0x0841, 0x0841, 0x0841, 0x0841, 0x0841, 0x0841, 0x0841, 0x0841, 0x0841, 0x0841,
    0x0841, 0x0841, 0x0841, 0x0841, 0x0841, 0x0841, 0x0841, 0x0841, 0x0841, 0x0841, 0x0841, 0x0841,
    0x0841, 0x0041, 0x1081, 0xED6B, 0xF5AB, 0xDD0A, 0xC469, 0x0000, 0x0861, 0x0841, 0x0841, 0x0841,
    0x0841, 0x0841, 0x0841, 0x0841, 0x0841, 0x0841, 0x0841, 0x0841, 0x0841, 0x0841, 0x0841, 0x0841,
    0x0841, 0x0841, 0x0841, 0x0841, 0x0841, 0x0841, 0x0841, 0x0841, 0x0841, 0x0841, 0x0841, 0x0841,
    0x0841, 0x0841, 0x0841, 0x0841, 0x0841, 0x0841, 0x0841, 0x0841, 0x0841, 0x0841, 0x0841, 0x0841,
    0x0841, 0x0841, 0x0841, 0x0841, 0x0841, 0x0841, 0x0841, 0x0861, 0x0000, 0xB428, 0xD4CA, 0xED6B,
    0xED6B, 0x18A1, 0x0021, 0x0841, 0x0841, 0x0841, 0x0841, 0x0841, 0x0841, 0x0841, 0x0841, 0x0841,
    0x0841, 0x0841, 0x0841, 0x0841, 0x0841, 0x0841, 0x0841, 0x0841, 0x0841, 0x0841, 0x0841, 0x0841,
    0x0841, 0x0841, 0x0841, 0x0841, 0x0841, 0x0841, 0x0841, 0x0841, 0x0841, 0x0841, 0x0841, 0x0841,
    0x0841, 0x0841, 0x0841, 0x0841, 0x0841, 0x0841, 0x0841, 0x0841, 0x0841, 0x0841, 0x0841, 0x0841,
    0x0841, 0x0841, 0x0841, 0x0841, 0x0841, 0x0841, 0x0841, 0x0841, 0x0841, 0x0841, 0x0841, 0x0841,
    0x0841, 0x0841, 0x0841, 0x0841, 0x0841, 0x0841, 0x0841, 0x0841, 0x0861, 0x0000, 0x49C4, 0xFE4C,
    0xD4EA, 0xE54A, 0x7AC6, 0x0000, 0x0861, 0x0841, 0x0841, 0x0841, 0x0841, 0x0841, 0x0841, 0x0841,
    0x0841, 0x0841, 0x0841, 0x0841, 0x0841, 0x0841, 0x0841, 0x0841, 0x0841, 0x0841, 0x0841, 0x0841,
    0x0841, 0x0841, 0x0841, 0x0841, 0x0841, 0x0841, 0x0841, 0x0841, 0x0841, 0x0841, 0x0841, 0x0841,
    0x0841, 0x0841, 0x0841, 0x0841, 0x0841, 0x0841, 0x0841, 0x0841, 0x0841, 0x0841, 0x0841, 0x0841,
    0x0841, 0x0841, 0x0841, 0x0861, 0x0000, 0x72A5, 0xE52A, 0xCC89, 0xFE6D, 0x5A04, 0x0000, 0x0861,
    0x0841, 0x0841, 0x0841, 0x0841, 0x0841, 0x0841, 0x0841, 0x0841, 0x0841, 0x0841, 0x0841, 0x0841,
    0x0841, 0x0841, 0x0841, 0x0841, 0x0841, 0x0841, 0x0841, 0x0841, 0x0841, 0x0841, 0x0841, 0x0841,
    0x0841, 0x0841, 0x0841, 0x0841, 0x0841, 0x0841, 0x0841, 0x0841, 0x0841, 0x0841, 0x0841, 0x0841,
    0x0841, 0x0841, 0x0841, 0x0841, 0x0841, 0x0841, 0x0841, 0x0841, 0x0841, 0x0841, 0x0841, 0x0841,
    0x0841, 0x0841, 0x0841, 0x0841, 0x0841, 0x0841, 0x0841, 0x0841, 0x0841, 0x0841, 0x0841, 0x0841,
    0x0841, 0x0841, 0x0841, 0x0841, 0x0861, 0x0000, 0x8326, 0xFE6D, 0xBC28, 0xED6B, 0x3963, 0x0000,
    0x0841, 0x0841, 0x0841, 0x0841, 0x0841, 0x0841, 0x0841, 0x0841, 0x0841, 0x0841, 0x0841, 0x0841,
    0x0841, 0x0841, 0x0841, 0x0841, 0x0841, 0x0841, 0x0841, 0x0841, 0x0841, 0x0841, 0x0841, 0x0841,
    0x0841, 0x0841, 0x0841, 0x0841, 0x0841, 0x0841, 0x0841, 0x0841, 0x0841, 0x0841, 0x0841, 0x0841,
    0x0841, 0x0841, 0x0841, 0x0841, 0x0841, 0x0841, 0x0841, 0x0841, 0x0841, 0x0841, 0x0841, 0x0841,
    0x0000, 0x3123, 0xED6B, 0xB408, 0xFE6D, 0x9B87, 0x0000, 0x0861, 0x0841, 0x0841, 0x0841, 0x0841,
    0x0841, 0x0841, 0x0841, 0x0841, 0x0841, 0x0841, 0x0841, 0x0841, 0x0841, 0x0841, 0x0841, 0x0841,
    0x0841, 0x0841, 0x0841, 0x0841, 0x0841, 0x0841, 0x0841, 0x0841, 0x0841, 0x0841, 0x0841, 0x0841,
    0x0841, 0x0841, 0x0841, 0x0841, 0x0841, 0x0841, 0x0841, 0x0841, 0x0841, 0x0841, 0x0841, 0x0841,
    0x0841, 0x0841, 0x0841, 0x0841, 0x0841, 0x0841, 0x0841, 0x0841, 0x0841, 0x0841, 0x0841, 0x0841,
    0x0841, 0x0841, 0x0841, 0x0841, 0x0841, 0x0841, 0x0841, 0x0841, 0x0841, 0x0841, 0x0841, 0x0841,
    0x0841, 0x0020, 0xC489, 0xFE0C, 0xABE8, 0xDD0A, 0x0861, 0x0841, 0x0841, 0x0841, 0x0841, 0x0841,
    0x0841, 0x0841, 0x0841, 0x0841, 0x0841, 0x0841, 0x0841, 0x0841, 0x0841, 0x0841, 0x0841, 0x0841,
    0x0841, 0x0841, 0x0841, 0x0841, 0x0841, 0x0841, 0x0841, 0x0841, 0x0841, 0x0841, 0x0841, 0x0841,
    0x0841, 0x0841, 0x0841, 0x0841, 0x0841, 0x0841, 0x0841, 0x0841, 0x0841, 0x0841, 0x0841, 0x0841,
    0x0841, 0x0841, 0x0841, 0x0841, 0x0841, 0x0841, 0x0841, 0x0841, 0x0841, 0x0841, 0xDD0A, 0xABE8,
    0xFDCC, 0xD4EA, 0x0041, 0x0841, 0x0841, 0x0841, 0x0841, 0x0841, 0x0841, 0x0841, 0x0841, 0x0841,
    0x0841, 0x0841, 0x0841, 0x0841, 0x0841, 0x0841, 0x0841, 0x0841, 0x0841, 0x0841, 0x0841, 0x0841,
    0x0841, 0x0841, 0x0841, 0x0841, 0x0841, 0x0841, 0x0841, 0x0841, 0x0841, 0x0841, 0x0841, 0x0841,
    0x0841, 0x0841, 0x0841, 0x0841, 0x0841, 0x0841, 0x0841, 0x0841, 0x0841, 0x0841, 0x0841, 0x0841,
    0x0841, 0x0841, 0x0841, 0x0841, 0x0841, 0x0841, 0x0841, 0x0841, 0x0841, 0x0841, 0x0841, 0x0841,
    0x0841, 0x0841, 0x0841, 0x0841, 0x0841, 0x0841, 0x0841, 0x0841, 0x0021, 0x18A2, 0xF5AB, 0xE52A,
    0xB408, 0xBC49, 0x0000, 0x0861, 0x0841, 0x0841, 0x0841, 0x0841, 0x0841, 0x0841, 0x0841, 0x0841,
    0x0841, 0x0841, 0x0841, 0x0841, 0x0841, 0x0841, 0x0841, 0x0841, 0x0841, 0x0841, 0x0841, 0x0841,
    0x0841, 0x0841, 0x0841, 0x0841, 0x0841, 0x0841, 0x0841, 0x0841, 0x0841, 0x0841, 0x0841, 0x0841,
    0x0841, 0x0841, 0x0841, 0x0841, 0x0841, 0x0841, 0x0841, 0x0841, 0x0841, 0x0841, 0x0841, 0x0841,
    0x0841, 0x0841, 0x0841, 0x0841, 0x0861, 0x0000, 0xAC08, 0xBC49, 0xD4CA, 0xFDEC, 0x2902, 0x0020,
    0x0841, 0x0841, 0x0841, 0x0841, 0x0841, 0x0841, 0x0841, 0x0841, 0x0841, 0x0841, 0x0841, 0x0841,
    0x0841, 0x0841, 0x0841, 0x0841, 0x0841, 0x0841, 0x0841, 0x0841, 0x0841, 0x0841, 0x0841, 0x0841,
    0x0841, 0x0841, 0x0841, 0x0841, 0x0841, 0x0841, 0x0841, 0x0841, 0x0841, 0x0841, 0x0841, 0x0841,
    0x0841, 0x0841, 0x0841, 0x0841, 0x0841, 0x0841, 0x0841, 0x0841, 0x0841, 0x0841, 0x0841, 0x0841,
    0x0841, 0x0841, 0x0841, 0x0841, 0x0841, 0x0841, 0x0841, 0x0841, 0x0841, 0x0841, 0x0841, 0x0841,
    0x0841, 0x0841, 0x0841, 0x0861, 0x0000, 0x49C4, 0xFE6D, 0xB428, 0xD4CA, 0x8306, 0x0000, 0x0861,
    0x0841, 0x0841, 0x0841, 0x0841, 0x0841, 0x0841, 0x0841, 0x0841, 0x0841, 0x0841, 0x0841, 0x0841,
    0x0841, 0x0841, 0x0841, 0x0841, 0x0841, 0x0841, 0x0841, 0x0841, 0x0841, 0x0841, 0x0841, 0x0841,
    0x0841, 0x0841, 0x0841, 0x0841, 0x0841, 0x0841, 0x0841, 0x0841, 0x0841, 0x0841, 0x0841, 0x0841,
    0x0841, 0x0841, 0x0841, 0x0841, 0x0841, 0x0841, 0x0841, 0x0841, 0x0841, 0x0841, 0x0841, 0x0841,
    0x0861, 0x0000, 0x72A5, 0xDD0A, 0xABC8, 0xFE8D, 0x5A04, 0x0000, 0x0861, 0x0841, 0x0841, 0x0841,
    0x0841, 0x0841, 0x0841, 0x0841, 0x0841, 0x0841, 0x0841, 0x0841, 0x0841, 0x0841, 0x0841, 0x0841,
    0x0841, 0x0841, 0x0841, 0x0841, 0x0841, 0x0841, 0x0841, 0x0841, 0x0841, 0x0841, 0x0841, 0x0841,
    0x0841, 0x0841, 0x0841, 0x0841, 0x0841, 0x0841, 0x0841, 0x0841, 0x0841, 0x0841, 0x0841, 0x0841,
    0x0841, 0x0841, 0x0841, 0x0841, 0x0841, 0x0841, 0x0841, 0x0841, 0x0841, 0x0841, 0x0841, 0x0841,
    0x0841, 0x0841, 0x0841, 0x0841, 0x0841, 0x0841, 0x0841, 0x0841, 0x0841, 0x0841, 0x0841, 0x0861,
    0x0000, 0x7AE6, 0xFE8D, 0x8B47, 0xED4B, 0x49C4, 0x0000, 0x0861, 0x0841, 0x0841, 0x0841, 0x0841,
    0x0841, 0x0841, 0x0841, 0x0841, 0x0841, 0x0841, 0x0841, 0x0841, 0x0841, 0x0841, 0x0841, 0x0841,
    0x0841, 0x0841, 0x0841, 0x0841, 0x0841, 0x0841, 0x0841, 0x0841, 0x0841, 0x0841, 0x0841, 0x0841,
    0x0841, 0x0841, 0x0841, 0x0841, 0x0841, 0x0841, 0x0841, 0x0841, 0x0841, 0x0841, 0x0841, 0x0841,
    0x0841, 0x0841, 0x0841, 0x0841, 0x0841, 0x0841, 0x0841, 0x0841, 0x0861, 0x0000, 0x3963, 0xED6B,
    0x8306, 0xFE6D, 0x8B47, 0x0000, 0x0861, 0x0841, 0x0841, 0x0841, 0x0841, 0x0841, 0x0841, 0x0841,
    0x0841, 0x0841, 0x0841, 0x0841, 0x0841, 0x0841, 0x0841, 0x0841, 0x0841, 0x0841, 0x0841, 0x0841,
    0x0841, 0x0841, 0x0841, 0x0841, 0x0841, 0x0841, 0x0841, 0x0841, 0x0841, 0x0841, 0x0841, 0x0841,
    0x0841, 0x0841, 0x0841, 0x0841, 0x0841, 0x0841, 0x0841, 0x0841, 0x0841, 0x0841, 0x0841, 0x0841,
    0x0841, 0x0841, 0x0841, 0x0841, 0x0841, 0x0841, 0x0841, 0x0841, 0x0841, 0x0841, 0x0841, 0x0841,
    0x0841, 0x0841, 0x0841, 0x0841, 0x0841, 0x0841, 0x0841, 0x0861, 0x0000, 0xABE8, 0xFE0C, 0x7AC6,
    0xF56B, 0x20C2, 0x0021, 0x0841, 0x0841, 0x0841, 0x0841, 0x0841, 0x0841, 0x0841, 0x0841, 0x0841,
    0x0841, 0x0841, 0x0841, 0x0841, 0x0841, 0x0841, 0x0841, 0x0841, 0x0841, 0x0841, 0x0841, 0x0841,
    0x0841, 0x0841, 0x0841, 0x0841, 0x0841, 0x0841, 0x0841, 0x0841, 0x0841, 0x0841, 0x0841, 0x0841,
    0x0841, 0x0841, 0x0841, 0x0841, 0x0841, 0x0841, 0x0841, 0x0841, 0x0841, 0x0841, 0x0841, 0x0841,
    0x0841, 0x0841, 0x0841, 0x0841, 0x0841, 0x0041, 0x1061, 0xED4B, 0x72C6, 0xFDAB, 0xBC69, 0x0000,
    0x0861, 0x0841, 0x0841, 0x0841, 0x0841, 0x0841, 0x0841, 0x0841, 0x0841, 0x0841, 0x0841, 0x0841,
    0x0841, 0x0841, 0x0841, 0x0841, 0x0841, 0x0841, 0x0841, 0x0841, 0x0841, 0x0841, 0x0841, 0x0841,
    0x0841, 0x0841, 0x0841, 0x0841, 0x0841, 0x0841, 0x0841, 0x0841, 0x0841, 0x0841, 0x0841, 0x0841,
    0x0841, 0x0841, 0x0841, 0x0841, 0x0841, 0x0841, 0x0841, 0x0841, 0x0841, 0x0841, 0x0841, 0x0841,
    0x0841, 0x0841, 0x0841, 0x0841, 0x0841, 0x0841, 0x0841, 0x0841, 0x0841, 0x0841, 0x0841, 0x0841,
    0x0841, 0x0841, 0x0841, 0x0841, 0x0020, 0xD4CA, 0xDD0A, 0x7AC6, 0xDD0A, 0x0020, 0x0841, 0x0841,
    0x0841, 0x0841, 0x0841, 0x0841, 0x0841, 0x0841, 0x0841, 0x0841, 0x0841, 0x0841, 0x0841, 0x0841,
    0x0841, 0x0841, 0x0841, 0x0841, 0x0841, 0x0841, 0x0841, 0x0841, 0x0841, 0x0841, 0x0841, 0x0841,
    0x0841, 0x0841, 0x0841, 0x0841, 0x0841, 0x0841, 0x0841, 0x0841, 0x0841, 0x0841, 0x0841, 0x0841,
    0x0841, 0x0841, 0x0841, 0x0841, 0x0841, 0x0841, 0x0841, 0x0841, 0x0841, 0x0841, 0x0841, 0x0841,
    0x0841, 0x0861, 0x0000, 0xD4CA, 0x8306, 0xCC89, 0xE52A, 0x0021, 0x0841, 0x0841, 0x0841, 0x0841,
    0x0841, 0x0841, 0x0841, 0x0841, 0x0841, 0x0841, 0x0841, 0x0841, 0x0841, 0x0841, 0x0841, 0x0841,
    0x0841, 0x0841, 0x0841, 0x0841, 0x0841, 0x0841, 0x0841, 0x0841, 0x0841, 0x0841, 0x0841, 0x0841,
    0x0841, 0x0841, 0x0841, 0x0841, 0x0841, 0x0841, 0x0841, 0x0841, 0x0841, 0x0841, 0x0841, 0x0841,
    0x0841, 0x0841, 0x0841, 0x0841, 0x0841, 0x0841, 0x0841, 0x0841, 0x0841, 0x0841, 0x0841, 0x0841,
    0x0841, 0x0841, 0x0841, 0x0841, 0x0841, 0x0841, 0x0841, 0x0841, 0x0841, 0x0841, 0x0841, 0x0841,
    0x0041, 0xED6B, 0xA3C8, 0x9B87, 0xB408, 0x0000, 0x0861, 0x0841, 0x0841, 0x0841, 0x0841, 0x0841,
    0x0841, 0x0841, 0x0841, 0x0841, 0x0841, 0x0841, 0x0841, 0x0841, 0x0841, 0x0841, 0x0841, 0x0841,
    0x0841, 0x0841, 0x0841, 0x0841, 0x0841, 0x0841, 0x0841, 0x0841, 0x0841, 0x0841, 0x0841, 0x0841,
    0x0841, 0x0841, 0x0841, 0x0841, 0x0841, 0x0841, 0x0841, 0x0841, 0x0841, 0x0841, 0x0841, 0x0841,
    0x0841, 0x0841, 0x0841, 0x0841, 0x0841, 0x0841, 0x0841, 0x0841, 0x0841, 0x0861, 0x0000, 0xA3A7,
    0xABE8, 0x9367, 0xFDCB, 0x1061, 0x0041, 0x0841, 0x0841, 0x0841, 0x0841, 0x0841, 0x0841, 0x0841,
    0x0841, 0x0841, 0x0841, 0x0841, 0x0841, 0x0841, 0x0841, 0x0841, 0x0841, 0x0841, 0x0841, 0x0841,
    0x0841, 0x0841, 0x0841, 0x0841, 0x0841, 0x0841, 0x0841, 0x0841, 0x0841, 0x0841, 0x0841, 0x0841,
    0x0841, 0x0841, 0x0841, 0x0841, 0x0841, 0x0841, 0x0841, 0x0841, 0x0841, 0x0841, 0x0841, 0x0841,
    0x0841, 0x0841, 0x0841, 0x0841, 0x0841, 0x0841, 0x0841, 0x0841, 0x0841, 0x0841, 0x0841, 0x0841,
    0x0841, 0x0841, 0x0841, 0x0841, 0x0841, 0x0841, 0x0841, 0x0021, 0x1081, 0xFDCC, 0x72A6, 0xCC89,
    0x7AE6, 0x0000, 0x0861, 0x0841, 0x0841, 0x0841, 0x0841, 0x0841, 0x0841, 0x0841, 0x0841, 0x0841,
    0x0841, 0x0841, 0x0841, 0x0841, 0x0841, 0x0841, 0x0841, 0x0841, 0x0841, 0x0841, 0x0841, 0x0841,
    0x0841, 0x0841, 0x0841, 0x0841, 0x0841, 0x0841, 0x0841, 0x0841, 0x0841, 0x0841, 0x0841, 0x0841,
    0x0841, 0x0841, 0x0841, 0x0841, 0x0841, 0x0841, 0x0841, 0x0841, 0x0841, 0x0841, 0x0841, 0x0841,
    0x0841, 0x0841, 0x0841, 0x0841, 0x0841, 0x0861, 0x0000, 0x6A65, 0xD4CA, 0x6265, 0xFE0C, 0x20E2,
    0x0021, 0x0861, 0x0841, 0x0841, 0x0841, 0x0841, 0x0841, 0x0841, 0x0841, 0x0841, 0x0841, 0x0841,
    0x0841, 0x0841, 0x0841, 0x0841, 0x0841, 0x0841, 0x0841, 0x0841, 0x0841, 0x0841, 0x0841, 0x0841,
    0x0841, 0x0841, 0x0841, 0x0841, 0x0841, 0x0841, 0x0841, 0x0841, 0x0841, 0x0841, 0x0841, 0x0841,
    0x0841, 0x0841, 0x0841, 0x0841, 0x0841, 0x0841, 0x0841, 0x0841, 0x0841, 0x0841, 0x0841, 0x0841,
    0x0841, 0x0841, 0x0841, 0x0841, 0x0841, 0x0841, 0x0841, 0x0841, 0x0841, 0x0841, 0x0841, 0x0841,
    0x0841, 0x0841, 0x0861, 0x0020, 0x2922, 0xFDEC, 0x51E4, 0xED4B, 0x49C4, 0x0000, 0x0861, 0x0841,
    0x0841, 0x0841, 0x0841, 0x0841, 0x0841, 0x0841, 0x0841, 0x0841, 0x0841, 0x0841, 0x0841, 0x0841,
    0x0841, 0x0841, 0x0841, 0x0841, 0x0841, 0x0841, 0x0841, 0x0841, 0x0841, 0x0841, 0x0841, 0x0841,
    0x0841, 0x0841, 0x0841, 0x0841, 0x0841, 0x0841, 0x0841, 0x0841, 0x0841, 0x0841, 0x0841, 0x0841,
    0x0841, 0x0841, 0x0841, 0x0841, 0x0841, 0x0841, 0x0841, 0x0841, 0x0841, 0x0841, 0x0841, 0x0841,
    0x0841, 0x0861, 0x0000, 0x3963, 0xED6B, 0x49C4, 0xFDEC, 0x3963, 0x0000, 0x0861, 0x0841, 0x0841,
    0x0841, 0x0841, 0x0841, 0x0841, 0x0841, 0x0841, 0x0841, 0x0841, 0x0841, 0x0841, 0x0841, 0x0841,
    0x0841, 0x0841, 0x0841, 0x0841, 0x0841, 0x0841, 0x0841, 0x0841, 0x0841, 0x0841, 0x0841, 0x0841,
    0x0841, 0x0841, 0x0841, 0x0841, 0x0841, 0x0841, 0x0841, 0x0841, 0x0841, 0x0841, 0x0841, 0x0841,
    0x0841, 0x0841, 0x0841, 0x0841, 0x0841, 0x0841, 0x0841, 0x0841, 0x0841, 0x0841, 0x0841, 0x0841,
    0x0841, 0x0841, 0x0841, 0x0841, 0x0841, 0x0841, 0x0841, 0x0841, 0x0841, 0x0841, 0x0861, 0x0000,
    0x49C4, 0xFDAB, 0x5A04, 0xF58B, 0x20E2, 0x0020, 0x0861, 0x0841, 0x0841, 0x0841, 0x0841, 0x0841,
    0x0841, 0x0841, 0x0841, 0x0841, 0x0841, 0x0841, 0x0841, 0x0841, 0x0841, 0x0841, 0x0841, 0x0841,
    0x0841, 0x0841, 0x0841, 0x0841, 0x0841, 0x0841, 0x0841, 0x0841, 0x0841, 0x0841, 0x0841, 0x0841,
    0x0841, 0x0841, 0x0841, 0x0841, 0x0841, 0x0841, 0x0841, 0x0841, 0x0841, 0x0841, 0x0841, 0x0841,
    0x0841, 0x0841, 0x0841, 0x0841, 0x0841, 0x0841, 0x0841, 0x0841, 0x0841, 0x0841, 0x0021, 0x18A2,
    0xED6B, 0x5A24, 0xF5AB, 0x5204, 0x0000, 0x0861, 0x0841, 0x0841, 0x0841, 0x0841, 0x0841, 0x0841,
    0x0841, 0x0841, 0x0841, 0x0841, 0x0841, 0x0841, 0x0841, 0x0841, 0x0841, 0x0841, 0x0841, 0x0841,
    0x0841, 0x0841, 0x0841, 0x0841, 0x0841, 0x0841, 0x0841, 0x0841, 0x0841, 0x0841, 0x0841, 0x0841,
    0x0841, 0x0841, 0x0841, 0x0841, 0x0841, 0x0841, 0x0841, 0x0841, 0x0841, 0x0841, 0x0841, 0x0841,
    0x0841, 0x0841, 0x0841, 0x0841, 0x0841, 0x0841, 0x0841, 0x0841, 0x0841, 0x0841, 0x0841, 0x0841,
    0x0841, 0x0841, 0x0841, 0x0841, 0x0841, 0x0841, 0x0861, 0x0000, 0x5A25, 0xED6B, 0x72A5, 0xE54A,
    0x0841, 0x0841, 0x0841, 0x0841, 0x0841, 0x0841, 0x0841, 0x0841, 0x0841, 0x0841, 0x0841, 0x0841,
    0x0841, 0x0841, 0x0841, 0x0841, 0x0841, 0x0841, 0x0841, 0x0841, 0x0841, 0x0841, 0x0841, 0x0841,
    0x0841, 0x0841, 0x0841, 0x0841, 0x0841, 0x0841, 0x0841, 0x0841, 0x0841, 0x0841, 0x0841, 0x0841,
    0x0841, 0x0841, 0x0841, 0x0841, 0x0841, 0x0841, 0x0841, 0x0841, 0x0841, 0x0841, 0x0841, 0x0841,
    0x0841, 0x0841, 0x0841, 0x0841, 0x0841, 0x0841, 0x0841, 0x0020, 0xDD0A, 0x7AC6, 0xE52A, 0x72A5,
    0x0000, 0x0861, 0x0841, 0x0841, 0x0841, 0x0841, 0x0841, 0x0841, 0x0841, 0x0841, 0x0841, 0x0841,
    0x0841, 0x0841, 0x0841, 0x0841, 0x0841, 0x0841, 0x0841, 0x0841, 0x0841, 0x0841, 0x0841, 0x0841,
    0x0841, 0x0841, 0x0841, 0x0841, 0x0841, 0x0841, 0x0841, 0x0841, 0x0841, 0x0841, 0x0841, 0x0841,
    0x0841, 0x0841, 0x0841, 0x0841, 0x0841, 0x0841, 0x0841, 0x0841, 0x0841, 0x0841, 0x0841, 0x0841,
    0x0841, 0x0841, 0x0841, 0x0841, 0x0841, 0x0841, 0x0841, 0x0841, 0x0841, 0x0841, 0x0841, 0x0841,
    0x0841, 0x0841, 0x0861, 0x0000, 0x7AE6, 0xDD0A, 0x8B47, 0xCCA9, 0x0000, 0x0861, 0x0841, 0x0841,
    0x0841, 0x0841, 0x0841, 0x0841, 0x0841, 0x0841, 0x0841, 0x0841, 0x0841, 0x0841, 0x0841, 0x0841,
    0x0841, 0x0841, 0x0841, 0x0841, 0x0841, 0x0841, 0x0841, 0x0841, 0x0841, 0x0841, 0x0841, 0x0841,
    0x0841, 0x0841, 0x0841, 0x0841, 0x0841, 0x0841, 0x0841, 0x0841, 0x0841, 0x0841, 0x0841, 0x0841,
    0x0841, 0x0841, 0x0841, 0x0841, 0x0841, 0x0841, 0x0841, 0x0841, 0x0841, 0x0841, 0x0841, 0x0841,
    0x0841, 0x0841, 0x0861, 0x0000, 0xC469, 0x9367, 0xD4CA, 0x8B26, 0x0000, 0x0861, 0x0841, 0x0841,
    0x0841, 0x0841, 0x0841, 0x0841, 0x0841, 0x0841, 0x0841, 0x0841, 0x0841, 0x0841, 0x0841, 0x0841,
    0x0841, 0x0841, 0x0841, 0x0841, 0x0841, 0x0841, 0x0841, 0x0841, 0x0841, 0x0841, 0x0841, 0x0841,
    0x0841, 0x0841, 0x0841, 0x0841, 0x0841, 0x0841, 0x0841, 0x0841, 0x0841, 0x0841, 0x0841, 0x0841,
    0x0841, 0x0841, 0x0841, 0x0841, 0x0841, 0x0841, 0x0841, 0x0841, 0x0841, 0x0841, 0x0841, 0x0841,
    0x0841, 0x0841, 0x0841, 0x0841, 0x0841, 0x0841, 0x0841, 0x0841, 0x0841, 0x0841, 0x0861, 0x0000,
    0x9367, 0xCC89, 0xABE8, 0xA3C8, 0x0000, 0x0861, 0x0841, 0x0841, 0x0841, 0x0841, 0x0841, 0x0841,
    0x0841, 0x0841, 0x0841, 0x0841, 0x0841, 0x0841, 0x0841, 0x0841, 0x0841, 0x0841, 0x0841, 0x0841,
    0x0841, 0x0841, 0x0841, 0x0841, 0x0841, 0x0841, 0x0841, 0x0841, 0x0841, 0x0841, 0x0841, 0x0841,
    0x0841, 0x0841, 0x0841, 0x0841, 0x0841, 0x0841, 0x0841, 0x0841, 0x0841, 0x0841, 0x0841, 0x0841,
    0x0841, 0x0841, 0x0841, 0x0841, 0x0841, 0x0841, 0x0841, 0x0841, 0x0841, 0x0841, 0x0861, 0x0000,
    0x9BA7, 0xAC08, 0xBC69, 0xA3C8, 0x0000, 0x0861, 0x0841, 0x0841, 0x0841, 0x0841, 0x0841, 0x0841,
    0x0841, 0x0841, 0x0841, 0x0841, 0x0841, 0x0841, 0x0841, 0x0841, 0x0841, 0x0841, 0x0841, 0x0841,
    0x0841, 0x0841, 0x0841, 0x0841, 0x0841, 0x0841, 0x0841, 0x0841, 0x0841, 0x0841, 0x0841, 0x0841,
    0x0841, 0x0841, 0x0841, 0x0841, 0x0841, 0x0841, 0x0841, 0x0841, 0x0841, 0x0841, 0x0841, 0x0841,
    0x0841, 0x0841, 0x0841, 0x0841, 0x0841, 0x0841, 0x0841, 0x0841, 0x0841, 0x0841, 0x0841, 0x0841,
    0x0841, 0x0841, 0x0841, 0x0841, 0x0841, 0x0841, 0x0861, 0x0000, 0xB408, 0xBC28, 0xBC69, 0x8306,
    0x0000, 0x0861, 0x0841, 0x0841, 0x0841, 0x0841, 0x0841, 0x0841, 0x0841, 0x0841, 0x0841, 0x0841,
    0x0841, 0x0841, 0x0841, 0x0841, 0x0841, 0x0841, 0x0841, 0x0841, 0x0841, 0x0841, 0x0841, 0x0841,
    0x0841, 0x0841, 0x0841, 0x0841, 0x0841, 0x0841, 0x0841, 0x0841, 0x0841, 0x0841, 0x0841, 0x0841,
    0x0841, 0x0841, 0x0841, 0x0841, 0x0841, 0x0841, 0x0841, 0x0841, 0x0841, 0x0841, 0x0841, 0x0841,
    0x0841, 0x0841, 0x0841, 0x0841, 0x0841, 0x0841, 0x0861, 0x0000, 0x72C6, 0xC489, 0xABE8, 0xC469,
    0x0000, 0x0861, 0x0841, 0x0841, 0x0841, 0x0841, 0x0841, 0x0841, 0x0841, 0x0841, 0x0841, 0x0841,
    0x0841, 0x0841, 0x0841, 0x0841, 0x0841, 0x0841, 0x0841, 0x0841, 0x0841, 0x0841, 0x0841, 0x0841,
    0x0841, 0x0841, 0x0841, 0x0841, 0x0841, 0x0841, 0x0841, 0x0841, 0x0841, 0x0841, 0x0841, 0x0841,
    0x0841, 0x0841, 0x0841, 0x0841, 0x0841, 0x0841, 0x0841, 0x0841, 0x0841, 0x0841, 0x0841, 0x0841,
    0x0841, 0x0841, 0x0841, 0x0841, 0x0841, 0x0841, 0x0841, 0x0841, 0x0841, 0x0841, 0x0841, 0x0841,
    0x0841, 0x0841, 0x0861, 0x0000, 0xCCA9, 0xABE8, 0xD4EA, 0x5A24, 0x0000, 0x0861, 0x0841, 0x0841,
    0x0841, 0x0841, 0x0841, 0x0841, 0x0841, 0x0841, 0x0841, 0x0841, 0x0841, 0x0841, 0x0841, 0x0841,
    0x0841, 0x0841, 0x0841, 0x0841, 0x0841, 0x0841, 0x0841, 0x0841, 0x0841, 0x0841, 0x0841, 0x0841,
    0x0841, 0x0841, 0x0841, 0x0841, 0x0841, 0x0841, 0x0841, 0x0841, 0x0841, 0x0841, 0x0841, 0x0841,
    0x0841, 0x0841, 0x0841, 0x0841, 0x0841, 0x0841, 0x0841, 0x0841, 0x0841, 0x0841, 0x0841, 0x0841,
    0x0841, 0x0841, 0x0861, 0x0000, 0x51E4, 0xDCEA, 0xA3C8, 0xD4CA, 0x0000, 0x0861, 0x0841, 0x0841,
    0x0841, 0x0841, 0x0841, 0x0841, 0x0841, 0x0841, 0x0841, 0x0841, 0x0841, 0x0841, 0x0841, 0x0841,
    0x0841, 0x0841, 0x0841, 0x0841, 0x0841, 0x0841, 0x0841, 0x0841, 0x0841, 0x0841, 0x0841, 0x0841,
    0x0841, 0x0841, 0x0841, 0x0841, 0x0841, 0x0841, 0x0841, 0x0841, 0x0841, 0x0841, 0x0841, 0x0841,
    0x0841, 0x0841, 0x0841, 0x0841, 0x0841, 0x0841, 0x0841, 0x0841, 0x0841, 0x0841, 0x0841, 0x0841,
    0x0841, 0x0841, 0x0841, 0x0841, 0x0841, 0x0841, 0x0841, 0x0841, 0x0841, 0x0841, 0x0861, 0x0000,
    0xCCA9, 0xABE8, 0xE52A, 0x4183, 0x0000, 0x0841, 0x0841, 0x0841, 0x0841, 0x0841, 0x0841, 0x0841,
    0x0841, 0x0841, 0x0841, 0x0841, 0x0841, 0x0841, 0x0841, 0x0841, 0x0841, 0x0841, 0x0841, 0x0841,
    0x0841, 0x0841, 0x0841, 0x0841, 0x0841, 0x0841, 0x0841, 0x0841, 0x0841, 0x0841, 0x0841, 0x0841,
    0x0841, 0x0841, 0x0841, 0x0841, 0x0841, 0x0841, 0x0841, 0x0841, 0x0841, 0x0841, 0x0841, 0x0841,
    0x0841, 0x0841, 0x0841, 0x0841, 0x0841, 0x0841, 0x0841, 0x0841, 0x0841, 0x0841, 0x0841, 0x0020,
    0x3123, 0xDD0A, 0x9BA7, 0xDD0A, 0x0841, 0x0841, 0x0841, 0x0841, 0x0841, 0x0841, 0x0841, 0x0841,
    0x0841, 0x0841, 0x0841, 0x0841, 0x0841, 0x0841, 0x0841, 0x0841, 0x0841, 0x0841, 0x0841, 0x0841,
    0x0841, 0x0841, 0x0841, 0x0841, 0x0841, 0x0841, 0x0841, 0x0841, 0x0841, 0x0841, 0x0841, 0x0841,
    0x0841, 0x0841, 0x0841, 0x0841, 0x0841, 0x0841, 0x0841, 0x0841, 0x0841, 0x0841, 0x0841, 0x0841,
    0x0841, 0x0841, 0x0841, 0x0841, 0x0841, 0x0841, 0x0841, 0x0841, 0x0841, 0x0841, 0x0841, 0x0841,
    0x0841, 0x0841, 0x0841, 0x0841, 0x0841, 0x0841, 0x0841, 0x0841, 0xE52A, 0xAC08, 0xDD0A, 0x20C2,
    0x0021, 0x0841, 0x0841, 0x0841, 0x0841, 0x0841, 0x0841, 0x0841, 0x0841, 0x0841, 0x0841, 0x0841,
    0x0841, 0x0841, 0x0841, 0x0841, 0x0841, 0x0841, 0x0841, 0x0841, 0x0841, 0x0841, 0x0841, 0x0841,
    0x0841, 0x0841, 0x0841, 0x0841, 0x0841, 0x0841, 0x0841, 0x0841, 0x0841, 0x0841, 0x0841, 0x0841,
    0x0841, 0x0841, 0x0841, 0x0841, 0x0841, 0x0841, 0x0841, 0x0841, 0x0841, 0x0841, 0x0841, 0x0841,
    0x0841, 0x0841, 0x0841, 0x0841, 0x0841, 0x0841, 0x0841, 0x0041, 0x18A1, 0xDD0A, 0xA3C8, 0xE52A,
    0x0861, 0x0841, 0x0841, 0x0841, 0x0841, 0x0841, 0x0841, 0x0841, 0x0841, 0x0841, 0x0841, 0x0841,
    0x0841, 0x0841, 0x0841, 0x0841, 0x0841, 0x0841, 0x0841, 0x0841, 0x0841, 0x0841, 0x0841, 0x0841,
    0x0841, 0x0841, 0x0841, 0x0841, 0x0841, 0x0841, 0x0841, 0x0841, 0x0841, 0x0841, 0x0841, 0x0841,
    0x0841, 0x0841, 0x0841, 0x0841, 0x0841, 0x0841, 0x0841, 0x0841, 0x0841, 0x0841, 0x0841, 0x0841,
    0x0841, 0x0841, 0x0841, 0x0841, 0x0841, 0x0841, 0x0841, 0x0841, 0x0841, 0x0841, 0x0841, 0x0841,
    0x0841, 0x0841, 0x0841, 0x1061, 0xE52A, 0xB428, 0xDD0A, 0x1081, 0x0841, 0x0841, 0x0841, 0x0841,
    0x0841, 0x0841, 0x0841, 0x0841, 0x0841, 0x0841, 0x0841, 0x0841, 0x0841, 0x0841, 0x0841, 0x0841,
    0x0841, 0x0841, 0x0841, 0x0841, 0x0841, 0x0841, 0x0841, 0x0841, 0x0841, 0x0841, 0x0841, 0x0841,
    0x0841, 0x0841, 0x0841, 0x0841, 0x0841, 0x0841, 0x0841, 0x0841, 0x0841, 0x0841, 0x0841, 0x0841,
    0x0841, 0x0841, 0x0841, 0x0841, 0x0841, 0x0841, 0x0841, 0x0841, 0x0841, 0x0841, 0x0841, 0x0841,
    0x0841, 0x0841, 0x0841, 0x0841, 0x0841, 0xD4CA, 0xABE8, 0xED6B, 0x20C2, 0x0021, 0x0841, 0x0841,
    0x0841, 0x0841, 0x0841, 0x0841, 0x0841, 0x0841, 0x0841, 0x0841, 0x0841, 0x0841, 0x0841, 0x0841,
    0x0841, 0x0841, 0x0841, 0x0841, 0x0841, 0x0841, 0x0841, 0x0841, 0x0841, 0x0841, 0x0841, 0x0841,
    0x0841, 0x0841, 0x0841, 0x0841, 0x0841, 0x0841, 0x0841, 0x0841, 0x0841, 0x0841, 0x0841, 0x0841,
    0x0841, 0x0841, 0x0841, 0x0841, 0x0841, 0x0841, 0x0841, 0x0841, 0x0841, 0x0841, 0x0841, 0x0841,
    0x0841, 0x0841, 0x0841, 0x0841, 0x0841, 0x0841, 0x0841, 0x0841, 0x0841, 0x0841, 0x0021, 0x20E2,
    0xF58B, 0xB408, 0xCCA9, 0x0021, 0x0841, 0x0841, 0x0841, 0x0841, 0x0841, 0x0841, 0x0841, 0x0841,
    0x0841, 0x0841, 0x0841, 0x0841, 0x0841, 0x0841, 0x0841, 0x0841, 0x0841, 0x0841, 0x0841, 0x0841,
    0x0841, 0x0841, 0x0841, 0x0841, 0x0841, 0x0841, 0x0841, 0x0841, 0x0841, 0x0841, 0x0841, 0x0841,
    0x0841, 0x0841, 0x0841, 0x0841, 0x0841, 0x0841, 0x0841, 0x0841, 0x0841, 0x0841, 0x0841, 0x0841,
    0x0841, 0x0841, 0x0841, 0x0841, 0x0841, 0x0841, 0x0841, 0x0841, 0x0841, 0x0841, 0x0841, 0x0861,
    0x0000, 0xC469, 0xB428, 0xED4B, 0x20E2, 0x0021, 0x0841, 0x0841, 0x0841, 0x0841, 0x0841, 0x0841,
    0x0841, 0x0841, 0x0841, 0x0841, 0x0841, 0x0841, 0x0841, 0x0841, 0x0841, 0x0841, 0x0841, 0x0841,
    0x0841, 0x0841, 0x0841, 0x0841, 0x0841, 0x0841, 0x0841, 0x0841, 0x0841, 0x0841, 0x0841, 0x0841,
    0x0841, 0x0841, 0x0841, 0x0841, 0x0841, 0x0841, 0x0841, 0x0841, 0x0841, 0x0841, 0x0841, 0x0841,
    0x0841, 0x0841, 0x0841, 0x0841, 0x0841, 0x0841, 0x0841, 0x0841, 0x0841, 0x0841, 0x0841, 0x0841,
    0x0841, 0x0841, 0x0841, 0x0841, 0x0841, 0x0841, 0x0021, 0x20C2, 0xED4B, 0xCCA9, 0xBC49, 0x0000,
    0x0861, 0x0841, 0x0841, 0x0841, 0x0841, 0x0841, 0x0841, 0x0841, 0x0841, 0x0841, 0x0841, 0x0841,
    0x0841, 0x0841, 0x0841, 0x0841, 0x0841, 0x0841, 0x0841, 0x0841, 0x0841, 0x0841, 0x0841, 0x0841,
    0x0841, 0x0841, 0x0841, 0x0841, 0x0841, 0x0841, 0x0841, 0x0841, 0x0841, 0x0841, 0x0841, 0x0841,
    0x0841, 0x0841, 0x0841, 0x0841, 0x0841, 0x0841, 0x0841, 0x0841, 0x0841, 0x0841, 0x0841, 0x0841,
    0x0841, 0x0841, 0x0841, 0x0841, 0x0841, 0x0841, 0x0841, 0x0861, 0x0000, 0xB408, 0xBC69, 0xED6B,
    0x3963, 0x0000, 0x0861, 0x0841, 0x0841, 0x0841, 0x0841, 0x0841, 0x0841, 0x0841, 0x0841, 0x0841,
    0x0841, 0x0841, 0x0841, 0x0841, 0x0841, 0x0841, 0x0841, 0x0841, 0x0841, 0x0841, 0x0841, 0x0841,
    0x0841, 0x0841, 0x0841, 0x0841, 0x0841, 0x0841, 0x0841, 0x0841, 0x0841, 0x0841, 0x0841, 0x0841,
    0x0841, 0x0841, 0x0841, 0x0841, 0x0841, 0x0841, 0x0841, 0x0841, 0x0841, 0x0841, 0x0841, 0x0841,
    0x0841, 0x0841, 0x0841, 0x0841, 0x0841, 0x0841, 0x0841, 0x0841, 0x0841, 0x0841, 0x0841, 0x0841,
    0x0841, 0x0841, 0x0020, 0x3143, 0xED4B, 0xCCA9, 0xABE8, 0x0000, 0x0861, 0x0841, 0x0841, 0x0841,
    0x0841, 0x0841, 0x0841, 0x0841, 0x0841, 0x0841, 0x0841, 0x0841, 0x0841, 0x0841, 0x0841, 0x0841,
    0x0841, 0x0841, 0x0841, 0x0841, 0x0841, 0x0841, 0x0841, 0x0841, 0x0841, 0x0841, 0x0841, 0x0841,
    0x0841, 0x0841, 0x0841, 0x0841, 0x0841, 0x0841, 0x0841, 0x0841, 0x0841, 0x0841, 0x0841, 0x0841,
    0x0841, 0x0841, 0x0841, 0x0841, 0x0841, 0x0841, 0x0841, 0x0841, 0x0841, 0x0841, 0x0841, 0x0841,
    0x0841, 0x0841, 0x0841, 0x0861, 0x0000, 0x9B87, 0xD4EA, 0xF58B, 0x4183, 0x0000, 0x0861, 0x0841,
    0x0841, 0x0841, 0x0841, 0x0841, 0x0841, 0x0841, 0x0841, 0x0841, 0x0841, 0x0841, 0x0841, 0x0841,
    0x0841, 0x0841, 0x0841, 0x0841, 0x0841, 0x0841, 0x0841, 0x0841, 0x0841, 0x0841, 0x0841, 0x0841,
    0x0841, 0x0841, 0x0841, 0x0841, 0x0841, 0x0841, 0x0841, 0x0841, 0x0841, 0x0841, 0x0841, 0x0841,
    0x0841, 0x0841, 0x0841, 0x0841, 0x0841, 0x0841, 0x0841, 0x0841, 0x0841, 0x0841, 0x0841, 0x0841,
    0x0841, 0x0841, 0x0841, 0x0841, 0x0841, 0x0841, 0x0841, 0x0841, 0x0841, 0x0861, 0x0000, 0x4183,
    0xF58B, 0xD4CA, 0x9367, 0x0000, 0x0861, 0x0841, 0x0841, 0x0841, 0x0841, 0x0841, 0x0841, 0x0841,
    0x0841, 0x0841, 0x0841, 0x0841, 0x0841, 0x0841, 0x0841, 0x0841, 0x0841, 0x0841, 0x0841, 0x0841,
    0x0841, 0x0861, 0x0861, 0x0861, 0x0861, 0x0861, 0x0861, 0x0861, 0x0861, 0x0861, 0x0861, 0x0861,
    0x0861, 0x0861, 0x0861, 0x0841, 0x0841, 0x0841, 0x0841, 0x0841, 0x0841, 0x0841, 0x0841, 0x0841,
    0x0841, 0x0841, 0x0841, 0x0841, 0x0841, 0x0841, 0x0841, 0x0841, 0x0841, 0x0841, 0x0841, 0x0861,
    0x0000, 0x8B26, 0xDCEA, 0xE52A, 0x41A3, 0x0000, 0x0861, 0x0841, 0x0841, 0x0841, 0x0841, 0x0841,
    0x0841, 0x0841, 0x0841, 0x0841, 0x0841, 0x0841, 0x0841, 0x0841, 0x0841, 0x0841, 0x0841, 0x0841,
    0x0841, 0x0841, 0x0841, 0x0841, 0x0841, 0x0841, 0x0841, 0x0841, 0x0841, 0x0841, 0x0841, 0x0841,
    0x0841, 0x0841, 0x0841, 0x0841, 0x0841, 0x0841, 0x0841, 0x0841, 0x0841, 0x0841, 0x0841, 0x0841,
    0x0841, 0x0841, 0x0841, 0x0841, 0x0841, 0x0841, 0x0841, 0x0841, 0x0841, 0x0841, 0x0841, 0x0841,
    0x0841, 0x0841, 0x0841, 0x0841, 0x0841, 0x0861, 0x0000, 0x4183, 0xF5AB, 0xED6B, 0x8306, 0x0000,
    0x0861, 0x0861, 0x0841, 0x0841, 0x0841, 0x0841, 0x0841, 0x0841, 0x0841, 0x0841, 0x0841, 0x0841,
    0x0841, 0x0841, 0x0841, 0x0841, 0x0861, 0x0861, 0x0861, 0x0841, 0x0021, 0x0000, 0x0000, 0x0000,
    0x0000, 0x0000, 0x0000, 0x0000, 0x0000, 0x0000, 0x0000, 0x0000, 0x0000, 0x0000, 0x0000, 0x0020,
    0x0021, 0x0841, 0x0861, 0x0861, 0x0861, 0x0841, 0x0841, 0x0841, 0x0841, 0x0841, 0x0841, 0x0841,
    0x0841, 0x0841, 0x0841, 0x0841, 0x0841, 0x0841, 0x0861, 0x0861, 0x0000, 0x72A5, 0xD4EA, 0xE52A,
    0x41A3, 0x0000, 0x0861, 0x0841, 0x0841, 0x0841, 0x0841, 0x0841, 0x0841, 0x0841, 0x0841, 0x0841,
    0x0841, 0x0841, 0x0841, 0x0841, 0x0841, 0x0841, 0x0841, 0x0841, 0x0841, 0x0841, 0x0841, 0x0841,
    0x0841, 0x0841, 0x0841, 0x0841, 0x0841, 0x0841, 0x0841, 0x0841, 0x0841, 0x0841, 0x0841, 0x0841,
    0x0841, 0x0841, 0x0841, 0x0841, 0x0841, 0x0841, 0x0841, 0x0841, 0x0841, 0x0841, 0x0841, 0x0841,
    0x0841, 0x0841, 0x0841, 0x0841, 0x0841, 0x0841, 0x0841, 0x0841, 0x0841, 0x0841, 0x0841, 0x0841,
    0x0841, 0x0861, 0x0000, 0x4183, 0xFDAB, 0xED6B, 0x6265, 0x0000, 0x0861, 0x0000, 0x0841, 0x0841,
    0x0841, 0x0841, 0x0841, 0x0841, 0x0841, 0x0841, 0x0841, 0x0841, 0x0861, 0x0861, 0x0841, 0x0000,
    0x0000, 0x0000, 0x0000, 0x0861, 0x20E2, 0x4183, 0x6245, 0x7AC6, 0x9347, 0x9B87, 0xB428, 0xB428,
    0xB428, 0xB449, 0xABE8, 0x9347, 0x8B27, 0x6A85, 0x51E4, 0x2922, 0x1081, 0x0000, 0x0000, 0x0000,
    0x0000, 0x0841, 0x0861, 0x0861, 0x0841, 0x0841, 0x0841, 0x0841, 0x0841, 0x0841, 0x0841, 0x0841,
    0x0841, 0x0841, 0x0000, 0x0861, 0x0000, 0x5A24, 0xFDEC, 0xFDAB, 0x4183, 0x0000, 0x0861, 0x0841,
    0x0841, 0x0841, 0x0841, 0x0841, 0x0841, 0x0841, 0x0841, 0x0841, 0x0841, 0x0841, 0x0841, 0x0841,
    0x0841, 0x0841, 0x0841, 0x0841, 0x0841, 0x0841, 0x0841, 0x0841, 0x0841, 0x0841, 0x0841, 0x0841,
    0x0841, 0x0841, 0x0841, 0x0841, 0x0841, 0x0841, 0x0841, 0x0841, 0x0841, 0x0841, 0x0841, 0x0841,
    0x0841, 0x0841, 0x0841, 0x0841, 0x0841, 0x0841, 0x0841, 0x0841, 0x0841, 0x0841, 0x0841, 0x0841,
    0x0841, 0x0841, 0x0841, 0x0841, 0x0841, 0x0841, 0x0841, 0x0841, 0x0841, 0x0861, 0x0000, 0x4183,
    0xFDEC, 0xFE0C, 0x5A04, 0x0000, 0x0861, 0x3963, 0x0861, 0x0841, 0x0841, 0x0841, 0x0841, 0x0841,
    0x0841, 0x0861, 0x0861, 0x0841, 0x0000, 0x0000, 0x0041, 0x3123, 0x6A85, 0xA3C8, 0xCCCA, 0xED6B,
    0xED8B, 0xED6B, 0xDD0A, 0xC489, 0xB428, 0xA3A7, 0xA3C8, 0x8B47, 0x7AE6, 0x9B87, 0xA3C8, 0xA3C8,
    0xC469, 0xD4EA, 0xE54B, 0xF58B, 0xED8B, 0xDD0A, 0xAC08, 0x72C6, 0x3963, 0x0841, 0x0000, 0x0000,
    0x0041, 0x0861, 0x0861, 0x0841, 0x0841, 0x0841, 0x0841, 0x0841, 0x0841, 0x1081, 0x5A24, 0x1061,
    0x0000, 0x4183, 0xFE0C, 0xFDEC, 0x3963, 0x0000, 0x0861, 0x0841, 0x0841, 0x0841, 0x0841, 0x0841,
    0x0841, 0x0841, 0x0841, 0x0841, 0x0841, 0x0841, 0x0841, 0x0841, 0x0841, 0x0841, 0x0841, 0x0841,
    0x0841, 0x0841, 0x0841, 0x0841, 0x0841, 0x0841, 0x0841, 0x0841, 0x0841, 0x0841, 0x0841, 0x0841,
    0x0841, 0x0841, 0x0841, 0x0841, 0x0841, 0x0841, 0x0841, 0x0841, 0x0841, 0x0841, 0x0841, 0x0841,
    0x0841, 0x0841, 0x0841, 0x0841, 0x0841, 0x0841, 0x0841, 0x0841, 0x0841, 0x0841, 0x0841, 0x0841,
    0x0841, 0x0841, 0x0841, 0x0841, 0x0841, 0x0861, 0x0000, 0x3143, 0xFDCC, 0xFDEC, 0x3983, 0x0000,
    0x2902, 0xFDEC, 0x3983, 0x0000, 0x0861, 0x0841, 0x0841, 0x0861, 0x0861, 0x0000, 0x0000, 0x0841,
    0x49C4, 0xA3E8, 0xE54B, 0xFDCB, 0xE54B, 0xB449, 0x72A5, 0x5204, 0x2902, 0x1081, 0x0020, 0x0000,
    0x0000, 0x0000, 0x0000, 0x0000, 0x0000, 0x0000, 0x0000, 0x0000, 0x0000, 0x0000, 0x0841, 0x20E2,
    0x49C4, 0x7AE6, 0xB428, 0xDD2A, 0xF5AB, 0xED8B, 0xB428, 0x5204, 0x1061, 0x0000, 0x0000, 0x0841,
    0x0861, 0x0841, 0x0841, 0x0841, 0x0020, 0x2902, 0xFDEC, 0x3123, 0x0000, 0x3983, 0xFDEC, 0xFDEC,
    0x3963, 0x0000, 0x0861, 0x0841, 0x0841, 0x0841, 0x0841, 0x0841, 0x0841, 0x0841, 0x0841, 0x0841,
    0x0841, 0x0841, 0x0841, 0x0841, 0x0841, 0x0841, 0x0841, 0x0841, 0x0841, 0x0841, 0x0841, 0x0841,
    0x0841, 0x0841, 0x0841, 0x0841, 0x0841, 0x0841, 0x0841, 0x0841, 0x0841, 0x0841, 0x0841, 0x0841,
    0x0841, 0x0841, 0x0841, 0x0841, 0x0841, 0x0841, 0x0841, 0x0841, 0x0841, 0x0841, 0x0841, 0x0841,
    0x0841, 0x0841, 0x0841, 0x0841, 0x0841, 0x0841, 0x0841, 0x0841, 0x0841, 0x0841, 0x0841, 0x0841,
    0x0841, 0x0841, 0x0021, 0x20C2, 0xF58B, 0xFE0C, 0x4183, 0x0000, 0x6245, 0xF58B, 0x1081, 0x0021,
    0x0841, 0x0841, 0x0861, 0x0000, 0x0000, 0x3963, 0x9BA7, 0xED8B, 0xF5CB, 0xC4A9, 0x72A6, 0x2922,
    0x0021, 0x0000, 0x0000, 0x0000, 0x0020, 0x0041, 0x0841, 0x0861, 0x0861, 0x0861, 0x0861, 0x0861,
    0x0861, 0x0861, 0x0861, 0x0861, 0x0861, 0x0841, 0x0841, 0x0021, 0x0000, 0x0000, 0x0000, 0x0020,
    0x20E2, 0x6A85, 0xBC69, 0xF5CB, 0xF5AB, 0xA3C8, 0x41A3, 0x0000, 0x0000, 0x0861, 0x0841, 0x0841,
    0x0021, 0x0841, 0xED4B, 0x6A85, 0x0000, 0x2902, 0xF58B, 0xFE0C, 0x3963, 0x0000, 0x0861, 0x0841,
    0x0841, 0x0841, 0x0841, 0x0841, 0x0841, 0x0841, 0x0841, 0x0841, 0x0841, 0x0841, 0x0841, 0x0841,
    0x0841, 0x0841, 0x0841, 0x0841, 0x0841, 0x0841, 0x0841, 0x0841, 0x0841, 0x0841, 0x0841, 0x0841,
    0x0841, 0x0841, 0x0841, 0x0841, 0x0841, 0x0841, 0x0841, 0x0841, 0x0841, 0x0841, 0x0841, 0x0841,
    0x0841, 0x0841, 0x0841, 0x0841, 0x0841, 0x0841, 0x0841, 0x0841, 0x0841, 0x0841, 0x0841, 0x0841,
    0x0841, 0x0841, 0x0841, 0x0841, 0x0841, 0x0841, 0x0841, 0x0841, 0x0841, 0x0841, 0x0021, 0x20C2,
    0xF58B, 0xFDEC, 0x3143, 0x0000, 0x9BA7, 0xC469, 0x0000, 0x1081, 0x0841, 0x0021, 0x0000, 0x41A3,
    0xC4A9, 0xFE0C, 0xD4EA, 0x72C6, 0x18C2, 0x0000, 0x0000, 0x0020, 0x0841, 0x0861, 0x0861, 0x0861,
    0x0841, 0x0841, 0x0841, 0x0841, 0x0841, 0x0841, 0x0841, 0x0841, 0x0841, 0x0841, 0x0841, 0x0841,
    0x0841, 0x0841, 0x0841, 0x0841, 0x0861, 0x0861, 0x0861, 0x0841, 0x0021, 0x0000, 0x0000, 0x18A1,
    0x6265, 0xCCCA, 0xFE0C, 0xD50A, 0x49C4, 0x0000, 0x0021, 0x0841, 0x18A1, 0x0000, 0xB408, 0xB408,
    0x0000, 0x20E2, 0xF5AB, 0xFDAB, 0x20E2, 0x0021, 0x0841, 0x0841, 0x0841, 0x0841, 0x0841, 0x0841,
    0x0841, 0x0841, 0x0841, 0x0841, 0x0841, 0x0841, 0x0841, 0x0841, 0x0841, 0x0841, 0x0841, 0x0841,
    0x0841, 0x0841, 0x0841, 0x0841, 0x0841, 0x0841, 0x0841, 0x0841, 0x0841, 0x0841, 0x0841, 0x0841,
    0x0841, 0x0841, 0x0841, 0x0841, 0x0841, 0x0841, 0x0841, 0x0841, 0x0841, 0x0841, 0x0841, 0x0841,
    0x0841, 0x0841, 0x0841, 0x0841, 0x0841, 0x0841, 0x0841, 0x0841, 0x0841, 0x0841, 0x0841, 0x0841,
    0x0841, 0x0841, 0x0841, 0x0841, 0x0841, 0x0841, 0x0021, 0x20C2, 0xFDAB, 0xF5AB, 0x20C2, 0x0000,
    0xD4CA, 0x72C6, 0x7285, 0xDD0A, 0x0000, 0x1081, 0xAC08, 0xFE4C, 0xBC69, 0x3963, 0x0000, 0x0000,
    0x0021, 0x0861, 0x0861, 0x0841, 0x0841, 0x0841, 0x0841, 0x0841, 0x0841, 0x0841, 0x0841, 0x0841,
    0x0841, 0x0841, 0x0841, 0x0841, 0x0841, 0x0841, 0x0841, 0x0841, 0x0841, 0x0841, 0x0841, 0x0841,
    0x0841, 0x0841, 0x0841, 0x0841, 0x0841, 0x0861, 0x0861, 0x0021, 0x0000, 0x0000, 0x3123, 0xABE8,
    0xFE2C, 0xB449, 0x18A1, 0x0000, 0xE52A, 0x82E6, 0x5A25, 0xE52A, 0x0000, 0x20E2, 0xFDAB, 0xF5AB,
    0x20C2, 0x0021, 0x0841, 0x0841, 0x0841, 0x0841, 0x0841, 0x0841, 0x0841, 0x0841, 0x0841, 0x0841,
    0x0841, 0x0841, 0x0841, 0x0841, 0x0841, 0x0841, 0x0841, 0x0841, 0x0841, 0x0841, 0x0841, 0x0841,
    0x0841, 0x0841, 0x0841, 0x0841, 0x0841, 0x0841, 0x0841, 0x0841, 0x0841, 0x0841, 0x0841, 0x0841,
    0x0841, 0x0841, 0x0841, 0x0841, 0x0841, 0x0841, 0x0841, 0x0841, 0x0841, 0x0841, 0x0841, 0x0841,
    0x0841, 0x0841, 0x0841, 0x0841, 0x0841, 0x0841, 0x0841, 0x0841, 0x0841, 0x0841, 0x0841, 0x0841,
    0x0841, 0x0841, 0x0021, 0x20C2, 0xF5AB, 0xF5AB, 0x20E2, 0x0841, 0xED6B, 0x5204, 0xE52A, 0xB428,
    0x1081, 0xE58B, 0xEDAB, 0x41A3, 0x0000, 0x0000, 0x0841, 0x0861, 0x0841, 0x0841, 0x0841, 0x0841,
    0x0841, 0x0841, 0x0841, 0x0841, 0x0841, 0x0841, 0x0841, 0x0841, 0x0841, 0x0841, 0x0841, 0x0841,
    0x0841, 0x0841, 0x0841, 0x0841, 0x0841, 0x0841, 0x0841, 0x0841, 0x0841, 0x0841, 0x0841, 0x0841,
    0x0841, 0x0841, 0x0841, 0x0841, 0x0861, 0x0861, 0x0000, 0x0000, 0x3963, 0xE56B, 0xEDCC, 0x2902,
    0x9B87, 0xF58B, 0x49C4, 0xF56B, 0x10A1, 0x1061, 0xE54B, 0xFDAB, 0x20C2, 0x0021, 0x0841, 0x0841,
    0x0841, 0x0841, 0x0841, 0x0841, 0x0841, 0x0841, 0x0841, 0x0841, 0x0841, 0x0841, 0x0841, 0x0841,
    0x0841, 0x0841, 0x0841, 0x0841, 0x0841, 0x0841, 0x0841, 0x0841, 0x0841, 0x0841, 0x0841, 0x0841,
    0x0841, 0x0841, 0x0841, 0x0841, 0x0841, 0x0841, 0x0841, 0x0841, 0x0841, 0x0841, 0x0841, 0x0841,
    0x0841, 0x0841, 0x0841, 0x0841, 0x0841, 0x0841, 0x0841, 0x0841, 0x0841, 0x0841, 0x0841, 0x0841,
    0x0841, 0x0841, 0x0841, 0x0841, 0x0841, 0x0841, 0x0841, 0x0841, 0x0841, 0x0841, 0x0021, 0x20C2,
    0xFDCB, 0xFDAB, 0x0000, 0x20E2, 0xF58B, 0x6A65, 0xFE0C, 0x41A3, 0xD50A, 0xCCEA, 0x1061, 0x0000,
    0x0861, 0x0861, 0x0841, 0x0841, 0x0841, 0x0841, 0x0841, 0x0841, 0x0841, 0x0841, 0x0841, 0x0841,
    0x0841, 0x0841, 0x0841, 0x0841, 0x0841, 0x0841, 0x0841, 0x0841, 0x0841, 0x0841, 0x0841, 0x0841,
    0x0841, 0x0841, 0x0841, 0x0841, 0x0841, 0x0841, 0x0841, 0x0841, 0x0841, 0x0841, 0x0841, 0x0841,
    0x0841, 0x0841, 0x0861, 0x0861, 0x0000, 0x0841, 0xCCCA, 0xED8B, 0x3963, 0xFDEC, 0x6A85, 0xED4B,
    0x3943, 0x0000, 0xF56B, 0xFDEC, 0x20C2, 0x0021, 0x0841, 0x0841, 0x0841, 0x0841, 0x0841, 0x0841,
    0x0841, 0x0841, 0x0841, 0x0841, 0x0841, 0x0841, 0x0841, 0x0841, 0x0841, 0x0841, 0x0841, 0x0841,
    0x0841, 0x0841, 0x0841, 0x0841, 0x0841, 0x0841, 0x0841, 0x0841, 0x0841, 0x0841, 0x0841, 0x0841,
    0x0841, 0x0841, 0x0841, 0x0841, 0x0841, 0x0841, 0x0841, 0x0841, 0x0841, 0x0841, 0x0841, 0x0841,
    0x0841, 0x0841, 0x0841, 0x0841, 0x0841, 0x0841, 0x0841, 0x0841, 0x0841, 0x0841, 0x0841, 0x0841,
    0x0841, 0x0841, 0x0841, 0x0841, 0x0841, 0x0841, 0x0021, 0x20E2, 0xF58B, 0x8306, 0x9367, 0xC4CA,
    0xCCA9, 0x8B26, 0xDD0A, 0x9347, 0xF5AB, 0x1061, 0x0020, 0x0861, 0x0841, 0x0841, 0x0841, 0x0841,
    0x0841, 0x0841, 0x0841, 0x0841, 0x0841, 0x0841, 0x0841, 0x0841, 0x0841, 0x0841, 0x0841, 0x0841,
    0x0841, 0x0841, 0x0841, 0x0841, 0x0841, 0x0841, 0x0841, 0x0841, 0x0841, 0x0841, 0x0841, 0x0841,
    0x0841, 0x0841, 0x0841, 0x0841, 0x0841, 0x0841, 0x0841, 0x0841, 0x0841, 0x0841, 0x0841, 0x0841,
    0x0861, 0x0021, 0x0841, 0xE56B, 0x9BA7, 0xCCA9, 0x9347, 0xBC49, 0xCCCA, 0xB428, 0xBC69, 0xD4CA,
    0x18C2, 0x0021, 0x0841, 0x0841, 0x0841, 0x0841, 0x0841, 0x0841, 0x0841, 0x0841, 0x0841, 0x0841,
    0x0841, 0x0841, 0x0841, 0x0841, 0x0841, 0x0841, 0x0841, 0x0841, 0x0841, 0x0841, 0x0841, 0x0841,
    0x0841, 0x0841, 0x0841, 0x0841, 0x0841, 0x0841, 0x0841, 0x0841, 0x0841, 0x0841, 0x0841, 0x0841,
    0x0841, 0x0841, 0x0841, 0x0841, 0x0841, 0x0841, 0x0841, 0x0841, 0x0841, 0x0841, 0x0841, 0x0841,
    0x0841, 0x0841, 0x0841, 0x0841, 0x0841, 0x0841, 0x0841, 0x0841, 0x0841, 0x0841, 0x0841, 0x0841,
    0x0841, 0x0841, 0x0841, 0x1061, 0x3143, 0x0000, 0x6A85, 0xFE0C, 0xED6B, 0xDD0A, 0xBC28, 0xDD0A,
    0x7AC6, 0x0000, 0x1061, 0x0841, 0x0841, 0x0841, 0x0841, 0x0841, 0x0841, 0x0841, 0x0841, 0x0841,
    0x0841, 0x0841, 0x0841, 0x0841, 0x0841, 0x0841, 0x0841, 0x0841, 0x0841, 0x0841, 0x0841, 0x0841,
    0x0841, 0x0841, 0x0841, 0x0841, 0x0841, 0x0841, 0x0841, 0x0841, 0x0841, 0x0841, 0x0841, 0x0841,
    0x0841, 0x0841, 0x0841, 0x0841, 0x0841, 0x0841, 0x0841, 0x0841, 0x0841, 0x0861, 0x0000, 0x5A24,
    0xED4B, 0xBC49, 0xE56B, 0xE52A, 0xF5EC, 0x72A6, 0x0000, 0x0861, 0x0841, 0x0841, 0x0841, 0x0841,
    0x0841, 0x0841, 0x0841, 0x0841, 0x0841, 0x0841, 0x0841, 0x0841, 0x0841, 0x0841, 0x0841, 0x0841,
    0x0841, 0x0841, 0x0841, 0x0841, 0x0841, 0x0841, 0x0841, 0x0841, 0x0841, 0x0841, 0x0841, 0x0841,
    0x0841, 0x0841, 0x0841, 0x0841, 0x0841, 0x0841, 0x0841, 0x0841, 0x0841, 0x0841, 0x0841, 0x0841,
    0x0841, 0x0841, 0x0841, 0x0841, 0x0841, 0x0841, 0x0841, 0x0841, 0x0841, 0x0841, 0x0841, 0x0841,
    0x0841, 0x0841, 0x0841, 0x0841, 0x0841, 0x0841, 0x0841, 0x0841, 0x0841, 0x0841, 0x0841, 0x0841,
    0x0020, 0x1061, 0x0000, 0x8B06, 0xFDEC, 0xF5AB, 0xD4EA, 0xED6B, 0x3963, 0x0000, 0x0861, 0x0841,
    0x0841, 0x0841, 0x0841, 0x0841, 0x0841, 0x0841, 0x0841, 0x0841, 0x0841, 0x0841, 0x0841, 0x0841,
    0x0841, 0x0841, 0x0841, 0x0841, 0x0841, 0x0841, 0x0841, 0x0841, 0x0841, 0x0841, 0x0841, 0x0841,
    0x0841, 0x0841, 0x0841, 0x0841, 0x0841, 0x0841, 0x0841, 0x0841, 0x0841, 0x0841, 0x0841, 0x0841,
    0x0841, 0x0841, 0x0841, 0x0841, 0x0841, 0x0841, 0x0021, 0x20E2, 0xDCEA, 0xD4CA, 0xED6B, 0xF5CC,
    0x9B87, 0x0000, 0x1061, 0x0841, 0x0841, 0x0841, 0x0841, 0x0841, 0x0841, 0x0841, 0x0841, 0x0841,
    0x0841, 0x0841, 0x0841, 0x0841, 0x0841, 0x0841, 0x0841, 0x0841, 0x0841, 0x0841, 0x0841, 0x0841,
    0x0841, 0x0841, 0x0841, 0x0841, 0x0841, 0x0841, 0x0841, 0x0841, 0x0841, 0x0841, 0x0841, 0x0841,
    0x0841, 0x0841, 0x0841, 0x0841, 0x0841, 0x0841, 0x0841, 0x0841, 0x0841, 0x0841, 0x0841, 0x0841,
    0x0841, 0x0841, 0x0841, 0x0841, 0x0841, 0x0841, 0x0841, 0x0841, 0x0841, 0x0841, 0x0841, 0x0841,
    0x0841, 0x0841, 0x0841, 0x0841, 0x0841, 0x0841, 0x0841, 0x0841, 0x0841, 0x0861, 0x0000, 0x6A85,
    0xE52A, 0x7AC6, 0xF5AB, 0xF56B, 0x5204, 0x0000, 0x0861, 0x0841, 0x0841, 0x0841, 0x0841, 0x0841,
    0x0841, 0x0841, 0x0841, 0x0841, 0x0841, 0x0841, 0x0841, 0x0841, 0x0841, 0x0841, 0x0841, 0x0841,
    0x0841, 0x0841, 0x0841, 0x0841, 0x0841, 0x0841, 0x0841, 0x0841, 0x0841, 0x0841, 0x0841, 0x0841,
    0x0841, 0x0841, 0x0841, 0x0841, 0x0841, 0x0841, 0x0841, 0x0841, 0x0841, 0x0841, 0x0841, 0x0841,
    0x0841, 0x0861, 0x0000, 0x4183, 0xED8B, 0xFDAB, 0x8326, 0xD4EA, 0x8306, 0x0000, 0x0861, 0x0841,
    0x0841, 0x0841, 0x0841, 0x0841, 0x0841, 0x0841, 0x0841, 0x0841, 0x0841, 0x0841, 0x0841, 0x0841,
    0x0841, 0x0841, 0x0841, 0x0841, 0x0841, 0x0841, 0x0841, 0x0841, 0x0841, 0x0841, 0x0841, 0x0841,
    0x0841, 0x0841, 0x0841, 0x0841, 0x0841, 0x0841, 0x0841, 0x0841, 0x0841, 0x0841, 0x0841, 0x0841,
    0x0841, 0x0841, 0x0841, 0x0841, 0x0841, 0x0841, 0x0841, 0x0841, 0x0841, 0x0841, 0x0841, 0x0841,
    0x0841, 0x0841, 0x0841, 0x0841, 0x0841, 0x0841, 0x0841, 0x0841, 0x0841, 0x0841, 0x0841, 0x0841,
    0x0841, 0x0841, 0x0841, 0x0841, 0x0841, 0x0861, 0x0000, 0x3963, 0xFDCC, 0x7AE6, 0xED6B, 0xF5AB,
    0x9367, 0x0000, 0x0861, 0x0841, 0x0841, 0x0841, 0x0841, 0x0841, 0x0841, 0x0841, 0x0841, 0x0841,
    0x0841, 0x0841, 0x0841, 0x0841, 0x0841, 0x0841, 0x0841, 0x0841, 0x0841, 0x0841, 0x0841, 0x0841,
    0x0841, 0x0841, 0x0841, 0x0841, 0x0841, 0x0841, 0x0841, 0x0841, 0x0841, 0x0841, 0x0841, 0x0841,
    0x0841, 0x0841, 0x0841, 0x0841, 0x0841, 0x0841, 0x0841, 0x0841, 0x0841, 0x0861, 0x0000, 0x8306,
    0xFDCC, 0xF58B, 0x82E6, 0xFDCB, 0x49C4, 0x0000, 0x0861, 0x0841, 0x0841, 0x0841, 0x0841, 0x0841,
    0x0841, 0x0841, 0x0841, 0x0841, 0x0841, 0x0841, 0x0841, 0x0841, 0x0841, 0x0841, 0x0841, 0x0841,
    0x0841, 0x0841, 0x0841, 0x0841, 0x0841, 0x0841, 0x0841, 0x0841, 0x0841, 0x0841, 0x0841, 0x0841,
    0x0841, 0x0841, 0x0841, 0x0841, 0x0841, 0x0841, 0x0841, 0x0841, 0x0841, 0x0841, 0x0841, 0x0841,
    0x0841, 0x0841, 0x0841, 0x0841, 0x0841, 0x0841, 0x0841, 0x0841, 0x0841, 0x0841, 0x0841, 0x0841,
    0x0841, 0x0841, 0x0841, 0x0841, 0x0841, 0x0841, 0x0841, 0x0841, 0x0841, 0x0841, 0x0841, 0x0841,
    0x0841, 0x0841, 0x0041, 0x0000, 0xE52A, 0xA3A7, 0xCCA9, 0xF5CC, 0xD4CA, 0x0841, 0x0841, 0x0841,
    0x0841, 0x0841, 0x0841, 0x0841, 0x0841, 0x0841, 0x0841, 0x0841, 0x0841, 0x0841, 0x0841, 0x0841,
    0x0841, 0x0841, 0x0841, 0x0841, 0x0841, 0x0841, 0x0841, 0x0841, 0x0841, 0x0841, 0x0841, 0x0841,
    0x0841, 0x0841, 0x0841, 0x0841, 0x0841, 0x0841, 0x0841, 0x0841, 0x0841, 0x0841, 0x0841, 0x0841,
    0x0841, 0x0841, 0x0841, 0x0841, 0x0841, 0x0841, 0x0021, 0xCCA9, 0xF5AB, 0xDD0A, 0x9367, 0xED4B,
    0x0000, 0x0020, 0x0841, 0x0841, 0x0841, 0x0841, 0x0841, 0x0841, 0x0841, 0x0841, 0x0841, 0x0841,
    0x0841, 0x0841, 0x0841, 0x0841, 0x0841, 0x0841, 0x0841, 0x0841, 0x0841, 0x0841, 0x0841, 0x0841,
    0x0841, 0x0841, 0x0841, 0x0841, 0x0841, 0x0841, 0x0841, 0x0841, 0x0841, 0x0841, 0x0841, 0x0841,
    0x0841, 0x0841, 0x0841, 0x0841, 0x0841, 0x0841, 0x0841, 0x0841, 0x0841, 0x0841, 0x0841, 0x0841,
    0x0841, 0x0841, 0x0841, 0x0841, 0x0841, 0x0841, 0x0841, 0x0841, 0x0841, 0x0841, 0x0841, 0x0841,
    0x0841, 0x0841, 0x0841, 0x0841, 0x0841, 0x0841, 0x0841, 0x0841, 0x0841, 0x0841, 0x1081, 0x8306,
    0xF5CC, 0xBC69, 0x9B87, 0xFDCC, 0xF5AB, 0x3983, 0x0000, 0x0861, 0x0841, 0x0841, 0x0841, 0x0841,
    0x0841, 0x0841, 0x0841, 0x0841, 0x0841, 0x0841, 0x0841, 0x0841, 0x0841, 0x0841, 0x0841, 0x0841,
    0x0841, 0x0841, 0x0841, 0x0841, 0x0841, 0x0841, 0x0841, 0x0841, 0x0841, 0x0841, 0x0841, 0x0841,
    0x0841, 0x0841, 0x0841, 0x0841, 0x0841, 0x0841, 0x0841, 0x0841, 0x0841, 0x0841, 0x0841, 0x0841,
    0x0841, 0x0020, 0x2922, 0xF58B, 0xF5AB, 0xAC08, 0xC469, 0xF5CC, 0x8B47, 0x20C2, 0x0021, 0x0841,
    0x0841, 0x0841, 0x0841, 0x0841, 0x0841, 0x0841, 0x0841, 0x0841, 0x0841, 0x0841, 0x0841, 0x0841,
    0x0841, 0x0841, 0x0841, 0x0841, 0x0841, 0x0841, 0x0841, 0x0841, 0x0841, 0x0841, 0x0841, 0x0841,
    0x0841, 0x0841, 0x0841, 0x0841, 0x0841, 0x0841, 0x0841, 0x0841, 0x0841, 0x0841, 0x0841, 0x0841,
    0x0841, 0x0841, 0x0841, 0x0841, 0x0841, 0x0841, 0x0841, 0x0841, 0x0841, 0x0841, 0x0841, 0x0841,
    0x0841, 0x0841, 0x0841, 0x0841, 0x0841, 0x0841, 0x0841, 0x0841, 0x0841, 0x0841, 0x0841, 0x0841,
    0x0841, 0x0841, 0x0841, 0x0841, 0x0841, 0x0021, 0x20E2, 0xFDCB, 0xBC69, 0xF58B, 0x82E6, 0xF5AB,
    0xFDEC, 0x8B27, 0x0000, 0x0861, 0x0841, 0x0841, 0x0841, 0x0841, 0x0841, 0x0841, 0x0841, 0x0841,
    0x0841, 0x0841, 0x0841, 0x0841, 0x0841, 0x0841, 0x0841, 0x0841, 0x0841, 0x0841, 0x0841, 0x0841,
    0x0841, 0x0841, 0x0841, 0x0841, 0x0841, 0x0841, 0x0841, 0x0841, 0x0841, 0x0841, 0x0841, 0x0841,
    0x0841, 0x0841, 0x0841, 0x0841, 0x0841, 0x0841, 0x0841, 0x0841, 0x0861, 0x0000, 0x72A5, 0xFDCC,
    0xF58B, 0x82E6, 0xED6B, 0xC489, 0xFDEC, 0x3943, 0x0000, 0x0861, 0x0841, 0x0841, 0x0841, 0x0841,
    0x0841, 0x0841, 0x0841, 0x0841, 0x0841, 0x0841, 0x0841, 0x0841, 0x0841, 0x0841, 0x0841, 0x0841,
    0x0841, 0x0841, 0x0841, 0x0841, 0x0841, 0x0841, 0x0841, 0x0841, 0x0841, 0x0841, 0x0841, 0x0841,
    0x0841, 0x0841, 0x0841, 0x0841, 0x0841, 0x0841, 0x0841, 0x0841, 0x0841, 0x0841, 0x0841, 0x0841,
    0x0841, 0x0841, 0x0841, 0x0841, 0x0841, 0x0841, 0x0841, 0x0841, 0x0841, 0x0841, 0x0841, 0x0841,
    0x0841, 0x0841, 0x0841, 0x0841, 0x0841, 0x0841, 0x0841, 0x0841, 0x0841, 0x0841, 0x0841, 0x0841,
    0x0841, 0x0020, 0x3123, 0xE52A, 0x1081, 0xED6B, 0xABE8, 0xDCEA, 0xFDEC, 0xD4CA, 0x0841, 0x0841,
    0x0841, 0x0841, 0x0841, 0x0841, 0x0841, 0x0841, 0x0841, 0x0841, 0x0841, 0x0841, 0x0841, 0x0841,
    0x0841, 0x0841, 0x0841, 0x0841, 0x0841, 0x0841, 0x0841, 0x0841, 0x0841, 0x0841, 0x0841, 0x0841,
    0x0841, 0x0841, 0x0841, 0x0841, 0x0841, 0x0841, 0x0841, 0x0841, 0x0841, 0x0841, 0x0841, 0x0841,
    0x0841, 0x0841, 0x0841, 0x0841, 0x0841, 0x0000, 0xC469, 0xFE2C, 0xDD0A, 0x9B87, 0xF58B, 0x18A1,
    0xED6B, 0x51E4, 0x0000, 0x0861, 0x0841, 0x0841, 0x0841, 0x0841, 0x0841, 0x0841, 0x0841, 0x0841,
    0x0841, 0x0841, 0x0841, 0x0841, 0x0841, 0x0841, 0x0841, 0x0841, 0x0841, 0x0841, 0x0841, 0x0841,
    0x0841, 0x0841, 0x0841, 0x0841, 0x0841, 0x0841, 0x0841, 0x0841, 0x0841, 0x0841, 0x0841, 0x0841,
    0x0841, 0x0841, 0x0841, 0x0841, 0x0841, 0x0841, 0x0841, 0x0841, 0x0841, 0x0841, 0x0841, 0x0841,
    0x0841, 0x0841, 0x0841, 0x0841, 0x0841, 0x0841, 0x0841, 0x0841, 0x0841, 0x0841, 0x0841, 0x0841,
    0x0841, 0x0841, 0x0841, 0x0841, 0x0841, 0x0841, 0x0841, 0x0841, 0x0861, 0x0000, 0x2922, 0xF58B,
    0x0841, 0xB428, 0xDCEA, 0xABE8, 0xFDEC, 0xFDAB, 0x3963, 0x0000, 0x0841, 0x0841, 0x0841, 0x0841,
    0x0841, 0x0841, 0x0841, 0x0841, 0x0841, 0x0841, 0x0841, 0x0841, 0x0841, 0x0841, 0x0841, 0x0841,
    0x0841, 0x0841, 0x0841, 0x0841, 0x0841, 0x0841, 0x0841, 0x0841, 0x0841, 0x0841, 0x0841, 0x0841,
    0x0841, 0x0841, 0x0841, 0x0841, 0x0841, 0x0841, 0x0841, 0x0841, 0x0841, 0x0841, 0x0841, 0x0841,
    0x0021, 0x2902, 0xF5AB, 0xFE2C, 0xB408, 0xDCEA, 0xBC49, 0x0841, 0xFDCC, 0x6245, 0x0000, 0x0861,
    0x0841, 0x0841, 0x0841, 0x0841, 0x0841, 0x0841, 0x0841, 0x0841, 0x0841, 0x0841, 0x0841, 0x0841,
    0x0841, 0x0841, 0x0841, 0x0841, 0x0841, 0x0841, 0x0841, 0x0841, 0x0841, 0x0841, 0x0841, 0x0841,
    0x0841, 0x0841, 0x0841, 0x0841, 0x0841, 0x0841, 0x0841, 0x0841, 0x0841, 0x0841, 0x0841, 0x0841,
    0x0841, 0x0841, 0x0841, 0x0841, 0x0841, 0x0841, 0x0841, 0x0841, 0x0841, 0x0841, 0x0841, 0x0841,
    0x0841, 0x0841, 0x0841, 0x0841, 0x0841, 0x0841, 0x0841, 0x0841, 0x0841, 0x0841, 0x0841, 0x0841,
    0x0841, 0x0841, 0x0841, 0x0841, 0x0841, 0x1061, 0x6A85, 0xE54A, 0x0861, 0xA3C8, 0xFE2C, 0x9347,
    0xF5AB, 0xFE2C, 0x8B26, 0x0000, 0x0861, 0x0841, 0x0841, 0x0841, 0x0841, 0x0841, 0x0841, 0x0841,
    0x0841, 0x0841, 0x0841, 0x0841, 0x0841, 0x0841, 0x0841, 0x0841, 0x0841, 0x0841, 0x0861, 0x0861,
    0x0861, 0x0861, 0x0841, 0x0841, 0x0841, 0x0841, 0x0841, 0x0841, 0x0841, 0x0841, 0x0841, 0x0841,
    0x0841, 0x0841, 0x0841, 0x0841, 0x0841, 0x0841, 0x0841, 0x0861, 0x0000, 0x72A5, 0xFE0C, 0xFDCC,
    0x8B47, 0xFDCC, 0xABE8, 0x0841, 0xF5AB, 0x49C4, 0x0000, 0x0861, 0x0841, 0x0841, 0x0841, 0x0841,
    0x0841, 0x0841, 0x0841, 0x0841, 0x0841, 0x0841, 0x0841, 0x0841, 0x0841, 0x0841, 0x0841, 0x0841,
    0x0841, 0x0841, 0x0841, 0x0841, 0x0841, 0x0841, 0x0841, 0x0841, 0x0841, 0x0841, 0x0841, 0x0841,
    0x0841, 0x0841, 0x0841, 0x0841, 0x0841, 0x0841, 0x0841, 0x0841, 0x0841, 0x0841, 0x0841, 0x0841,
    0x0841, 0x0841, 0x0841, 0x0841, 0x0841, 0x0841, 0x0841, 0x0841, 0x0841, 0x0841, 0x0841, 0x0841,
    0x0841, 0x0841, 0x0841, 0x0841, 0x0841, 0x0841, 0x0841, 0x0841, 0x0841, 0x0841, 0x0841, 0x0861,
    0x0000, 0x6A85, 0xFDEC, 0xDD0A, 0x0861, 0xA3C8, 0xFEAD, 0x9BA7, 0xCCA9, 0xFE2C, 0xDCEA, 0x0861,
    0x0841, 0x0841, 0x0841, 0x0841, 0x0841, 0x0841, 0x0841, 0x0841, 0x0841, 0x0841, 0x0841, 0x0841,
    0x0841, 0x0841, 0x0841, 0x0841, 0x0841, 0x0021, 0x0000, 0x0000, 0x0000, 0x0000, 0x0021, 0x0841,
    0x0841, 0x0841, 0x0841, 0x0841, 0x0841, 0x0841, 0x0841, 0x0841, 0x0841, 0x0841, 0x0841, 0x0841,
    0x0841, 0x0841, 0x0841, 0x0841, 0x0020, 0xC469, 0xFDEC, 0xDD0A, 0x9BA7, 0xFE8D, 0xA3C8, 0x0841,
    0xED6B, 0xEDCC, 0x7AE6, 0x0000, 0x0861, 0x0841, 0x0841, 0x0841, 0x0841, 0x0841, 0x0841, 0x0841,
    0x0841, 0x0841, 0x0841, 0x0841, 0x0841, 0x0841, 0x0841, 0x0841, 0x0841, 0x0841, 0x0841, 0x0841,
    0x0841, 0x0841, 0x0841, 0x0841, 0x0841, 0x0841, 0x0841, 0x0841, 0x0841, 0x0841, 0x0841, 0x0841,
    0x0841, 0x0841, 0x0841, 0x0841, 0x0841, 0x0841, 0x0841, 0x0841, 0x0841, 0x0841, 0x0841, 0x0841,
    0x0841, 0x0841, 0x0841, 0x0841, 0x0841, 0x0841, 0x0841, 0x0841, 0x0841, 0x0841, 0x0841, 0x0841,
    0x0841, 0x0841, 0x0841, 0x0841, 0x0841, 0x0841, 0x0841, 0x0861, 0x0000, 0x72A5, 0xF5AB, 0xDD0A,
    0x0861, 0xA3C8, 0xF5CC, 0xD4EA, 0x9B87, 0xFE0C, 0xFDEC, 0x41A4, 0x0000, 0x0861, 0x0841, 0x0841,
    0x0841, 0x0841, 0x0841, 0x0841, 0x0841, 0x0841, 0x0841, 0x0841, 0x0841, 0x0841, 0x0841, 0x0841,
    0x0021, 0x20C2, 0x5A24, 0x7AC6, 0x72A5, 0x5A24, 0x20C2, 0x0020, 0x0841, 0x0841, 0x0841, 0x0841,
    0x0841, 0x0841, 0x0841, 0x0841, 0x0841, 0x0841, 0x0841, 0x0841, 0x0841, 0x0841, 0x0861, 0x0000,
    0x3143, 0xFDCB, 0xFE0C, 0xABC8, 0xCCA9, 0xFE2C, 0xA3C8, 0x0841, 0xED6B, 0xFE6D, 0x9367, 0x0000,
    0x0861, 0x0841, 0x0841, 0x0841, 0x0841, 0x0841, 0x0841, 0x0841, 0x0841, 0x0841, 0x0841, 0x0841,
    0x0841, 0x0841, 0x0841, 0x0841, 0x0841, 0x0841, 0x0841, 0x0841, 0x0841, 0x0841, 0x0841, 0x0841,
    0x0841, 0x0841, 0x0841, 0x0841, 0x0841, 0x0841, 0x0841, 0x0841, 0x0841, 0x0841, 0x0841, 0x0841,
    0x0841, 0x0841, 0x0841, 0x0841, 0x0841, 0x0841, 0x0841, 0x0841, 0x0841, 0x0841, 0x0841, 0x0841,
    0x0841, 0x0841, 0x0841, 0x0841, 0x0841, 0x0841, 0x0841, 0x0841, 0x0841, 0x0841, 0x0841, 0x0841,
    0x0841, 0x0841, 0x0841, 0x0861, 0x0000, 0x72A5, 0xFDAB, 0xDD0A, 0x0861, 0xABE8, 0xABC8, 0xF58B,
    0x8B47, 0xF58B, 0xFE4C, 0xA3A7, 0x0000, 0x0861, 0x0841, 0x0841, 0x0841, 0x0841, 0x0841, 0x0841,
    0x0841, 0x0841, 0x0841, 0x0841, 0x0841, 0x0841, 0x0861, 0x0841, 0x18A1, 0xE54B, 0xF5AB, 0xCCA9,
    0xCCA9, 0xED6B, 0xED8B, 0x20E2, 0x0841, 0x0861, 0x0841, 0x0841, 0x0841, 0x0841, 0x0841, 0x0841,
    0x0841, 0x0841, 0x0841, 0x0841, 0x0841, 0x0841, 0x0861, 0x0000, 0x8B26, 0xFE4C, 0xF5AB, 0x8B26,
    0xED6B, 0xB408, 0xABE8, 0x0841, 0xED6B, 0xFE4D, 0x8B47, 0x0000, 0x0861, 0x0841, 0x0841, 0x0841,
    0x0841, 0x0841, 0x0841, 0x0841, 0x0841, 0x0841, 0x0841, 0x0841, 0x0841, 0x0841, 0x0841, 0x0841,
    0x0841, 0x0841, 0x0841, 0x0841, 0x0841, 0x0841, 0x0841, 0x0841, 0x0841, 0x0841, 0x0841, 0x0841,
    0x0841, 0x0841, 0x0841, 0x0841, 0x0841, 0x0841, 0x0841, 0x0841, 0x0841, 0x0841, 0x0841, 0x0841,
    0x0841, 0x0841, 0x0841, 0x0841, 0x0841, 0x0841, 0x0841, 0x0841, 0x0841, 0x0841, 0x0841, 0x0841,
    0x0841, 0x0841, 0x0841, 0x0841, 0x0841, 0x0841, 0x0841, 0x0841, 0x0841, 0x0841, 0x0841, 0x0861,
    0x0000, 0x72A5, 0xFDAB, 0xDD0A, 0x0841, 0xBC29, 0x6A85, 0xC469, 0xC469, 0xBC69, 0xFE2C, 0xED4B,
    0x1081, 0x0021, 0x0841, 0x0841, 0x0841, 0x0841, 0x0861, 0x0861, 0x0861, 0x0861, 0x0841, 0x0841,
    0x0021, 0x0020, 0x0020, 0x0000, 0x82E6, 0xFDEC, 0x1881, 0x0000, 0x0000, 0x0861, 0xF5AB, 0x8B27,
    0x0000, 0x0020, 0x0021, 0x0021, 0x0841, 0x0841, 0x0861, 0x0861, 0x0861, 0x0861, 0x0841, 0x0841,
    0x0841, 0x0841, 0x0841, 0x0861, 0xDD0A, 0xFE2C, 0xCCA9, 0xBC49, 0xCCA9, 0x72A5, 0xBC28, 0x0041,
    0xED6B, 0xFE4D, 0x9347, 0x0000, 0x0861, 0x0841, 0x0841, 0x0841, 0x0841, 0x0841, 0x0841, 0x0841,
    0x0841, 0x0841, 0x0841, 0x0841, 0x0841, 0x0841, 0x0841, 0x0841, 0x0841, 0x0841, 0x0841, 0x0841,
    0x0841, 0x0841, 0x0841, 0x0841, 0x0841, 0x0841, 0x0841, 0x0841, 0x0841, 0x0841, 0x0841, 0x0841,
    0x0841, 0x0841, 0x0841, 0x0841, 0x0841, 0x0841, 0x0841, 0x0841, 0x0841, 0x0841, 0x0841, 0x0841,
    0x0841, 0x0841, 0x0841, 0x0841, 0x0841, 0x0841, 0x0841, 0x0841, 0x0841, 0x0841, 0x0841, 0x0841,
    0x0841, 0x0841, 0x0841, 0x0841, 0x0841, 0x0841, 0x0841, 0x0861, 0x0000, 0x72A5, 0xFDAB, 0xDD0A,
    0x0841, 0xBC49, 0x6A65, 0x6245, 0xF58B, 0x9B87, 0xFE0C, 0xFE0C, 0x5A24, 0x0000, 0x1081, 0x0861,
    0x0841, 0x0021, 0x0000, 0x0000, 0x0000, 0x0000, 0x0020, 0x0861, 0x18C2, 0x2922, 0x3983, 0x49C4,
    0xF5AB, 0x8B27, 0x0000, 0x0861, 0x0861, 0x0000, 0x72A5, 0xFDEC, 0x49C4, 0x3963, 0x2902, 0x18C2,
    0x0861, 0x0000, 0x0000, 0x0000, 0x0000, 0x0000, 0x0021, 0x0841, 0x0861, 0x1061, 0x0000, 0x41A3,
    0xFDEC, 0xFE0C, 0x9BA7, 0xF58B, 0x72A5, 0x6A65, 0xBC49, 0x0041, 0xED6B, 0xFE4D, 0x9347, 0x0000,
    0x0861, 0x0841, 0x0841, 0x0841, 0x0841, 0x0841, 0x0841, 0x0841, 0x0841, 0x0841, 0x0841, 0x0841,
    0x0841, 0x0841, 0x0841, 0x0841, 0x0841, 0x0841, 0x0841, 0x0841, 0x0841, 0x0841, 0x0841, 0x0841,
    0x0841, 0x0841, 0x0841, 0x0841, 0x0841, 0x0841, 0x0841, 0x0841, 0x0841, 0x0841, 0x0841, 0x0841,
    0x0841, 0x0841, 0x0841, 0x0841, 0x0841, 0x0841, 0x0841, 0x0841, 0x0841, 0x0841, 0x0841, 0x0841,
    0x0841, 0x0841, 0x0841, 0x0841, 0x0841, 0x0841, 0x0841, 0x0841, 0x0841, 0x0841, 0x0841, 0x0841,
    0x0841, 0x0841, 0x0841, 0x0861, 0x0000, 0x72A5, 0xFDAB, 0xDD0A, 0x0841, 0xBC28, 0x72A6, 0x0861,
    0xFE0C, 0xA3C8, 0xED4B, 0xFE4C, 0xBC28, 0x0000, 0x0000, 0x0000, 0x0021, 0x18A2, 0x3963, 0x6245,
    0x8B26, 0xABE8, 0xC489, 0xCCCA, 0xDD0A, 0xDD0A, 0xDD0A, 0xDD0A, 0xC489, 0x18A2, 0x0861, 0x1081,
    0x1081, 0x0861, 0x1081, 0xBC69, 0xDD0A, 0xE52A, 0xDD0A, 0xDD0A, 0xCCCA, 0xBC69, 0xAC08, 0x8B47,
    0x6A65, 0x4183, 0x20C2, 0x0021, 0x0000, 0x0000, 0x0000, 0xA3C8, 0xFE4C, 0xED6B, 0x9B87, 0xFE0C,
    0x1081, 0x72A5, 0xBC49, 0x0041, 0xED6B, 0xFE4D, 0x9347, 0x0000, 0x0861, 0x0841, 0x0841, 0x0841,
    0x0841, 0x0841, 0x0841, 0x0841, 0x0841, 0x0841, 0x0841, 0x0841, 0x0841, 0x0841, 0x0841, 0x0841,
    0x0841, 0x0841, 0x0841, 0x0841, 0x0841, 0x0841, 0x0841, 0x0841, 0x0841, 0x0841, 0x0841, 0x0841,
    0x0841, 0x0841, 0x0841, 0x0841, 0x0841, 0x0841, 0x0841, 0x0841, 0x0841, 0x0841, 0x0841, 0x0841,
    0x0841, 0x0841, 0x0841, 0x0841, 0x0841, 0x0841, 0x0841, 0x0841, 0x0841, 0x0841, 0x0841, 0x0841,
    0x0841, 0x0841, 0x0841, 0x0841, 0x0841, 0x0841, 0x0841, 0x0841, 0x0841, 0x0841, 0x0841, 0x0861,
    0x0000, 0x72A5, 0xFDAB, 0xDD0A, 0x0841, 0xB428, 0x7AE6, 0x0000, 0xC469, 0xD4EA, 0xB408, 0xFDEC,
    0xFE0C, 0xABE8, 0x72A5, 0xA3C8, 0xCCA9, 0xDD0A, 0xDD2A, 0xDD0A, 0xDD2A, 0xD4EA, 0xD4CA, 0xDCEA,
    0xD4EA, 0xD4EA, 0xDCEA, 0xDD2A, 0xDCEA, 0xE52A, 0xFDCB, 0xFDAB, 0xFDAB, 0xFDCB, 0xED4B, 0xD4EA,
    0xDD2A, 0xE54A, 0xD50A, 0xE52A, 0xDCEA, 0xD4EA, 0xCCCA, 0xDD0A, 0xDD0A, 0xE52A, 0xE52A, 0xCCA9,
    0xA3C8, 0x72A5, 0x9BA7, 0xFDEC, 0xF5CB, 0xCC89, 0xCCA9, 0xDCEA, 0x0000, 0x7AE6, 0xBC28, 0x0041,
    0xED6B, 0xFE4D, 0x9347, 0x0000, 0x0861, 0x0841, 0x0841, 0x0841, 0x0841, 0x0841, 0x0841, 0x0841,
    0x0841, 0x0841, 0x0841, 0x0841, 0x0841, 0x0841, 0x0841, 0x0841, 0x0841, 0x0841, 0x0841, 0x0841,
    0x0841, 0x0841, 0x0841, 0x0841, 0x0841, 0x0841, 0x0841, 0x0841, 0x0841, 0x0841, 0x0841, 0x0841,
    0x0841, 0x0841, 0x0841, 0x0841, 0x0841, 0x0841, 0x0841, 0x0841, 0x0841, 0x0841, 0x0841, 0x0841,
    0x0841, 0x0841, 0x0841, 0x0841, 0x0841, 0x0841, 0x0841, 0x0841, 0x0841, 0x0841, 0x0841, 0x0841,
    0x0841, 0x0841, 0x0841, 0x0841, 0x0841, 0x0841, 0x0841, 0x0861, 0x0000, 0x72A5, 0xFDAB, 0xDD0A,
    0x0841, 0xB428, 0x7AE6, 0x0000, 0x6245, 0xFDEC, 0x8B47, 0xF5AB, 0x72A6, 0xA3E8, 0xBC69, 0xD4EA,
    0xCCCA, 0xD4EA, 0xDD0A, 0xE52A, 0xF5AB, 0xED6B, 0xE54A, 0xD4EA, 0xBC69, 0xB408, 0x9387, 0x8B47,
    0x72A5, 0x72A5, 0x6A85, 0x6A85, 0x6A85, 0x6A85, 0x72A5, 0x72A5, 0x8B26, 0x9367, 0xABE8, 0xB449,
    0xCCA9, 0xE52A, 0xED6B, 0xED6B, 0xE52A, 0xDD0A, 0xD4EA, 0xD4EA, 0xCCCA, 0xBC69, 0xAC08, 0x72A5,
    0xF58B, 0x9B87, 0xF5AB, 0x7AC6, 0x0000, 0x7AE6, 0xB428, 0x0041, 0xED6B, 0xFE4D, 0x9347, 0x0000,
    0x0861, 0x0841, 0x0841, 0x0841, 0x0841, 0x0841, 0x0841, 0x0841, 0x0841, 0x0841, 0x0841, 0x0841,
    0x0841, 0x0841, 0x0841, 0x0841, 0x0841, 0x0841, 0x0841, 0x0841, 0x0841, 0x0841, 0x0841, 0x0841,
    0x0841, 0x0841, 0x0841, 0x0841, 0x0841, 0x0841, 0x0841, 0x0841, 0x0841, 0x0841, 0x0841, 0x0841,
    0x0841, 0x0841, 0x0841, 0x0841, 0x0841, 0x0841, 0x0841, 0x0841, 0x0841, 0x0841, 0x0841, 0x0841,
    0x0841, 0x0841, 0x0841, 0x0841, 0x0841, 0x0841, 0x0841, 0x0841, 0x0841, 0x0841, 0x0841, 0x0841,
    0x0841, 0x0841, 0x0841, 0x0861, 0x0000, 0x72A5, 0xFDAB, 0xDD0A, 0x0841, 0xB428, 0x7AE6, 0x0000,
    0x1081, 0xFDAB, 0x9BA7, 0xE52A, 0x9BA7, 0x8306, 0xD4EA, 0xF5AB, 0xED6B, 0xD4EA, 0xA3A7, 0x7AC6,
    0x5204, 0x2922, 0x1081, 0x0041, 0x0000, 0x0000, 0x0000, 0x0000, 0x0000, 0x0000, 0x0000, 0x0000,
    0x0000, 0x0000, 0x0000, 0x0000, 0x0000, 0x0000, 0x0000, 0x0000, 0x0021, 0x1081, 0x2902, 0x3983,
    0x72C6, 0xA3C8, 0xD4EA, 0xED6B, 0xED8B, 0xD50A, 0x9347, 0x9367, 0xED8B, 0x9BA7, 0xF5AB, 0x18A2,
    0x0000, 0x7AE6, 0xB428, 0x0041, 0xED6B, 0xFE4D, 0x8306, 0x0000, 0x0861, 0x0841, 0x0841, 0x0841,
    0x0841, 0x0841, 0x0841, 0x0841, 0x0841, 0x0841, 0x0841, 0x0841, 0x0841, 0x0841, 0x0841, 0x0841,
    0x0841, 0x0841, 0x0841, 0x0841, 0x0841, 0x0841, 0x0841, 0x0841, 0x0841, 0x0841, 0x0841, 0x0841,
    0x0841, 0x0841, 0x0841, 0x0841, 0x0841, 0x0841, 0x0841, 0x0841, 0x0841, 0x0841, 0x0841, 0x0841,
    0x0841, 0x0841, 0x0841, 0x0841, 0x0841, 0x0841, 0x0841, 0x0841, 0x0841, 0x0841, 0x0841, 0x0841,
    0x0841, 0x0841, 0x0841, 0x0841, 0x0841, 0x0841, 0x0841, 0x0841, 0x0841, 0x0841, 0x0841, 0x0861,
    0x0000, 0x72A5, 0xFDAB, 0xDD0A, 0x0841, 0xB428, 0x7AC6, 0x0000, 0x0000, 0xA3C8, 0xDCEA, 0xA3A7,
    0xFE6D, 0xDD2A, 0x9B87, 0x5204, 0x20C2, 0x0021, 0x0000, 0x0000, 0x0000, 0x0020, 0x0041, 0x0841,
    0x0861, 0x0861, 0x0861, 0x0861, 0x0861, 0x0861, 0x0861, 0x0861, 0x0861, 0x0861, 0x0861, 0x0861,
    0x0861, 0x0861, 0x0861, 0x0861, 0x0841, 0x0841, 0x0020, 0x0000, 0x0000, 0x0000, 0x0021, 0x18C2,
    0x51E4, 0x9367, 0xDCEA, 0xFE6D, 0xA3C8, 0xCCA9, 0xB428, 0x0000, 0x0000, 0x7AC6, 0xB428, 0x0041,
    0xED6B, 0xFE4D, 0x6A65, 0x0000, 0x0861, 0x0841, 0x0841, 0x0841, 0x0841, 0x0841, 0x0841, 0x0841,
    0x0841, 0x0841, 0x0841, 0x0841, 0x0841, 0x0841, 0x0841, 0x0841, 0x0841, 0x0841, 0x0841, 0x0841,
    0x0841, 0x0841, 0x0841, 0x0841, 0x0841, 0x0841, 0x0841, 0x0841, 0x0841, 0x0841, 0x0841, 0x0841,
    0x0841, 0x0841, 0x0841, 0x0841, 0x0841, 0x0841, 0x0841, 0x0841, 0x0841, 0x0841, 0x0841, 0x0841,
    0x0841, 0x0841, 0x0841, 0x0841, 0x0841, 0x0841, 0x0841, 0x0841, 0x0841, 0x0841, 0x0841, 0x0841,
    0x0841, 0x0841, 0x0841, 0x0841, 0x0841, 0x0841, 0x0841, 0x0861, 0x0000, 0x72A5, 0xFDAB, 0xDD0A,
    0x0841, 0xB428, 0x7AC6, 0x0000, 0x0000, 0x41A3, 0xFDCC, 0x8306, 0xED6B, 0x1081, 0x0000, 0x0000,
    0x0021, 0x0841, 0x0861, 0x0861, 0x0861, 0x0841, 0x0841, 0x0841, 0x0841, 0x0841, 0x0841, 0x0841,
    0x0841, 0x0841, 0x0841, 0x0841, 0x0841, 0x0841, 0x0841, 0x0841, 0x0841, 0x0841, 0x0841, 0x0841,
    0x0841, 0x0841, 0x0841, 0x0861, 0x0861, 0x0861, 0x0841, 0x0021, 0x0000, 0x0000, 0x0861, 0xF58B,
    0x82E6, 0xED8B, 0x5204, 0x0000, 0x0000, 0x7AC6, 0xB428, 0x0041, 0xED6B, 0xFE4D, 0x6A85, 0x0000,
    0x0861, 0x0841, 0x0841, 0x0841, 0x0841, 0x0841, 0x0841, 0x0841, 0x0841, 0x0841, 0x0841, 0x0841,
    0x0841, 0x0841, 0x0841, 0x0841, 0x0841, 0x0841, 0x0841, 0x0841, 0x0841, 0x0841, 0x0841, 0x0841,
    0x0841, 0x0841, 0x0841, 0x0841, 0x0841, 0x0841, 0x0841, 0x0841, 0x0841, 0x0841, 0x0841, 0x0841,
    0x0841, 0x0841, 0x0841, 0x0841, 0x0841, 0x0841, 0x0841, 0x0841, 0x0841, 0x0841, 0x0841, 0x0841,
    0x0841, 0x0841, 0x0841, 0x0841, 0x0841, 0x0841, 0x0841, 0x0841, 0x0841, 0x0841, 0x0841, 0x0841,
    0x0841, 0x0841, 0x0841, 0x0861, 0x0000, 0x72A5, 0xFDAB, 0xDD0A, 0x0841, 0xB428, 0x7AC6, 0x0000,
    0x0841, 0x1081, 0xF58B, 0x8B27, 0xED6B, 0x5204, 0x0000, 0x1061, 0x0841, 0x0841, 0x0841, 0x0841,
    0x0841, 0x0841, 0x0841, 0x0841, 0x0841, 0x0841, 0x0841, 0x0841, 0x0841, 0x0841, 0x0841, 0x0841,
    0x0841, 0x0841, 0x0841, 0x0841, 0x0841, 0x0841, 0x0841, 0x0841, 0x0841, 0x0841, 0x0841, 0x0841,
    0x0841, 0x0841, 0x0841, 0x0841, 0x1061, 0x0000, 0x49C4, 0xF58B, 0x8306, 0xFDCB, 0x20C2, 0x0841,
    0x0000, 0x7AC6, 0xB428, 0x0041, 0xED6B, 0xFE4D, 0x6A85, 0x0000, 0x0861, 0x0841, 0x0841, 0x0841,
    0x0841, 0x0841, 0x0841, 0x0841, 0x0841, 0x0841, 0x0841, 0x0841, 0x0841, 0x0841, 0x0841, 0x0841,
    0x0841, 0x0841, 0x0841, 0x0841, 0x0841, 0x0841, 0x0841, 0x0841, 0x0841, 0x0841, 0x0841, 0x0841,
    0x0841, 0x0841, 0x0841, 0x0841, 0x0841, 0x0841, 0x0841, 0x0841, 0x0841, 0x0841, 0x0841, 0x0841,
    0x0841, 0x0841, 0x0841, 0x0841, 0x0841, 0x0841, 0x0841, 0x0841, 0x0841, 0x0841, 0x0841, 0x0841,
    0x0841, 0x0841, 0x0841, 0x0841, 0x0841, 0x0841, 0x0841, 0x0841, 0x0841, 0x0841, 0x0841, 0x0861,
    0x0000, 0x72A5, 0xFDAB, 0xDD0A, 0x0841, 0xB428, 0x7AC6, 0x0000, 0x1061, 0x0000, 0xC489, 0xAC08,
    0xD4CA, 0x8B47, 0x0000, 0x0861, 0x0841, 0x0841, 0x0841, 0x0841, 0x0841, 0x0841, 0x0841, 0x0841,
    0x0841, 0x0841, 0x0841, 0x0841, 0x0841, 0x0841, 0x0841, 0x0841, 0x0841, 0x0841, 0x0841, 0x0841,
    0x0841, 0x0841, 0x0841, 0x0841, 0x0841, 0x0841, 0x0841, 0x0841, 0x0841, 0x0841, 0x0841, 0x0841,
    0x0861, 0x0000, 0x6A65, 0xDD0A, 0xA3A8, 0xD4EA, 0x0000, 0x1061, 0x0000, 0x7AC6, 0xB428, 0x0041,
    0xED6B, 0xFE4D, 0x6A85, 0x0000, 0x0861, 0x0841, 0x0841, 0x0841, 0x0841, 0x0841, 0x0841, 0x0841,
    0x0841, 0x0841, 0x0841, 0x0841, 0x0841, 0x0841, 0x0841, 0x0841, 0x0841, 0x0841, 0x0841, 0x0841,
    0x0841, 0x0841, 0x0841, 0x0841, 0x0841, 0x0841, 0x0841, 0x0841, 0x0841, 0x0841, 0x0841, 0x0841,
    0x0841, 0x0841, 0x0841, 0x0841, 0x0841, 0x0841, 0x0841, 0x0841, 0x0841, 0x0841, 0x0841, 0x0841,
    0x0841, 0x0841, 0x0841, 0x0841, 0x0841, 0x0841, 0x0841, 0x0841, 0x0841, 0x0841, 0x0841, 0x0841,
    0x0841, 0x0841, 0x0841, 0x0841, 0x0841, 0x0841, 0x0841, 0x0861, 0x0000, 0x72A5, 0xFDAB, 0xDD0A,
    0x0841, 0xB428, 0x7AC6, 0x0000, 0x1081, 0x0000, 0x9B87, 0xCCA9, 0xB428, 0xBC49, 0x0000, 0x0861,
    0x0841, 0x0841, 0x0841, 0x0841, 0x0841, 0x0841, 0x0841, 0x0841, 0x0841, 0x0841, 0x0841, 0x0841,
    0x0841, 0x0841, 0x0841, 0x0841, 0x0841, 0x0841, 0x0841, 0x0841, 0x0841, 0x0841, 0x0841, 0x0841,
    0x0841, 0x0841, 0x0841, 0x0841, 0x0841, 0x0841, 0x0841, 0x0841, 0x0861, 0x0000, 0xABE8, 0xC469,
    0xC469, 0xABE8, 0x0000, 0x1081, 0x0000, 0x7AC6, 0xB428, 0x0041, 0xED6B, 0xFE4D, 0x6A85, 0x0000,
    0x0861, 0x0841, 0x0841, 0x0841, 0x0841, 0x0841, 0x0841, 0x0841, 0x0841, 0x0841, 0x0841, 0x0841,
    0x0841, 0x0841, 0x0841, 0x0841, 0x0841, 0x0841, 0x0841, 0x0841, 0x0841, 0x0841, 0x0841, 0x0841,
    0x0841, 0x0841, 0x0841, 0x0841, 0x0841, 0x0841, 0x0841, 0x0841, 0x0841, 0x0841, 0x0841, 0x0841,
    0x0841, 0x0841, 0x0841, 0x0841, 0x0841, 0x0841, 0x0841, 0x0841, 0x0841, 0x0841, 0x0841, 0x0841,
    0x0841, 0x0841, 0x0841, 0x0841, 0x0841, 0x0841, 0x0841, 0x0841, 0x0841, 0x0841, 0x0841, 0x0841,
    0x0841, 0x0841, 0x0841, 0x0861, 0x0000, 0x72A5, 0xFDAB, 0xDD0A, 0x0841, 0xB428, 0x7AC6, 0x0000,
    0x1081, 0x0000, 0x72C6, 0xE52A, 0x9B87, 0xD4EA, 0x0000, 0x0841, 0x0841, 0x0841, 0x0841, 0x0841,
    0x0841, 0x0841, 0x0841, 0x0841, 0x0841, 0x0841, 0x0841, 0x0841, 0x0841, 0x0841, 0x0841, 0x0841,
    0x0841, 0x0841, 0x0841, 0x0841, 0x0841, 0x0841, 0x0841, 0x0841, 0x0841, 0x0841, 0x0841, 0x0841,
    0x0841, 0x0841, 0x0841, 0x0841, 0x0861, 0x0000, 0xCCA9, 0xA3C8, 0xD4EA, 0x8B46, 0x0000, 0x1081,
    0x0000, 0x7AC6, 0xB428, 0x0041, 0xED6B, 0xFE4D, 0x6A85, 0x0000, 0x0861, 0x0841, 0x0841, 0x0841,
    0x0841, 0x0841, 0x0841, 0x0841, 0x0841, 0x0841, 0x0841, 0x0841, 0x0841, 0x0841, 0x0841, 0x0841,
    0x0841, 0x0841, 0x0841, 0x0841, 0x0841, 0x0841, 0x0841, 0x0841, 0x0841, 0x0841, 0x0841, 0x0841,
    0x0841, 0x0841, 0x0841, 0x0841, 0x0841, 0x0841, 0x0841, 0x0841, 0x0841, 0x0841, 0x0841, 0x0841,
    0x0841, 0x0841, 0x0841, 0x0841, 0x0841, 0x0841, 0x0841, 0x0841, 0x0841, 0x0841, 0x0841, 0x0841,
    0x0841, 0x0841, 0x0841, 0x0841, 0x0841, 0x0841, 0x0841, 0x0841, 0x0841, 0x0841, 0x0841, 0x0861,
    0x0000, 0x72A5, 0xFDAB, 0xDD0A, 0x0841, 0xB428, 0x7AC6, 0x0000, 0x1061, 0x0000, 0x5A04, 0xED6B,
    0x8306, 0xE54B, 0x0841, 0x0841, 0x0841, 0x0841, 0x0841, 0x0841, 0x0841, 0x0841, 0x0841, 0x0841,
    0x0841, 0x0841, 0x0841, 0x0841, 0x0841, 0x0841, 0x0841, 0x0841, 0x0841, 0x0841, 0x0841, 0x0841,
    0x0841, 0x0841, 0x0841, 0x0841, 0x0841, 0x0841, 0x0841, 0x0841, 0x0841, 0x0841, 0x0841, 0x0841,
    0x0841, 0x0020, 0xDD0A, 0x8306, 0xE52A, 0x6A85, 0x0000, 0x1081, 0x0000, 0x7AC6, 0xB428, 0x0041,
    0xED6B, 0xFE4D, 0x6A85, 0x0000, 0x0861, 0x0841, 0x0841, 0x0841, 0x0841, 0x0841, 0x0841, 0x0841,
    0x0841, 0x0841, 0x0841, 0x0841, 0x0841, 0x0841, 0x0841, 0x0841, 0x0841, 0x0841, 0x0841, 0x0841,
    0x0841, 0x0841, 0x0841, 0x0841, 0x0841, 0x0841, 0x0841, 0x0841, 0x0841, 0x0841, 0x0841, 0x0841,
    0x0841, 0x0841, 0x0841, 0x0841, 0x0841, 0x0841, 0x0841, 0x0841, 0x0841, 0x0841, 0x0841, 0x0841,
    0x0841, 0x0841, 0x0841, 0x0841, 0x0841, 0x0841, 0x0841, 0x0841, 0x0841, 0x0841, 0x0841, 0x0841,
    0x0841, 0x0841, 0x0841, 0x0841, 0x0841, 0x0841, 0x0841, 0x0861, 0x0000, 0x72A5, 0xFDAB, 0xDD0A,
    0x0841, 0xB428, 0x7AC6, 0x0000, 0x1061, 0x0000, 0x3963, 0xF58B, 0x6A65, 0xED6B, 0x18A2, 0x0021,
    0x0841, 0x0841, 0x0841, 0x0841, 0x0841, 0x0841, 0x0841, 0x0841, 0x0841, 0x0841, 0x0841, 0x0841,
    0x0841, 0x0841, 0x0841, 0x0841, 0x0841, 0x0841, 0x0841, 0x0841, 0x0841, 0x0841, 0x0841, 0x0841,
    0x0841, 0x0841, 0x0841, 0x0841, 0x0841, 0x0841, 0x0841, 0x0841, 0x0041, 0x1081, 0xF58B, 0x7AC6,
    0xED6B, 0x49C4, 0x0000, 0x1061, 0x0000, 0x7AC6, 0xB428, 0x0041, 0xED6B, 0xFE4D, 0x6A65, 0x0000,
    0x0861, 0x0841, 0x0841, 0x0841, 0x0841, 0x0841, 0x0841, 0x0841, 0x0841, 0x0841, 0x0841, 0x0841,
    0x0841, 0x0841, 0x0841, 0x0841, 0x0841, 0x0841, 0x0841, 0x0841, 0x0841, 0x0841, 0x0841, 0x0841,
    0x0841, 0x0841, 0x0841, 0x0841, 0x0841, 0x0841, 0x0841, 0x0841, 0x0841, 0x0841, 0x0841, 0x0841,
    0x0841, 0x0841, 0x0841, 0x0841, 0x0841, 0x0841, 0x0841, 0x0841, 0x0841, 0x0841, 0x0841, 0x0841,
    0x0841, 0x0841, 0x0841, 0x0841, 0x0841, 0x0841, 0x0841, 0x0841, 0x0841, 0x0841, 0x0841, 0x0841,
    0x0841, 0x0841, 0x0841, 0x0861, 0x0000, 0x72A5, 0xFDAB, 0xDD0A, 0x0841, 0xB428, 0x7AC6, 0x0000,
    0x1061, 0x0020, 0x2902, 0xFDCB, 0x72C6, 0xED6B, 0x2902, 0x0020, 0x0841, 0x0841, 0x0841, 0x0841,
    0x0841, 0x0841, 0x0841, 0x0841, 0x0841, 0x0841, 0x0841, 0x0841, 0x0841, 0x0841, 0x0841, 0x0841,
    0x0841, 0x0841, 0x0841, 0x0841, 0x0841, 0x0841, 0x0841, 0x0841, 0x0841, 0x0841, 0x0841, 0x0841,
    0x0841, 0x0841, 0x0841, 0x0841, 0x0021, 0x18C2, 0xF58B, 0x6225, 0xF58B, 0x4183, 0x0000, 0x1061,
    0x0000, 0x7AC6, 0xB428, 0x0041, 0xED6B, 0xFE4D, 0x7AE6, 0x0000, 0x0861, 0x0841, 0x0841, 0x0841,
    0x0841, 0x0841, 0x0841, 0x0841, 0x0841, 0x0841, 0x0841, 0x0841, 0x0841, 0x0841, 0x0841, 0x0841,
    0x0841, 0x0841, 0x0841, 0x0841, 0x0841, 0x0841, 0x0841, 0x0841, 0x0841, 0x0841, 0x0841, 0x0841,
    0x0841, 0x0841, 0x0841, 0x0841, 0x0841, 0x0841, 0x0841, 0x0841, 0x0841, 0x0841, 0x0841, 0x0841,
    0x0841, 0x0841, 0x0841, 0x0841, 0x0841, 0x0841, 0x0841, 0x0841, 0x0841, 0x0841, 0x0841, 0x0841,
    0x0841, 0x0841, 0x0841, 0x0841, 0x0841, 0x0841, 0x0841, 0x0841, 0x0841, 0x0841, 0x0841, 0x0861,
    0x0000, 0x72A5, 0xFDAB, 0xDD0A, 0x0841, 0xB428, 0x7AC6, 0x0000, 0x0861, 0x0021, 0x18C2, 0xF58B,
    0x5A25, 0xED6B, 0x3983, 0x0000, 0x0861, 0x0841, 0x0841, 0x0841, 0x0841, 0x0841, 0x0841, 0x0841,
    0x0841, 0x0841, 0x0841, 0x0841, 0x0841, 0x0841, 0x0841, 0x0841, 0x0841, 0x0841, 0x0841, 0x0841,
    0x0841, 0x0841, 0x0841, 0x0841, 0x0841, 0x0841, 0x0841, 0x0841, 0x0841, 0x0841, 0x0841, 0x0861,
    0x0020, 0x2922, 0xF58B, 0x6A85, 0xF5AB, 0x2922, 0x0020, 0x1061, 0x0000, 0x7AC6, 0xB428, 0x0041,
    0xED6B, 0xFE4D, 0x9367, 0x0000, 0x0861, 0x0841, 0x0841, 0x0841, 0x0841, 0x0841, 0x0841, 0x0841,
    0x0841, 0x0841, 0x0841, 0x0841, 0x0841, 0x0841, 0x0841, 0x0841, 0x0841, 0x0841, 0x0841, 0x0841,
    0x0841, 0x0841, 0x0841, 0x0841, 0x0841, 0x0841, 0x0841, 0x0841, 0x0841, 0x0841, 0x0841, 0x0841,
    0x0841, 0x0841, 0x0841, 0x0841, 0x0841, 0x0841, 0x0841, 0x0841, 0x0841, 0x0841, 0x0841, 0x0841,
    0x0841, 0x0841, 0x0841, 0x0841, 0x0841, 0x0841, 0x0841, 0x0841, 0x0841, 0x0841, 0x0841, 0x0841,
    0x0841, 0x0841, 0x0841, 0x0841, 0x0841, 0x0841, 0x0841, 0x0861, 0x0000, 0x72A5, 0xFDAB, 0xDD0A,
    0x0841, 0xB428, 0x7AC6, 0x0000, 0x0861, 0x0041, 0x1081, 0xED6B, 0x6245, 0xED6B, 0x51E4, 0x0000,
    0x0861, 0x0841, 0x0841, 0x0841, 0x0841, 0x0841, 0x0841, 0x0841, 0x0841, 0x0841, 0x0841, 0x0841,
    0x0841, 0x0841, 0x0841, 0x0841, 0x0841, 0x0841, 0x0841, 0x0841, 0x0841, 0x0841, 0x0841, 0x0841,
    0x0841, 0x0841, 0x0841, 0x0841, 0x0841, 0x0841, 0x0841, 0x0861, 0x0000, 0x4183, 0xF56B, 0x6245,
    0xFDCC, 0x2902, 0x0020, 0x1061, 0x0000, 0x7AC6, 0xB428, 0x0041, 0xED6B, 0xFE4D, 0x8B47, 0x0000,
    0x0861, 0x0841, 0x0841, 0x0841, 0x0841, 0x0841, 0x0841, 0x0841, 0x0841, 0x0841, 0x0841, 0x0841,
    0x0841, 0x0841, 0x0841, 0x0841, 0x0841, 0x0841, 0x0841, 0x0841, 0x0841, 0x0841, 0x0841, 0x0841,
    0x0841, 0x0841, 0x0841, 0x0841, 0x0841, 0x0841, 0x0841, 0x0841, 0x0841, 0x0841, 0x0841, 0x0841,
    0x0841, 0x0841, 0x0841, 0x0841, 0x0841, 0x0841, 0x0841, 0x0841, 0x0841, 0x0841, 0x0841, 0x0841,
    0x0841, 0x0841, 0x0841, 0x0841, 0x0841, 0x0841, 0x0841, 0x0841, 0x0841, 0x0841, 0x0841, 0x0841,
    0x0841, 0x0841, 0x0841, 0x0861, 0x0000, 0x72A5, 0xFDAB, 0xDD0A, 0x0841, 0xB428, 0x7AC6, 0x0000,
    0x0861, 0x0041, 0x1081, 0xFDAB, 0x72A5, 0xE52A, 0x6A65, 0x0000, 0x0861, 0x0841, 0x0841, 0x0841,
    0x0841, 0x0841, 0x0841, 0x0841, 0x0841, 0x0841, 0x0841, 0x0841, 0x0841, 0x0841, 0x0841, 0x0841,
    0x0841, 0x0841, 0x0841, 0x0841, 0x0841, 0x0841, 0x0841, 0x0841, 0x0841, 0x0841, 0x0841, 0x0841,
    0x0841, 0x0841, 0x0841, 0x0861, 0x0000, 0x4183, 0xED4B, 0x5A24, 0xED6B, 0x1081, 0x0041, 0x0861,
    0x0000, 0x7AC6, 0xB428, 0x0041, 0xED6B, 0xFE4D, 0x7285, 0x0000, 0x0861, 0x0841, 0x0841, 0x0841,
    0x0841, 0x0841, 0x0841, 0x0841, 0x0841, 0x0841, 0x0841, 0x0841, 0x0841, 0x0841, 0x0841, 0x0841,
    0x0841, 0x0841, 0x0841, 0x0841, 0x0841, 0x0841, 0x0841, 0x0841, 0x0841, 0x0841, 0x0841, 0x0841,
    0x0841, 0x0841, 0x0841, 0x0841, 0x0841, 0x0841, 0x0841, 0x0841, 0x0841, 0x0841, 0x0841, 0x0841,
    0x0841, 0x0841, 0x0841, 0x0841, 0x0841, 0x0841, 0x0841, 0x0841, 0x0841, 0x0841, 0x0841, 0x0841,
    0x0841, 0x0841, 0x0841, 0x0841, 0x0841, 0x0841, 0x0841, 0x0841, 0x0841, 0x0841, 0x0841, 0x0861,
    0x0000, 0x72A5, 0xFDAB, 0xDD0A, 0x0841, 0xBC49, 0x9B67, 0x0000, 0x0861, 0x0041, 0x1061, 0xFDAB,
    0x6A65, 0xD4CA, 0x6A65, 0x0000, 0x0861, 0x0841, 0x0841, 0x0841, 0x0841, 0x0841, 0x0841, 0x0841,
    0x0841, 0x0841, 0x0841, 0x0841, 0x0841, 0x0841, 0x0841, 0x0841, 0x0841, 0x0841, 0x0841, 0x0841,
    0x0841, 0x0841, 0x0841, 0x0841, 0x0841, 0x0841, 0x0841, 0x0841, 0x0841, 0x0841, 0x0841, 0x0861,
    0x0000, 0x5A25, 0xF58B, 0x5A24, 0xED6B, 0x1081, 0x0041, 0x0861, 0x0000, 0x8B26, 0xBC48, 0x0041,
    0xED6B, 0xFE4D, 0x8B26, 0x0000, 0x0861, 0x0841, 0x0841, 0x0841, 0x0841, 0x0841, 0x0841, 0x0841,
    0x0841, 0x0841, 0x0841, 0x0841, 0x0841, 0x0841, 0x0841, 0x0841, 0x0841, 0x0841, 0x0841, 0x0841,
    0x0841, 0x0841, 0x0841, 0x0841, 0x0841, 0x0841, 0x0841, 0x0841, 0x0841, 0x0841, 0x0841, 0x0841,
    0x0841, 0x0841, 0x0841, 0x0841, 0x0841, 0x0841, 0x0841, 0x0841, 0x0841, 0x0841, 0x0841, 0x0841,
    0x0841, 0x0841, 0x0841, 0x0841, 0x0841, 0x0841, 0x0841, 0x0841, 0x0841, 0x0841, 0x0841, 0x0841,
    0x0841, 0x0841, 0x0841, 0x0841, 0x0841, 0x0841, 0x0841, 0x0861, 0x0000, 0x7285, 0xF5AB, 0xED4B,
    0x1081, 0xABE8, 0xAC08, 0x0000, 0x0861, 0x0841, 0x0021, 0xE52A, 0x6A85, 0xD4CA, 0x6A65, 0x0000,
    0x0861, 0x0841, 0x0841, 0x0841, 0x0841, 0x0841, 0x0841, 0x0841, 0x0841, 0x0841, 0x0841, 0x0841,
    0x0841, 0x0841, 0x0841, 0x0841, 0x0841, 0x0841, 0x0841, 0x0841, 0x0841, 0x0841, 0x0841, 0x0841,
    0x0841, 0x0841, 0x0841, 0x0841, 0x0841, 0x0841, 0x0841, 0x0861, 0x0000, 0x6245, 0xF58B, 0x5A04,
    0xED6B, 0x1081, 0x0041, 0x0861, 0x0000, 0xA3C8, 0xB428, 0x0021, 0xED6B, 0xFE2C, 0x9347, 0x0000,
    0x0861, 0x0841, 0x0841, 0x0841, 0x0841, 0x0841, 0x0841, 0x0841, 0x0841, 0x0841, 0x0841, 0x0841,
    0x0841, 0x0841, 0x0841, 0x0841, 0x0841, 0x0841, 0x0841, 0x0841, 0x0841, 0x0841, 0x0841, 0x0841,
    0x0841, 0x0841, 0x0841, 0x0841, 0x0841, 0x0841, 0x0841, 0x0841, 0x0841, 0x0841, 0x0841, 0x0841,
    0x0841, 0x0841, 0x0841, 0x0841, 0x0841, 0x0841, 0x0841, 0x0841, 0x0841, 0x0841, 0x0841, 0x0841,
    0x0841, 0x0841, 0x0841, 0x0841, 0x0841, 0x0841, 0x0841, 0x0841, 0x0841, 0x0841, 0x0841, 0x0841,
    0x0841, 0x0841, 0x0841, 0x0861, 0x0000, 0x7AC6, 0xE52A, 0xF58B, 0x5A24, 0x6A85, 0xD4A9, 0x0000,
    0x0861, 0x0861, 0x0021, 0xDD0A, 0x6A85, 0xD4EA, 0x8B26, 0x0000, 0x0861, 0x0841, 0x0841, 0x0841,
    0x0841, 0x0841, 0x0841, 0x0841, 0x0841, 0x0841, 0x0841, 0x0841, 0x0841, 0x0841, 0x0841, 0x0841,
    0x0841, 0x0841, 0x0841, 0x0841, 0x0841, 0x0841, 0x0841, 0x0841, 0x0841, 0x0841, 0x0841, 0x0841,
    0x0841, 0x0841, 0x0841, 0x0861, 0x0000, 0x6265, 0xDD0A, 0x5A24, 0xF58B, 0x1081, 0x0841, 0x0861,
    0x0000, 0xCC89, 0x7AE6, 0x3143, 0xED6B, 0xF58B, 0x9B87, 0x0000, 0x0861, 0x0841, 0x0841, 0x0841,
    0x0841, 0x0841, 0x0841, 0x0841, 0x0841, 0x0841, 0x0841, 0x0841, 0x0841, 0x0841, 0x0841, 0x0841,
    0x0841, 0x0841, 0x0841, 0x0841, 0x0841, 0x0841, 0x0841, 0x0841, 0x0841, 0x0841, 0x0841, 0x0841,
    0x0841, 0x0841, 0x0841, 0x0841, 0x0841, 0x0841, 0x0841, 0x0841, 0x0841, 0x0841, 0x0841, 0x0841,
    0x0841, 0x0841, 0x0841, 0x0841, 0x0841, 0x0841, 0x0841, 0x0841, 0x0841, 0x0841, 0x0841, 0x0841,
    0x0841, 0x0841, 0x0841, 0x0841, 0x0841, 0x0841, 0x0841, 0x0841, 0x0841, 0x0841, 0x0841, 0x0861,
    0x0000, 0x6245, 0xC489, 0xA3C8, 0xFE2C, 0xED6B, 0xED6B, 0x2902, 0x0000, 0x0000, 0x0000, 0xE52A,
    0x6245, 0xBC49, 0x9347, 0x0000, 0x0861, 0x0841, 0x0841, 0x0841, 0x0841, 0x0841, 0x0841, 0x0841,
    0x0841, 0x0841, 0x0841, 0x0841, 0x0841, 0x0841, 0x0841, 0x0841, 0x0841, 0x0841, 0x0841, 0x0841,
    0x0841, 0x0841, 0x0841, 0x0841, 0x0841, 0x0841, 0x0841, 0x0841, 0x0841, 0x0841, 0x0841, 0x0861,
    0x0000, 0x6A65, 0xD4CA, 0x6A85, 0xF58B, 0x0021, 0x0000, 0x0000, 0x2922, 0xED6B, 0xED6B, 0xEDAB,
    0xBC49, 0xB408, 0x7AE6, 0x0000, 0x0861, 0x0841, 0x0841, 0x0841, 0x0841, 0x0841, 0x0841, 0x0841,
    0x0841, 0x0841, 0x0841, 0x0841, 0x0841, 0x0841, 0x0841, 0x0841, 0x0841, 0x0841, 0x0841, 0x0841,
    0x0841, 0x0841, 0x0841, 0x0841, 0x0841, 0x0841, 0x0841, 0x0841, 0x0841, 0x0841, 0x0841, 0x0841,
    0x0841, 0x0841, 0x0841, 0x0841, 0x0841, 0x0841, 0x0841, 0x0841, 0x0841, 0x0841, 0x0841, 0x0841,
    0x0841, 0x0841, 0x0841, 0x0841, 0x0841, 0x0841, 0x0841, 0x0841, 0x0841, 0x0841, 0x0841, 0x0841,
    0x0841, 0x0841, 0x0841, 0x0841, 0x0841, 0x0841, 0x0841, 0x0841, 0x0841, 0x0861, 0x1881, 0xB408,
    0xCCCA, 0x9BA7, 0xED8B, 0xFE2C, 0xDD0A, 0x8306, 0x3122, 0xE52A, 0x6245, 0xB428, 0x9347, 0x0000,
    0x0861, 0x0841, 0x0841, 0x0841, 0x0841, 0x0841, 0x0841, 0x0841, 0x0841, 0x0841, 0x0841, 0x0841,
    0x0841, 0x0841, 0x0841, 0x0841, 0x0841, 0x0841, 0x0841, 0x0841, 0x0841, 0x0841, 0x0841, 0x0841,
    0x0841, 0x0841, 0x0841, 0x0841, 0x0841, 0x0841, 0x0841, 0x0861, 0x0000, 0x6245, 0xD4EA, 0x6A65,
    0xFDAB, 0x3943, 0x7AE6, 0xDD0A, 0xFE2C, 0xF5AB, 0xABE8, 0xC489, 0xCCA9, 0x0000, 0x0841, 0x0841,
    0x0841, 0x0841, 0x0841, 0x0841, 0x0841, 0x0841, 0x0841, 0x0841, 0x0841, 0x0841, 0x0841, 0x0841,
    0x0841, 0x0841, 0x0841, 0x0841, 0x0841, 0x0841, 0x0841, 0x0841, 0x0841, 0x0841, 0x0841, 0x0841,
    0x0841, 0x0841, 0x0841, 0x0841, 0x0841, 0x0841, 0x0841, 0x0841, 0x0841, 0x0841, 0x0841, 0x0841,
    0x0841, 0x0841, 0x0841, 0x0841, 0x0841, 0x0841, 0x0841, 0x0841, 0x0841, 0x0841, 0x0841, 0x0841,
    0x0841, 0x0841, 0x0841, 0x0841, 0x0841, 0x0841, 0x0841, 0x0841, 0x0841, 0x0841, 0x0841, 0x0841,
    0x0841, 0x0841, 0x0841, 0x0841, 0x0841, 0x0041, 0x1881, 0xED8B, 0x7AE6, 0x0000, 0x0841, 0x3963,
    0x9B87, 0xED8B, 0xFE0C, 0xFE4C, 0x5A04, 0xBC49, 0x9347, 0x0000, 0x0861, 0x0841, 0x0841, 0x0841,
    0x0841, 0x0841, 0x0841, 0x0841, 0x0841, 0x0841, 0x0841, 0x0841, 0x0841, 0x0841, 0x0841, 0x0841,
    0x0841, 0x0841, 0x0841, 0x0841, 0x0841, 0x0841, 0x0841, 0x0841, 0x0841, 0x0841, 0x0841, 0x0841,
    0x0841, 0x0841, 0x0841, 0x0861, 0x0000, 0x7AC6, 0xDCEA, 0x6265, 0xFE2C, 0xFE0C, 0xED8B, 0x9BA7,
    0x41A3, 0x0841, 0x0000, 0x72A5, 0xCC89, 0x0000, 0x0861, 0x0841, 0x0841, 0x0841, 0x0841, 0x0841,
    0x0841, 0x0841, 0x0841, 0x0841, 0x0841, 0x0841, 0x0841, 0x0841, 0x0841, 0x0841, 0x0841, 0x0841,
    0x0841, 0x0841, 0x0841, 0x0841, 0x0841, 0x0841, 0x0841, 0x0841, 0x0841, 0x0841, 0x0841, 0x0841,
    0x0841, 0x0841, 0x0841, 0x0841, 0x0841, 0x0841, 0x0841, 0x0841, 0x0841, 0x0841, 0x0841, 0x0841,
    0x0841, 0x0841, 0x0841, 0x0841, 0x0841, 0x0841, 0x0841, 0x0841, 0x0841, 0x0841, 0x0841, 0x0841,
    0x0841, 0x0841, 0x0841, 0x0841, 0x0841, 0x0841, 0x0841, 0x0841, 0x0841, 0x0841, 0x0841, 0x0841,
    0x0861, 0x0000, 0x41A3, 0xF5CC, 0xF5CB, 0xF58B, 0xBC49, 0x7AC6, 0x3943, 0x20C2, 0x41A3, 0xF5CB,
    0x51E4, 0xB428, 0x9367, 0x0000, 0x0861, 0x0841, 0x0841, 0x0841, 0x0841, 0x0841, 0x0841, 0x0841,
    0x0841, 0x0841, 0x0841, 0x0841, 0x0841, 0x0841, 0x0841, 0x0841, 0x0841, 0x0841, 0x0841, 0x0841,
    0x0841, 0x0841, 0x0841, 0x0841, 0x0841, 0x0841, 0x0841, 0x0841, 0x0841, 0x0841, 0x0841, 0x0861,
    0x0000, 0x9347, 0xD4CA, 0x5A24, 0xFDEC, 0x49C4, 0x18A2, 0x3123, 0x72C6, 0xBC49, 0xED6B, 0xFDEC,
    0xD4CA, 0x0861, 0x0841, 0x0841, 0x0841, 0x0841, 0x0841, 0x0841, 0x0841, 0x0841, 0x0841, 0x0841,
    0x0841, 0x0841, 0x0841, 0x0841, 0x0841, 0x0841, 0x0841, 0x0841, 0x0841, 0x0841, 0x0841, 0x0841,
    0x0841, 0x0841, 0x0841, 0x0841, 0x0841, 0x0841, 0x0841, 0x0841, 0x0841, 0x0841, 0x0841, 0x0841,
    0x0841, 0x0841, 0x0841, 0x0841, 0x0841, 0x0841, 0x0841, 0x0841, 0x0841, 0x0841, 0x0841, 0x0841,
    0x0841, 0x0841, 0x0841, 0x0841, 0x0841, 0x0841, 0x0841, 0x0841, 0x0841, 0x0841, 0x0841, 0x0841,
    0x0841, 0x0841, 0x0841, 0x0841, 0x0841, 0x0841, 0x0841, 0x0841, 0x0841, 0x0041, 0x1061, 0xF58B,
    0x7AC6, 0x49A3, 0x9367, 0xCCA9, 0xED8B, 0xF5AB, 0xD4CA, 0xFDCC, 0x9B87, 0xD4EA, 0x8B47, 0x0000,
    0x0861, 0x0841, 0x0841, 0x0841, 0x0841, 0x0841, 0x0841, 0x0841, 0x0841, 0x0841, 0x0841, 0x0841,
    0x0841, 0x0841, 0x0841, 0x0841, 0x0841, 0x0841, 0x0841, 0x0841, 0x0841, 0x0841, 0x0841, 0x0841,
    0x0841, 0x0841, 0x0841, 0x0841, 0x0841, 0x0841, 0x0841, 0x0861, 0x0000, 0x8B26, 0xD4EA, 0x9367,
    0xFDEC, 0xCCC9, 0xF58B, 0xF58B, 0xCCCA, 0x9B87, 0x49C3, 0x72A5, 0xE54A, 0x0841, 0x0841, 0x0841,
    0x0841, 0x0841, 0x0841, 0x0841, 0x0841, 0x0841, 0x0841, 0x0841, 0x0841, 0x0841, 0x0841, 0x0841,
    0x0841, 0x0841, 0x0841, 0x0841, 0x0841, 0x0841, 0x0841, 0x0841, 0x0841, 0x0841, 0x0841, 0x0841,
    0x0841, 0x0841, 0x0841, 0x0841, 0x0841, 0x0841, 0x0841, 0x0841, 0x0841, 0x0841, 0x0841, 0x0841,
    0x0841, 0x0841, 0x0841, 0x0841, 0x0841, 0x0841, 0x0841, 0x0841, 0x0841, 0x0841, 0x0841, 0x0841,
    0x0841, 0x0841, 0x0841, 0x0841, 0x0841, 0x0841, 0x0841, 0x0841, 0x0841, 0x0841, 0x0841, 0x0841,
    0x0841, 0x0841, 0x0841, 0x0841, 0x0841, 0x0861, 0x0000, 0xCCA9, 0xAC08, 0x3963, 0x2902, 0x18A2,
    0x18C2, 0x3983, 0x72A5, 0xED6B, 0xF58B, 0xFE0C, 0xA3A7, 0x0000, 0x0861, 0x0841, 0x0841, 0x0841,
    0x0841, 0x0841, 0x0841, 0x0841, 0x0841, 0x0841, 0x0841, 0x0841, 0x0841, 0x0841, 0x0841, 0x0841,
    0x0841, 0x0841, 0x0841, 0x0841, 0x0841, 0x0841, 0x0841, 0x0841, 0x0841, 0x0841, 0x0841, 0x0841,
    0x0841, 0x0841, 0x0841, 0x0861, 0x0000, 0x82E6, 0xFE2C, 0xED6B, 0xF5AB, 0x7AC6, 0x3983, 0x20C2,
    0x1081, 0x20E2, 0x3963, 0xA3C8, 0xE52A, 0x0841, 0x0841, 0x0841, 0x0841, 0x0841, 0x0841, 0x0841,
    0x0841, 0x0841, 0x0841, 0x0841, 0x0841, 0x0841, 0x0841, 0x0841, 0x0841, 0x0841, 0x0841, 0x0841,
    0x0841, 0x0841, 0x0841, 0x0841, 0x0841, 0x0841, 0x0841, 0x0841, 0x0841, 0x0841, 0x0841, 0x0841,
    0x0841, 0x0841, 0x0841, 0x0841, 0x0841, 0x0841, 0x0841, 0x0841, 0x0841, 0x0841, 0x0841, 0x0841,
    0x0841, 0x0841, 0x0841, 0x0841, 0x0841, 0x0841, 0x0841, 0x0841, 0x0841, 0x0841, 0x0841, 0x0841,
    0x0841, 0x0841, 0x0841, 0x0841, 0x0841, 0x0841, 0x0841, 0x0841, 0x0841, 0x0841, 0x0841, 0x0841,
    0x0841, 0x0841, 0x0041, 0xD4CA, 0xF5CC, 0xFDEC, 0xFE0C, 0xFDEC, 0xF5AB, 0xDD0A, 0xBC28, 0xF5EC,
    0x5204, 0x9B87, 0xBC48, 0x0000, 0x0861, 0x0841, 0x0841, 0x0841, 0x0841, 0x0841, 0x0841, 0x0841,
    0x0841, 0x0841, 0x0841, 0x0841, 0x0841, 0x0841, 0x0841, 0x0841, 0x0841, 0x0841, 0x0841, 0x0841,
    0x0841, 0x0841, 0x0841, 0x0841, 0x0841, 0x0841, 0x0841, 0x0841, 0x0841, 0x0841, 0x0841, 0x0861,
    0x0000, 0x9347, 0xBC69, 0x5A24, 0xFE0C, 0xBC49, 0xDD0A, 0xF58B, 0xFDCC, 0xFE0C, 0xFDCB, 0xEDAB,
    0xDD2A, 0x0861, 0x0841, 0x0841, 0x0841, 0x0841, 0x0841, 0x0841, 0x0841, 0x0841, 0x0841, 0x0841,
    0x0841, 0x0841, 0x0841, 0x0841, 0x0841, 0x0841, 0x0841, 0x0841, 0x0841, 0x0841, 0x0841, 0x0841,
    0x0841, 0x0841, 0x0841, 0x0841, 0x0841, 0x0841, 0x0841, 0x0841, 0x0841, 0x0841, 0x0841, 0x0841,
    0x0841, 0x0841, 0x0841, 0x0841, 0x0841, 0x0841, 0x0841, 0x0841, 0x0841, 0x0841, 0x0841, 0x0841,
    0x0841, 0x0841, 0x0841, 0x0841, 0x0841, 0x0841, 0x0841, 0x0841, 0x0841, 0x0841, 0x0841, 0x0841,
    0x0841, 0x0841, 0x0841, 0x0841, 0x0841, 0x0841, 0x0841, 0x0841, 0x0841, 0x0021, 0x20E2, 0xFDAB,
    0x3122, 0xB408, 0x9367, 0x3943, 0x6265, 0x8306, 0x9B87, 0xF60C, 0x51E4, 0x9367, 0xAC08, 0x0000,
    0x0861, 0x0841, 0x0841, 0x0841, 0x0841, 0x0841, 0x0841, 0x0841, 0x0841, 0x0841, 0x0841, 0x0841,
    0x0841, 0x0841, 0x0841, 0x0841, 0x0841, 0x0841, 0x0841, 0x0841, 0x0841, 0x0841, 0x0841, 0x0841,
    0x0841, 0x0841, 0x0841, 0x0841, 0x0841, 0x0841, 0x0841, 0x0861, 0x0000, 0x9347, 0xBC49, 0x49C4,
    0xFE0C, 0xA3C8, 0x8306, 0x6265, 0x3963, 0x8B47, 0xABE8, 0x20C2, 0xFE0C, 0x3963, 0x0000, 0x0861,
    0x0841, 0x0841, 0x0841, 0x0841, 0x0841, 0x0841, 0x0841, 0x0841, 0x0841, 0x0841, 0x0841, 0x0841,
    0x0841, 0x0841, 0x0841, 0x0841, 0x0841, 0x0841, 0x0841, 0x0841, 0x0841, 0x0841, 0x0841, 0x0841,
    0x0841, 0x0841, 0x0841, 0x0841, 0x0841, 0x0841, 0x0841, 0x0841, 0x0841, 0x0841, 0x0841, 0x0841,
    0x0841, 0x0841, 0x0841, 0x0841, 0x0841, 0x0841, 0x0841, 0x0841, 0x0841, 0x0841, 0x0841, 0x0841,
    0x0841, 0x0841, 0x0841, 0x0841, 0x0841, 0x0841, 0x0841, 0x0841, 0x0841, 0x0841, 0x0841, 0x0841,
    0x0841, 0x0841, 0x0841, 0x0841, 0x0861, 0x0000, 0x2902, 0xF58B, 0x0020, 0xB428, 0x72A6, 0x0000,
    0x0000, 0x0000, 0x0000, 0xE50A, 0x5A24, 0x9367, 0xBC48, 0x0000, 0x0861, 0x0841, 0x0841, 0x0841,
    0x0841, 0x0841, 0x0841, 0x0841, 0x0841, 0x0841, 0x0841, 0x0841, 0x0841, 0x0841, 0x0841, 0x0841,
    0x0841, 0x0841, 0x0841, 0x0841, 0x0841, 0x0841, 0x0841, 0x0841, 0x0841, 0x0841, 0x0841, 0x0841,
    0x0841, 0x0841, 0x0841, 0x0861, 0x0000, 0x9347, 0xBC49, 0x3963, 0xF58B, 0x0000, 0x0000, 0x0000,
    0x0000, 0x72A6, 0xBC28, 0x0020, 0xFDAB, 0x3943, 0x0000, 0x0861, 0x0841, 0x0841, 0x0841, 0x0841,
    0x0841, 0x0841, 0x0841, 0x0841, 0x0841, 0x0841, 0x0841, 0x0841, 0x0841, 0x0841, 0x0841, 0x0841,
    0x0841, 0x0841, 0x0841, 0x0841, 0x0841, 0x0841, 0x0841, 0x0841, 0x0841, 0x0841, 0x0841, 0x0841,
    0x0841, 0x0841, 0x0841, 0x0841, 0x0841, 0x0841, 0x0841, 0x0841, 0x0841, 0x0841, 0x0841, 0x0841,
    0x0841, 0x0841, 0x0841, 0x0841, 0x0841, 0x0841, 0x0841, 0x0841, 0x0841, 0x0841, 0x0841, 0x0841,
    0x0841, 0x0841, 0x0841, 0x0841, 0x0841, 0x0841, 0x0841, 0x0841, 0x0841, 0x0841, 0x0841, 0x0841,
    0x0841, 0x1081, 0x9367, 0xF5AB, 0x0041, 0xB428, 0x7AE6, 0x0000, 0x1061, 0x0861, 0x0021, 0xE52A,
    0x5A24, 0x9367, 0xBC48, 0x0000, 0x0861, 0x0841, 0x0841, 0x0841, 0x0841, 0x0841, 0x0841, 0x0841,
    0x0841, 0x0841, 0x0841, 0x0841, 0x0841, 0x0841, 0x0841, 0x0841, 0x0841, 0x0841, 0x0841, 0x0841,
    0x0841, 0x0841, 0x0841, 0x0841, 0x0841, 0x0841, 0x0841, 0x0841, 0x0841, 0x0841, 0x0841, 0x0861,
    0x0000, 0x9347, 0xBC49, 0x3963, 0xF58B, 0x18A1, 0x0841, 0x1061, 0x0000, 0x7AE6, 0xB428, 0x0041,
    0xF58B, 0x9367, 0x1081, 0x0841, 0x0841, 0x0841, 0x0841, 0x0841, 0x0841, 0x0841, 0x0841, 0x0841,
    0x0841, 0x0841, 0x0841, 0x0841, 0x0841, 0x0841, 0x0841, 0x0841, 0x0841, 0x0841, 0x0841, 0x0841,
    0x0841, 0x0841, 0x0841, 0x0841, 0x0841, 0x0841, 0x0841, 0x0841, 0x0841, 0x0841, 0x0841, 0x0841,
    0x0841, 0x0841, 0x0841, 0x0841, 0x0841, 0x0841, 0x0841, 0x0841, 0x0841, 0x0841, 0x0841, 0x0841,
    0x0841, 0x0841, 0x0841, 0x0841, 0x0841, 0x0841, 0x0841, 0x0841, 0x0841, 0x0841, 0x0841, 0x0841,
    0x0841, 0x0841, 0x0841, 0x0841, 0x0841, 0x0841, 0x0841, 0x0861, 0x0000, 0x6A85, 0xFE8D, 0xED6B,
    0x0041, 0xB428, 0x7AC6, 0x0000, 0x0861, 0x0841, 0x0841, 0xED6B, 0x5A24, 0x9367, 0xBC48, 0x0000,
    0x0861, 0x0841, 0x0841, 0x0841, 0x0841, 0x0841, 0x0841, 0x0841, 0x0841, 0x0841, 0x0841, 0x0841,
    0x0841, 0x0841, 0x0841, 0x0841, 0x0841, 0x0841, 0x0841, 0x0841, 0x0841, 0x0841, 0x0841, 0x0841,
    0x0841, 0x0841, 0x0841, 0x0841, 0x0841, 0x0841, 0x0841, 0x0861, 0x0000, 0x9347, 0xBC49, 0x3963,
    0xF58B, 0x1081, 0x0041, 0x0861, 0x0000, 0x7AC6, 0xB428, 0x0041, 0xED6B, 0xFE8D, 0x8306, 0x0000,
    0x0861, 0x0841, 0x0841, 0x0841, 0x0841, 0x0841, 0x0841, 0x0841, 0x0841, 0x0841, 0x0841, 0x0841,
    0x0841, 0x0841, 0x0841, 0x0841, 0x0841, 0x0841, 0x0841, 0x0841, 0x0841, 0x0841, 0x0841, 0x0841,
    0x0841, 0x0841, 0x0841, 0x0841, 0x0841, 0x0841, 0x0841, 0x0841, 0x0841, 0x0841, 0x0841, 0x0841,
    0x0841, 0x0841, 0x0841, 0x0841, 0x0841, 0x0841, 0x0841, 0x0841, 0x0841, 0x0841, 0x0841, 0x0841,
    0x0841, 0x0841, 0x0841, 0x0841, 0x0841, 0x0841, 0x0841, 0x0841, 0x0841, 0x0841, 0x0841, 0x0841,
    0x0841, 0x0841, 0x0841, 0x0861, 0x0000, 0x6A85, 0xFE2C, 0xED6B, 0x0041, 0xB428, 0x7AC6, 0x0000,
    0x0861, 0x0041, 0x1081, 0xFDCC, 0x5A04, 0x9367, 0xBC48, 0x0000, 0x0861, 0x0841, 0x0841, 0x0841,
    0x0841, 0x0841, 0x0841, 0x0841, 0x0841, 0x0841, 0x0841, 0x0841, 0x0841, 0x0841, 0x0841, 0x0841,
    0x0841, 0x0841, 0x0841, 0x0841, 0x0841, 0x0841, 0x0841, 0x0841, 0x0841, 0x0841, 0x0841, 0x0841,
    0x0841, 0x0841, 0x0841, 0x0861, 0x0000, 0x9347, 0xBC49, 0x3963, 0xF58B, 0x1081, 0x0041, 0x0861,
    0x0000, 0x7AC6, 0xB428, 0x0041, 0xED6B, 0xFE4C, 0x9367, 0x0000, 0x0861, 0x0841, 0x0841, 0x0841,
    0x0841, 0x0841, 0x0841, 0x0841, 0x0841, 0x0841, 0x0841, 0x0841, 0x0841, 0x0841, 0x0841, 0x0841,
    0x0841, 0x0841, 0x0841, 0x0841, 0x0841, 0x0841, 0x0841, 0x0841, 0x0841, 0x0841, 0x0841, 0x0841,
    0x0841, 0x0841, 0x0841, 0x0841, 0x0841, 0x0841, 0x0841, 0x0841, 0x0841, 0x0841, 0x0841, 0x0841,
    0x0841, 0x0841, 0x0841, 0x0841, 0x0841, 0x0841, 0x0841, 0x0841, 0x0841, 0x0841, 0x0841, 0x0841,
    0x0841, 0x0841, 0x0841, 0x0841, 0x0841, 0x0841, 0x0841, 0x0841, 0x0841, 0x0841, 0x0841, 0x0861,
    0x0000, 0x6A85, 0xFE4D, 0xED6B, 0x0041, 0xB428, 0x7AC6, 0x0000, 0x0861, 0x0041, 0x1081, 0xFDCB,
    0x51E4, 0x9367, 0xBC48, 0x0000, 0x0861, 0x0841, 0x0841, 0x0841, 0x0841, 0x0841, 0x0841, 0x0841,
    0x0841, 0x0841, 0x0841, 0x0841, 0x0841, 0x0841, 0x0841, 0x0841, 0x0841, 0x0841, 0x0841, 0x0841,
    0x0841, 0x0841, 0x0841, 0x0841, 0x0841, 0x0841, 0x0841, 0x0841, 0x0841, 0x0841, 0x0841, 0x0861,
    0x0000, 0x8B47, 0xBC49, 0x3963, 0xF58B, 0x1081, 0x0041, 0x0861, 0x0000, 0x7AC6, 0xB428, 0x0041,
    0xED6B, 0xFE4D, 0x8B47, 0x0000, 0x0861, 0x0841, 0x0841, 0x0841, 0x0841, 0x0841, 0x0841, 0x0841,
    0x0841, 0x0841, 0x0841, 0x0841, 0x0841, 0x0841, 0x0841, 0x0841, 0x0841, 0x0841, 0x0841, 0x0841,
    0x0841, 0x0841, 0x0841, 0x0841, 0x0841, 0x0841, 0x0841, 0x0841, 0x0841, 0x0841, 0x0841, 0x0841,
    0x0841, 0x0841, 0x0841, 0x0841, 0x0841, 0x0841, 0x0841, 0x0841, 0x0841, 0x0841, 0x0841, 0x0841,
    0x0841, 0x0841, 0x0841, 0x0841, 0x0841, 0x0841, 0x0841, 0x0841, 0x0841, 0x0841, 0x0841, 0x0841,
    0x0841, 0x0841, 0x0841, 0x0841, 0x0841, 0x0841, 0x0841, 0x0861, 0x0000, 0x6A85, 0xFE4D, 0xED6B,
    0x0041, 0xB428, 0x7AC6, 0x0000, 0x0861, 0x0041, 0x1081, 0xF5AB, 0x3143, 0x9B87, 0xBC28, 0x0000,
    0x0861, 0x0841, 0x0841, 0x0841, 0x0841, 0x0841, 0x0841, 0x0841, 0x0841, 0x0841, 0x0841, 0x0841,
    0x0841, 0x0841, 0x0841, 0x0841, 0x0841, 0x0841, 0x0841, 0x0841, 0x0841, 0x0841, 0x0841, 0x0841,
    0x0841, 0x0841, 0x0841, 0x0841, 0x0841, 0x0841, 0x0841, 0x0861, 0x0000, 0x9BA7, 0xBC49, 0x3963,
    0xFDEC, 0x20C2, 0x0021, 0x1061, 0x0000, 0x7AC6, 0xB428, 0x0041, 0xED6B, 0xFE4D, 0x9347, 0x0000,
    0x0861, 0x0841, 0x0841, 0x0841, 0x0841, 0x0841, 0x0841, 0x0841, 0x0841, 0x0841, 0x0841, 0x0841,
    0x0841, 0x0841, 0x0841, 0x0841, 0x0841, 0x0841, 0x0841, 0x0841, 0x0841, 0x0841, 0x0841, 0x0841,
    0x0841, 0x0841, 0x0841, 0x0841, 0x0841, 0x0841, 0x0841, 0x0841, 0x0841, 0x0841, 0x0841, 0x0841,
    0x0841, 0x0841, 0x0841, 0x0841, 0x0841, 0x0841, 0x0841, 0x0841, 0x0841, 0x0841, 0x0841, 0x0841,
    0x0841, 0x0841, 0x0841, 0x0841, 0x0841, 0x0841, 0x0841, 0x0841, 0x0841, 0x0841, 0x0841, 0x0841,
    0x0841, 0x0841, 0x0841, 0x0861, 0x0000, 0x6A85, 0xFE4D, 0xED6B, 0x0041, 0xB428, 0x7AC6, 0x0000,
    0x0861, 0x0041, 0x1081, 0xF58B, 0x3143, 0x9B87, 0xBC28, 0x0000, 0x0861, 0x0841, 0x0841, 0x0841,
    0x0841, 0x0841, 0x0841, 0x0841, 0x0841, 0x0841, 0x0841, 0x0841, 0x0841, 0x0841, 0x0841, 0x0841,
    0x0841, 0x0841, 0x0841, 0x0841, 0x0841, 0x0841, 0x0841, 0x0841, 0x0841, 0x0841, 0x0841, 0x0841,
    0x0841, 0x0841, 0x0841, 0x0861, 0x0000, 0xB428, 0xBC49, 0x2922, 0xFE0C, 0x2922, 0x0020, 0x1061,
    0x0000, 0x7AC6, 0xB428, 0x0041, 0xED6B, 0xFE4D, 0x9347, 0x0000, 0x0861, 0x0841, 0x0841, 0x0841,
    0x0841, 0x0841, 0x0841, 0x0841, 0x0841, 0x0841, 0x0841, 0x0841, 0x0841, 0x0841, 0x0841, 0x0841,
    0x0841, 0x0841, 0x0841, 0x0841, 0x0841, 0x0841, 0x0841, 0x0841, 0x0841, 0x0841, 0x0841, 0x0841,
    0x0841, 0x0841, 0x0841, 0x0841, 0x0841, 0x0841, 0x0841, 0x0841, 0x0841, 0x0841, 0x0841, 0x0841,
    0x0841, 0x0841, 0x0841, 0x0841, 0x0841, 0x0841, 0x0841, 0x0841, 0x0841, 0x0841, 0x0841, 0x0841,
    0x0841, 0x0841, 0x0841, 0x0841, 0x0841, 0x0841, 0x0841, 0x0841, 0x0841, 0x0841, 0x0841, 0x0861,
    0x0000, 0x6A85, 0xFE4D, 0xED6B, 0x0041, 0xB428, 0x7AC6, 0x0000, 0x1061, 0x0021, 0x20E2, 0xFDEC,
    0x3143, 0x9B87, 0xBC28, 0x0000, 0x0861, 0x0841, 0x0841, 0x0841, 0x0841, 0x0841, 0x0841, 0x0841,
    0x0841, 0x0841, 0x0841, 0x0841, 0x0841, 0x0841, 0x0841, 0x0841, 0x0841, 0x0841, 0x0841, 0x0841,
    0x0841, 0x0841, 0x0841, 0x0841, 0x0841, 0x0841, 0x0841, 0x0841, 0x0841, 0x0841, 0x0841, 0x0861,
    0x0000, 0xB428, 0xC469, 0x1081, 0xFDAB, 0x2922, 0x0020, 0x1061, 0x0000, 0x7AC6, 0xB428, 0x0041,
    0xED6B, 0xFE4D, 0x9347, 0x0000, 0x0861, 0x0841, 0x0841, 0x0841, 0x0841, 0x0841, 0x0841, 0x0841,
    0x0841, 0x0841, 0x0841, 0x0841, 0x0841, 0x0841, 0x0841, 0x0841, 0x0841, 0x0841, 0x0841, 0x0841,
    0x0841, 0x0841, 0x0841, 0x0841, 0x0841, 0x0841, 0x0841, 0x0841, 0x0841, 0x0841, 0x0841, 0x0841,
    0x0841, 0x0841, 0x0841, 0x0841, 0x0841, 0x0841, 0x0841, 0x0841, 0x0841, 0x0841, 0x0841, 0x0841,
    0x0841, 0x0841, 0x0841, 0x0841, 0x0841, 0x0841, 0x0841, 0x0841, 0x0841, 0x0841, 0x0841, 0x0841,
    0x0841, 0x0841, 0x0841, 0x0841, 0x0841, 0x0841, 0x0841, 0x0861, 0x0000, 0x6A85, 0xFE4D, 0xED6B,
    0x0041, 0xB428, 0x7AC6, 0x0000, 0x1061, 0x0020, 0x2902, 0xFDEC, 0x20E2, 0x8306, 0xB428, 0x0000,
    0x0861, 0x0841, 0x0841, 0x0841, 0x0841, 0x0841, 0x0841, 0x0841, 0x0841, 0x0841, 0x0841, 0x0841,
    0x0841, 0x0841, 0x0841, 0x0841, 0x0841, 0x0841, 0x0841, 0x0841, 0x0841, 0x0841, 0x0841, 0x0841,
    0x0841, 0x0841, 0x0841, 0x0841, 0x0841, 0x0841, 0x0841, 0x0861, 0x0000, 0xB428, 0xC469, 0x1081,
    0xFDEC, 0x41A3, 0x0000, 0x1061, 0x0000, 0x7AC6, 0xB428, 0x0041, 0xED6B, 0xFE4D, 0x9347, 0x0000,
    0x0861, 0x0841, 0x0841, 0x0841, 0x0841, 0x0841, 0x0841, 0x0841, 0x0841, 0x0841, 0x0841, 0x0841,
    0x0841, 0x0841, 0x0841, 0x0841, 0x0841, 0x0841, 0x0841, 0x0841, 0x0841, 0x0841, 0x0841, 0x0841,
    0x0841, 0x0841, 0x0841, 0x0841, 0x0841, 0x0841, 0x0841, 0x0841, 0x0841, 0x0841, 0x0841, 0x0841,
    0x0841, 0x0841, 0x0841, 0x0841, 0x0841, 0x0841, 0x0841, 0x0841, 0x0841, 0x0841, 0x0841, 0x0841,
    0x0841, 0x0841, 0x0841, 0x0841, 0x0841, 0x0841, 0x0841, 0x0841, 0x0841, 0x0841, 0x0841, 0x0841,
    0x0841, 0x0841, 0x0841, 0x0861, 0x0000, 0x6A85, 0xFE4D, 0xED6B, 0x0041, 0xB428, 0x7AC6, 0x0000,
    0x1061, 0x0000, 0x3143, 0xFDCC, 0x1061, 0xA3A7, 0xB428, 0x0000, 0x0861, 0x0841, 0x0841, 0x0841,
    0x0841, 0x0841, 0x0841, 0x0841, 0x0841, 0x0841, 0x0841, 0x0841, 0x0841, 0x0841, 0x0841, 0x0841,
    0x0841, 0x0841, 0x0841, 0x0841, 0x0841, 0x0841, 0x0841, 0x0841, 0x0841, 0x0841, 0x0841, 0x0841,
    0x0841, 0x0841, 0x0841, 0x0861, 0x0000, 0xB428, 0xC469, 0x1081, 0xFDEC, 0x49E4, 0x0000, 0x1061,
    0x0000, 0x7AC6, 0xB428, 0x0041, 0xED6B, 0xFE4D, 0x9347, 0x0000, 0x0861, 0x0841, 0x0841, 0x0841,
    0x0841, 0x0841, 0x0841, 0x0841, 0x0841, 0x0841, 0x0841, 0x0841, 0x0841, 0x0841, 0x0841, 0x0841,
    0x0841, 0x0841, 0x0841, 0x0841, 0x0841, 0x0841, 0x0841, 0x0841, 0x0841, 0x0841, 0x0841, 0x0841,
    0x0841, 0x0841, 0x0841, 0x0841, 0x0841, 0x0841, 0x0841, 0x0841, 0x0841, 0x0841, 0x0841, 0x0841,
    0x0841, 0x0841, 0x0841, 0x0841, 0x0841, 0x0841, 0x0841, 0x0841, 0x0841, 0x0841, 0x0841, 0x0841,
    0x0841, 0x0841, 0x0841, 0x0841, 0x0841, 0x0841, 0x0841, 0x0841, 0x0841, 0x0841, 0x0841, 0x0861,
    0x0000, 0x6A85, 0xFE4D, 0xED6B, 0x0041, 0xB428, 0x7AC6, 0x0000, 0x1061, 0x0000, 0x49C4, 0xFE0C,
    0x1081, 0x8B26, 0xB428, 0x0000, 0x0861, 0x0841, 0x0841, 0x0841, 0x0841, 0x0841, 0x0841, 0x0841,
    0x0841, 0x0841, 0x0841, 0x0841, 0x0841, 0x0841, 0x0841, 0x0841, 0x0841, 0x0841, 0x0841, 0x0841,
    0x0841, 0x0841, 0x0841, 0x0841, 0x0841, 0x0841, 0x0841, 0x0841, 0x0841, 0x0841, 0x0841, 0x0861,
    0x0000, 0xB408, 0xC489, 0x0000, 0xF56B, 0x5A24, 0x0000, 0x1061, 0x0000, 0x7AC6, 0xB428, 0x0041,
    0xED6B, 0xFE4D, 0x9347, 0x0000, 0x0861, 0x0841, 0x0841, 0x0841, 0x0841, 0x0841, 0x0841, 0x0841,
    0x0841, 0x0841, 0x0841, 0x0841, 0x0841, 0x0841, 0x0841, 0x0841, 0x0841, 0x0841, 0x0841, 0x0841,
    0x0841, 0x0841, 0x0841, 0x0841, 0x0841, 0x0841, 0x0841, 0x0841, 0x0841, 0x0841, 0x0841, 0x0841,
    0x0841, 0x0841, 0x0841, 0x0841, 0x0841, 0x0841, 0x0841, 0x0841, 0x0841, 0x0841, 0x0841, 0x0841,
    0x0841, 0x0841, 0x0841, 0x0841, 0x0841, 0x0841, 0x0841, 0x0841, 0x0841, 0x0841, 0x0841, 0x0841,
    0x0841, 0x0841, 0x0841, 0x0841, 0x0841, 0x0841, 0x0841, 0x0861, 0x0000, 0x6A85, 0xFE4D, 0xED6B,
    0x0041, 0xB428, 0x7AC6, 0x0000, 0x1061, 0x0000, 0x51E4, 0xF5AB, 0x0020, 0xA3A7, 0xB428, 0x0000,
    0x0861, 0x0841, 0x0841, 0x0841, 0x0841, 0x0841, 0x0841, 0x0841, 0x0841, 0x0841, 0x0841, 0x0841,
    0x0841, 0x0841, 0x0841, 0x0841, 0x0841, 0x0841, 0x0841, 0x0841, 0x0841, 0x0841, 0x0841, 0x0841,
    0x0841, 0x0841, 0x0841, 0x0841, 0x0841, 0x0841, 0x0841, 0x0861, 0x0000, 0xB408, 0xCCA9, 0x0000,
    0xF58B, 0x72C6, 0x0000, 0x1081, 0x0000, 0x7AC6, 0xB428, 0x0041, 0xED6B, 0xFE4D, 0x9347, 0x0000,
    0x0861, 0x0841, 0x0841, 0x0841, 0x0841, 0x0841, 0x0841, 0x0841, 0x0841, 0x0841, 0x0841, 0x0841,
    0x0841, 0x0841, 0x0841, 0x0841, 0x0841, 0x0841, 0x0841, 0x0841, 0x0841, 0x0841, 0x0841, 0x0841,
    0x0841, 0x0841, 0x0841, 0x0841, 0x0841, 0x0841, 0x0841, 0x0841, 0x0841, 0x0841, 0x0841, 0x0841,
    0x0841, 0x0841, 0x0841, 0x0841, 0x0841, 0x0841, 0x0841, 0x0841, 0x0841, 0x0841, 0x0841, 0x0841,
    0x0841, 0x0841, 0x0841, 0x0841, 0x0841, 0x0841, 0x0841, 0x0841, 0x0841, 0x0841, 0x0841, 0x0841,
    0x0841, 0x0841, 0x0841, 0x0861, 0x0000, 0x6A85, 0xFE2C, 0xED4B, 0x0841, 0xB428, 0x7AC6, 0x0000,
    0x1081, 0x0000, 0x72A5, 0xF58B, 0x0000, 0x7AE6, 0xB408, 0x0000, 0x0861, 0x0841, 0x0841, 0x0841,
    0x0841, 0x0841, 0x0841, 0x0841, 0x0841, 0x0841, 0x0841, 0x0841, 0x0841, 0x0841, 0x0841, 0x0841,
    0x0841, 0x0841, 0x0841, 0x0841, 0x0841, 0x0841, 0x0841, 0x0841, 0x0841, 0x0841, 0x0841, 0x0841,
    0x0841, 0x0841, 0x0841, 0x0861, 0x0000, 0xB428, 0xB408, 0x0000, 0xED4B, 0x8306, 0x0000, 0x1081,
    0x0000, 0x7AC6, 0xB428, 0x0041, 0xED6B, 0xFE4D, 0x9347, 0x0000, 0x0861, 0x0841, 0x0841, 0x0841,
    0x0841, 0x0841, 0x0841, 0x0841, 0x0841, 0x0841, 0x0841, 0x0841, 0x0841, 0x0841, 0x0841, 0x0841,
    0x0841, 0x0841, 0x0841, 0x0841, 0x0841, 0x0841, 0x0841, 0x0841, 0x0841, 0x0841, 0x0841, 0x0841,
    0x0841, 0x0841, 0x0841, 0x0841, 0x0841, 0x0841, 0x0841, 0x0841, 0x0841, 0x0841, 0x0841, 0x0841,
    0x0841, 0x0841, 0x0841, 0x0841, 0x0841, 0x0841, 0x0841, 0x0841, 0x0841, 0x0841, 0x0841, 0x0841,
    0x0841, 0x0841, 0x0841, 0x0841, 0x0841, 0x0841, 0x0841, 0x0841, 0x0841, 0x0841, 0x0841, 0x0861,
    0x0000, 0x7AC6, 0xFDAB, 0xDD0A, 0x0841, 0xBC28, 0x7AC6, 0x0000, 0x1081, 0x0000, 0x9367, 0xE52A,
    0x0000, 0x72C6, 0xB408, 0x0000, 0x0861, 0x0841, 0x0841, 0x0841, 0x0841, 0x0841, 0x0841, 0x0841,
    0x0841, 0x0841, 0x0841, 0x0841, 0x0841, 0x0841, 0x0841, 0x0841, 0x0841, 0x0841, 0x0841, 0x0841,
    0x0841, 0x0841, 0x0841, 0x0841, 0x0841, 0x0841, 0x0841, 0x0841, 0x0841, 0x0841, 0x0841, 0x0861,
    0x0000, 0xB428, 0xBC49, 0x0000, 0xD4C9, 0xABE8, 0x0000, 0x1081, 0x0000, 0x7AC6, 0xB428, 0x0841,
    0xED6B, 0xFE4C, 0x8306, 0x0000, 0x0861, 0x0841, 0x0841, 0x0841, 0x0841, 0x0841, 0x0841, 0x0841,
    0x0841, 0x0841, 0x0841, 0x0841, 0x0841, 0x0841, 0x0841, 0x0841, 0x0841, 0x0841, 0x0841, 0x0841,
    0x0841, 0x0841, 0x0841, 0x0841, 0x0841, 0x0841, 0x0841, 0x0841, 0x0841, 0x0841, 0x0841, 0x0841,
    0x0841, 0x0841, 0x0841, 0x0841, 0x0841, 0x0841, 0x0841, 0x0841, 0x0841, 0x0841, 0x0841, 0x0841,
    0x0841, 0x0841, 0x0841, 0x0841, 0x0841, 0x0841, 0x0841, 0x0841, 0x0841, 0x0841, 0x0841, 0x0841,
    0x0841, 0x0841, 0x0841, 0x0841, 0x0841, 0x0841, 0x0841, 0x0861, 0x0000, 0x9367, 0xFDAB, 0xDD0A,
    0x0021, 0xB408, 0x7AE6, 0x0000, 0x1061, 0x0000, 0xCCA9, 0xB428, 0x0000, 0xD4EA, 0xB408, 0x0000,
    0x0861, 0x0841, 0x0841, 0x0841, 0x0841, 0x0841, 0x0841, 0x0841, 0x0841, 0x0841, 0x0841, 0x0841,
    0x0841, 0x0841, 0x0841, 0x0841, 0x0841, 0x0841, 0x0841, 0x0841, 0x0841, 0x0841, 0x0841, 0x0841,
    0x0841, 0x0841, 0x0841, 0x0841, 0x0841, 0x0841, 0x0841, 0x0861, 0x0000, 0xABE8, 0xE54B, 0x0000,
    0xA3C8, 0xD4CA, 0x0000, 0x1061, 0x0000, 0x7AC6, 0xB428, 0x0000, 0xED6B, 0xFE6D, 0x8B26, 0x0000,
    0x0861, 0x0841, 0x0841, 0x0841, 0x0841, 0x0841, 0x0841, 0x0841, 0x0841, 0x0841, 0x0841, 0x0841,
    0x0841, 0x0841, 0x0841, 0x0841, 0x0841, 0x0841, 0x0841, 0x0841, 0x0841, 0x0841, 0x0841, 0x0841,
    0x0841, 0x0841, 0x0841, 0x0841, 0x0841, 0x0841, 0x0841, 0x0841, 0x0841, 0x0841, 0x0841, 0x0841,
    0x0841, 0x0841, 0x0841, 0x0841, 0x0841, 0x0841, 0x0841, 0x0841, 0x0841, 0x0841, 0x0841, 0x0841,
    0x0841, 0x0841, 0x0841, 0x0841, 0x0841, 0x0841, 0x0841, 0x0841, 0x0841, 0x0841, 0x0841, 0x0841,
    0x0841, 0x0841, 0x0841, 0x0861, 0x0000, 0x9367, 0xF58B, 0xED6B, 0x4183, 0xBC69, 0x7AC6, 0x0000,
    0x0841, 0x18A1, 0xFDEC, 0x5A25, 0x5A25, 0xFEAD, 0xA3A7, 0x0000, 0x0861, 0x0841, 0x0841, 0x0841,
    0x0841, 0x0841, 0x0841, 0x0841, 0x0841, 0x0841, 0x0841, 0x0841, 0x0841, 0x0841, 0x0841, 0x0841,
    0x0841, 0x0841, 0x0841, 0x0841, 0x0841, 0x0841, 0x0841, 0x0841, 0x0841, 0x0841, 0x0841, 0x0841,
    0x0841, 0x0841, 0x0841, 0x0861, 0x0000, 0x9BA7, 0xFECD, 0x7AC6, 0x49E4, 0xFE2C, 0x20E2, 0x0021,
    0x0000, 0x7AC6, 0xC469, 0x4183, 0xED6B, 0xED8B, 0x9B87, 0x0000, 0x0861, 0x0841, 0x0841, 0x0841,
    0x0841, 0x0841, 0x0841, 0x0841, 0x0841, 0x0841, 0x0841, 0x0841, 0x0841, 0x0841, 0x0841, 0x0841,
    0x0841, 0x0841, 0x0841, 0x0841, 0x0841, 0x0841, 0x0841, 0x0841, 0x0841, 0x0841, 0x0841, 0x0841,
    0x0841, 0x0841, 0x0841, 0x0841, 0x0841, 0x0841, 0x0841, 0x0841, 0x0841, 0x0841, 0x0841, 0x0841,
    0x0841, 0x0841, 0x0841, 0x0841, 0x0841, 0x0841, 0x0841, 0x0841, 0x0841, 0x0841, 0x0841, 0x0841,
    0x0841, 0x0841, 0x0841, 0x0841, 0x0841, 0x0841, 0x0841, 0x0841, 0x0841, 0x0841, 0x0841, 0x0861,
    0x0000, 0xAC08, 0xC469, 0xD4CA, 0xED8B, 0xF5EC, 0x6A85, 0x0000, 0x0000, 0x6A85, 0xFE0C, 0x49C4,
    0xED6B, 0xF5EC, 0xA3C8, 0x0000, 0x0861, 0x0841, 0x0841, 0x0841, 0x0841, 0x0841, 0x0841, 0x0841,
    0x0841, 0x0841, 0x0841, 0x0841, 0x0841, 0x0841, 0x0841, 0x0841, 0x0841, 0x0841, 0x0841, 0x0841,
    0x0841, 0x0841, 0x0841, 0x0841, 0x0841, 0x0841, 0x0841, 0x0841, 0x0841, 0x0841, 0x0841, 0x0861,
    0x0000, 0xA3C8, 0xED8B, 0xFDAB, 0x3963, 0xED8B, 0x8306, 0x0000, 0x0000, 0x6A85, 0xF5EC, 0xF58B,
    0xE52A, 0xCCA9, 0xBC49, 0x0000, 0x0861, 0x0841, 0x0841, 0x0841, 0x0841, 0x0841, 0x0841, 0x0841,
    0x0841, 0x0841, 0x0841, 0x0841, 0x0841, 0x0841, 0x0841, 0x0841, 0x0841, 0x0841, 0x0841, 0x0841,
    0x0841, 0x0841, 0x0841, 0x0841, 0x0841, 0x0841, 0x0841, 0x0841, 0x0841, 0x0841, 0x0841, 0x0841,
    0x0841, 0x0841, 0x0841, 0x0841, 0x0841, 0x0841, 0x0841, 0x0841, 0x0841, 0x0841, 0x0841, 0x0841,
    0x0841, 0x0841, 0x0841, 0x0841, 0x0841, 0x0841, 0x0841, 0x0841, 0x0841, 0x0841, 0x0841, 0x0841,
    0x0841, 0x0841, 0x0841, 0x0841, 0x0841, 0x0841, 0x0841, 0x0841, 0x0000, 0xD4EA, 0xA3C8, 0xC489,
    0x72A5, 0xABE8, 0x7AE6, 0x0000, 0x0020, 0xD4EA, 0xB408, 0xA3C8, 0xD4EA, 0xA3A7, 0xB428, 0x0000,
    0x0861, 0x0841, 0x0841, 0x0841, 0x0841, 0x0841, 0x0841, 0x0841, 0x0841, 0x0841, 0x0841, 0x0841,
    0x0841, 0x0841, 0x0841, 0x0841, 0x0841, 0x0841, 0x0841, 0x0841, 0x0841, 0x0841, 0x0841, 0x0841,
    0x0841, 0x0841, 0x0841, 0x0841, 0x0841, 0x0841, 0x0841, 0x0861, 0x0000, 0xB428, 0x9B87, 0xBC49,
    0xBC28, 0xABE8, 0xE52A, 0x0041, 0x0000, 0x7AE6, 0xAC08, 0x5A04, 0xD4EA, 0x9387, 0xDD0A, 0x0020,
    0x0841, 0x0841, 0x0841, 0x0841, 0x0841, 0x0841, 0x0841, 0x0841, 0x0841, 0x0841, 0x0841, 0x0841,
    0x0841, 0x0841, 0x0841, 0x0841, 0x0841, 0x0841, 0x0841, 0x0841, 0x0841, 0x0841, 0x0841, 0x0841,
    0x0841, 0x0841, 0x0841, 0x0841, 0x0841, 0x0841, 0x0841, 0x0841, 0x0841, 0x0841, 0x0841, 0x0841,
    0x0841, 0x0841, 0x0841, 0x0841, 0x0841, 0x0841, 0x0841, 0x0841, 0x0841, 0x0841, 0x0841, 0x0841,
    0x0841, 0x0841, 0x0841, 0x0841, 0x0841, 0x0841, 0x0841, 0x0841, 0x0841, 0x0841, 0x0841, 0x0841,
    0x0841, 0x0841, 0x0841, 0x0021, 0x1081, 0xFDCC, 0x6A65, 0xB408, 0x8B26, 0xABC8, 0x9BA7, 0x0000,
    0x3143, 0xFE0C, 0x7AC6, 0xF5AB, 0x51E4, 0x9367, 0xBC48, 0x0000, 0x0861, 0x0841, 0x0841, 0x0841,
    0x0841, 0x0841, 0x0841, 0x0841, 0x0841, 0x0841, 0x0841, 0x0841, 0x0841, 0x0841, 0x0841, 0x0841,
    0x0841, 0x0841, 0x0841, 0x0841, 0x0841, 0x0841, 0x0841, 0x0841, 0x0841, 0x0841, 0x0841, 0x0841,
    0x0841, 0x0841, 0x0841, 0x0861, 0x0000, 0xBC48, 0x9367, 0x3963, 0xFDEC, 0x72C6, 0xFE0C, 0x49A4,
    0x0000, 0x8306, 0xA3C8, 0x72A5, 0xC489, 0x5204, 0xFE0C, 0x18C2, 0x0021, 0x0841, 0x0841, 0x0841,
    0x0841, 0x0841, 0x0841, 0x0841, 0x0841, 0x0841, 0x0841, 0x0841, 0x0841, 0x0841, 0x0841, 0x0841,
    0x0841, 0x0841, 0x0841, 0x0841, 0x0841, 0x0841, 0x0841, 0x0841, 0x0841, 0x0841, 0x0841, 0x0841,
    0x0841, 0x0841, 0x0841, 0x0841, 0x0841, 0x0841, 0x0841, 0x0841, 0x0841, 0x0841, 0x0841, 0x0841,
    0x0841, 0x0841, 0x0841, 0x0841, 0x0841, 0x0841, 0x0841, 0x0841, 0x0841, 0x0841, 0x0841, 0x0841,
    0x0841, 0x0841, 0x0841, 0x0841, 0x0841, 0x0841, 0x0841, 0x0841, 0x0841, 0x0841, 0x0861, 0x0000,
    0x3983, 0xFE2C, 0x20E2, 0x9BA7, 0xABE8, 0xA3C8, 0xA3C8, 0x0000, 0xA3C8, 0xE52A, 0x9B87, 0xF58B,
    0x0000, 0xA3C8, 0xB428, 0x0000, 0x0861, 0x0841, 0x0841, 0x0841, 0x0841, 0x0841, 0x0841, 0x0841,
    0x0841, 0x0841, 0x0841, 0x0841, 0x0841, 0x0841, 0x0841, 0x0841, 0x0841, 0x0841, 0x0841, 0x0841,
    0x0841, 0x0841, 0x0841, 0x0841, 0x0841, 0x0841, 0x0841, 0x0841, 0x0841, 0x0841, 0x0841, 0x0861,
    0x0000, 0xB428, 0xABC8, 0x0000, 0xE54B, 0xA3A7, 0xD4CA, 0xB428, 0x0000, 0xA3A7, 0xABE8, 0x9367,
    0xB408, 0x18A2, 0xFE2C, 0x49C4, 0x0000, 0x0861, 0x0841, 0x0841, 0x0841, 0x0841, 0x0841, 0x0841,
    0x0841, 0x0841, 0x0841, 0x0841, 0x0841, 0x0841, 0x0841, 0x0841, 0x0841, 0x0841, 0x0841, 0x0841,
    0x0841, 0x0841, 0x0841, 0x0841, 0x0841, 0x0841, 0x0841, 0x0841, 0x0841, 0x0841, 0x0841, 0x0841,
    0x0841, 0x0841, 0x0841, 0x0841, 0x0841, 0x0841, 0x0841, 0x0841, 0x0841, 0x0841, 0x0841, 0x0841,
    0x0841, 0x0841, 0x0841, 0x0841, 0x0841, 0x0841, 0x0841, 0x0841, 0x0841, 0x0841, 0x0841, 0x0841,
    0x0841, 0x0841, 0x0841, 0x0841, 0x0841, 0x0841, 0x0861, 0x0000, 0x5A24, 0xFDEC, 0x0841, 0x7AE6,
    0xC469, 0x8306, 0xA3C8, 0x0000, 0xFDCC, 0x9367, 0xE52A, 0x8306, 0x0000, 0xABE8, 0xB428, 0x0000,
    0x0861, 0x0841, 0x0841, 0x0841, 0x0841, 0x0841, 0x0841, 0x0841, 0x0841, 0x0841, 0x0841, 0x0841,
    0x0841, 0x0841, 0x0841, 0x0841, 0x0841, 0x0841, 0x0841, 0x0841, 0x0841, 0x0841, 0x0841, 0x0841,
    0x0841, 0x0841, 0x0841, 0x0841, 0x0841, 0x0841, 0x0841, 0x0861, 0x0000, 0xB408, 0xCC89, 0x0000,
    0x6A85, 0xED6B, 0x8306, 0xFE0C, 0x0821, 0x9BA7, 0x9387, 0xABE8, 0x9367, 0x0000, 0xF5AB, 0x82E6,
    0x0000, 0x0861, 0x0841, 0x0841, 0x0841, 0x0841, 0x0841, 0x0841, 0x0841, 0x0841, 0x0841, 0x0841,
    0x0841, 0x0841, 0x0841, 0x0841, 0x0841, 0x0841, 0x0841, 0x0841, 0x0841, 0x0841, 0x0841, 0x0841,
    0x0841, 0x0841, 0x0841, 0x0841, 0x0841, 0x0841, 0x0841, 0x0841, 0x0841, 0x0841, 0x0841, 0x0841,
    0x0841, 0x0841, 0x0841, 0x0841, 0x0841, 0x0841, 0x0841, 0x0841, 0x0841, 0x0841, 0x0841, 0x0841,
    0x0841, 0x0841, 0x0841, 0x0841, 0x0841, 0x0841, 0x0841, 0x0841, 0x0841, 0x0841, 0x0841, 0x0841,
    0x0841, 0x0841, 0x0861, 0x0000, 0x8B47, 0xFDCC, 0x0841, 0x5204, 0xF5CB, 0xED6B, 0xED4B, 0x9BC8,
    0xF5AB, 0x8B47, 0xF58B, 0x18A1, 0x0000, 0xA3C8, 0xB428, 0x0000, 0x1061, 0x0841, 0x0841, 0x0841,
    0x0841, 0x0841, 0x0841, 0x0841, 0x0841, 0x0841, 0x0841, 0x0841, 0x0841, 0x0841, 0x0841, 0x0841,
    0x0841, 0x0841, 0x0841, 0x0841, 0x0841, 0x0841, 0x0841, 0x0841, 0x0841, 0x0841, 0x0841, 0x0841,
    0x0841, 0x0841, 0x0841, 0x1061, 0x0000, 0xB428, 0xCCA9, 0x0000, 0x1061, 0xED6B, 0x9367, 0xED4B,
    0xA3E8, 0xE54B, 0xED6B, 0xEDAB, 0x6A65, 0x0020, 0xF58B, 0xB408, 0x0000, 0x0861, 0x0841, 0x0841,
    0x0841, 0x0841, 0x0841, 0x0841, 0x0841, 0x0841, 0x0841, 0x0841, 0x0841, 0x0841, 0x0841, 0x0841,
    0x0841, 0x0841, 0x0841, 0x0841, 0x0841, 0x0841, 0x0841, 0x0841, 0x0841, 0x0841, 0x0841, 0x0841,
    0x0841, 0x0841, 0x0841, 0x0841, 0x0841, 0x0841, 0x0841, 0x0841, 0x0841, 0x0841, 0x0841, 0x0841,
    0x0841, 0x0841, 0x0841, 0x0841, 0x0841, 0x0841, 0x0841, 0x0841, 0x0841, 0x0841, 0x0841, 0x0841,
    0x0841, 0x0841, 0x0841, 0x0841, 0x0841, 0x0841, 0x0841, 0x0841, 0x0841, 0x0841, 0x0861, 0x0000,
    0xC469, 0xFE2C, 0x1081, 0x9BA7, 0xFE4C, 0xAC08, 0xB428, 0xFE6D, 0xABE8, 0xCCC9, 0xA3C8, 0x0000,
    0x0000, 0xABE8, 0xB408, 0x0000, 0x0021, 0x0000, 0x0021, 0x0021, 0x0021, 0x0041, 0x0841, 0x0841,
    0x0841, 0x0841, 0x0841, 0x0861, 0x0861, 0x0861, 0x0861, 0x0861, 0x0861, 0x0861, 0x0861, 0x0861,
    0x0861, 0x0841, 0x0841, 0x0841, 0x0841, 0x0841, 0x0841, 0x0021, 0x0021, 0x0021, 0x0020, 0x0020,
    0x0000, 0xA3A7, 0xCCA9, 0x0000, 0x0000, 0x8B26, 0xE52A, 0xA3C8, 0xFE6D, 0xC469, 0xABE8, 0xFE2C,
    0xABE8, 0x0861, 0xFDEC, 0xCCA9, 0x0021, 0x0841, 0x0841, 0x0841, 0x0841, 0x0841, 0x0841, 0x0841,
    0x0841, 0x0841, 0x0841, 0x0841, 0x0841, 0x0841, 0x0841, 0x0841, 0x0841, 0x0841, 0x0841, 0x0841,
    0x0841, 0x0841, 0x0841, 0x0841, 0x0841, 0x0841, 0x0841, 0x0841, 0x0841, 0x0841, 0x0841, 0x0841,
    0x0841, 0x0841, 0x0841, 0x0841, 0x0841, 0x0841, 0x0841, 0x0841, 0x0841, 0x0841, 0x0841, 0x0841,
    0x0841, 0x0841, 0x0841, 0x0841, 0x0841, 0x0841, 0x0841, 0x0841, 0x0841, 0x0841, 0x0841, 0x0841,
    0x0841, 0x0841, 0x0841, 0x0841, 0x0841, 0x0841, 0x0841, 0x0841, 0xDCEA, 0xFE0C, 0xC469, 0xFDCC,
    0xFE4D, 0x3963, 0x3123, 0xFDEC, 0x8B26, 0xFDCC, 0x3143, 0x0021, 0x0000, 0x9B87, 0xC469, 0x3102,
    0x3963, 0x3143, 0x18C2, 0x20C2, 0x18C2, 0x1081, 0x0841, 0x0841, 0x0841, 0x0841, 0x0841, 0x0000,
    0x0000, 0x0000, 0x0000, 0x0000, 0x0000, 0x0000, 0x0000, 0x0000, 0x0000, 0x0021, 0x0841, 0x0841,
    0x0841, 0x0841, 0x1081, 0x18C2, 0x20C2, 0x18C2, 0x3123, 0x3983, 0x3122, 0x9B87, 0xC469, 0x0000,
    0x0841, 0x18C2, 0xFDAB, 0x9367, 0xF5AB, 0x4183, 0x20E2, 0xFE0C, 0xFDEC, 0xC469, 0xFDEC, 0xE52A,
    0x1081, 0x0841, 0x0841, 0x0841, 0x0841, 0x0841, 0x0841, 0x0841, 0x0841, 0x0841, 0x0841, 0x0841,
    0x0841, 0x0841, 0x0841, 0x0841, 0x0841, 0x0841, 0x0841, 0x0841, 0x0841, 0x0841, 0x0841, 0x0841,
    0x0841, 0x0841, 0x0841, 0x0841, 0x0841, 0x0841, 0x0841, 0x0841, 0x0841, 0x0841, 0x0841, 0x0841,
    0x0841, 0x0841, 0x0841, 0x0841, 0x0841, 0x0841, 0x0841, 0x0841, 0x0841, 0x0841, 0x0841, 0x0841,
    0x0841, 0x0841, 0x0841, 0x0841, 0x0841, 0x0841, 0x0841, 0x0841, 0x0841, 0x0841, 0x0841, 0x0841,
    0x0841, 0x0841, 0x0021, 0x18A1, 0xED6B, 0xFDEC, 0xFDEC, 0x8306, 0xCCCA, 0xBC49, 0xD4EA, 0xD4C9,
    0xC469, 0xCC89, 0x0000, 0x0841, 0x20C2, 0xCCA9, 0xFE2C, 0xE54A, 0xE52A, 0xED6B, 0xE52A, 0xE52A,
    0xED6B, 0xE52A, 0xD4CA, 0xDCEA, 0xDCEA, 0xDD0A, 0xDD0A, 0xC469, 0xBC49, 0xC469, 0xC469, 0xC469,
    0xC469, 0xC469, 0xC469, 0xBC49, 0xBC49, 0xD4CA, 0xDD0A, 0xDCEA, 0xDCEA, 0xD4EA, 0xDCEA, 0xED6B,
    0xE52A, 0xE52A, 0xED6B, 0xF58B, 0xF56B, 0xFDEC, 0xE56B, 0x20E2, 0x0021, 0x0000, 0xB408, 0xCC89,
    0xABE8, 0xE54B, 0xAC08, 0xDD0A, 0x7AE6, 0xF5CC, 0xFDEC, 0xF58B, 0x20C2, 0x0021, 0x0841, 0x0841,
    0x0841, 0x0841, 0x0841, 0x0841, 0x0841, 0x0841, 0x0841, 0x0841, 0x0841, 0x0841, 0x0841, 0x0841,
    0x0841, 0x0841, 0x0841, 0x0841, 0x0841, 0x0841, 0x0841, 0x0841, 0x0841, 0x0841, 0x0841, 0x0841,
    0x0841, 0x0841, 0x0841, 0x0841, 0x0841, 0x0841, 0x0841, 0x0841, 0x0841, 0x0841, 0x0841, 0x0841,
    0x0841, 0x0841, 0x0841, 0x0841, 0x0841, 0x0841, 0x0841, 0x0841, 0x0841, 0x0841, 0x0841, 0x0841,
    0x0841, 0x0841, 0x0841, 0x0841, 0x0841, 0x0841, 0x0841, 0x0841, 0x0841, 0x0841, 0x0021, 0x20C2,
    0xF58B, 0xFE2C, 0xBC28, 0x0000, 0x6A65, 0xFE2C, 0xED6B, 0x6265, 0xFDEC, 0x49C4, 0x0000, 0x0021,
    0xCCA9, 0xE58B, 0x8B47, 0xB448, 0xBC49, 0xCCA9, 0xC489, 0xA3C8, 0xC469, 0xC489, 0xCC89, 0xABE8,
    0xA3C8, 0xBC49, 0xCCA9, 0xCCA9, 0xCCA9, 0xB428, 0xABE8, 0xAC08, 0xAC08, 0xABE8, 0xB428, 0xCCA9,
    0xCCA9, 0xCCA9, 0xC469, 0xA3C8, 0xA3C8, 0xBC49, 0xC469, 0xC469, 0xA3C8, 0xC469, 0xCCA9, 0xCCA9,
    0xC489, 0x7AE6, 0xDD2A, 0xDD2A, 0x0841, 0x0000, 0x3963, 0xFE0C, 0x72A5, 0xE52A, 0xFE4D, 0x8306,
    0x0000, 0xABC8, 0xFE2C, 0xF58B, 0x20C2, 0x0021, 0x0841, 0x0841, 0x0841, 0x0841, 0x0841, 0x0841,
    0x0841, 0x0841, 0x0841, 0x0841, 0x0841, 0x0841, 0x0841, 0x0841, 0x0841, 0x0841, 0x0841, 0x0841,
    0x0841, 0x0841, 0x0841, 0x0841, 0x0841, 0x0841, 0x0841, 0x0841, 0x0841, 0x0841, 0x0841, 0x0841,
    0x0841, 0x0841, 0x0841, 0x0841, 0x0841, 0x0841, 0x0841, 0x0841, 0x0841, 0x0841, 0x0841, 0x0841,
    0x0841, 0x0841, 0x0841, 0x0841, 0x0841, 0x0841, 0x0841, 0x0841, 0x0841, 0x0841, 0x0841, 0x0841,
    0x0841, 0x0841, 0x0841, 0x0841, 0x0841, 0x0841, 0x0020, 0x2922, 0xFDCB, 0xFE0C, 0xE52A, 0x0000,
    0x0000, 0x1081, 0x0020, 0xB428, 0xD4CA, 0x0000, 0x0000, 0x41A3, 0xFE2C, 0x7AA6, 0xED6B, 0xD4EA,
    0x9347, 0xA3C8, 0xB428, 0xB408, 0xB408, 0xCCA9, 0xCCA9, 0xC489, 0xC489, 0xC469, 0xCCA9, 0xDD2A,
    0xDD0A, 0xD4CA, 0xCCA9, 0xCCC9, 0xCCC9, 0xCCA9, 0xD4CA, 0xDD0A, 0xDD2A, 0xD4CA, 0xC469, 0xC489,
    0xC489, 0xCCA9, 0xCCA9, 0xB408, 0xB408, 0xB428, 0xABE8, 0x8B26, 0xBC69, 0xED8B, 0x72A6, 0xFE0C,
    0x5A24, 0x0000, 0x0000, 0xC489, 0xC489, 0x0020, 0x10A1, 0x0000, 0x0000, 0xCC89, 0xFE2C, 0xFDEC,
    0x3963, 0x0000, 0x0861, 0x0841, 0x0841, 0x0841, 0x0841, 0x0841, 0x0841, 0x0841, 0x0841, 0x0841,
    0x0841, 0x0841, 0x0841, 0x0841, 0x0841, 0x0841, 0x0841, 0x0841, 0x0841, 0x0841, 0x0841, 0x0841,
    0x0841, 0x0841, 0x0841, 0x0841, 0x0841, 0x0841, 0x0841, 0x0841, 0x0841, 0x0841, 0x0841, 0x0841,
    0x0841, 0x0841, 0x0841, 0x0841, 0x0841, 0x0841, 0x0841, 0x0841, 0x0841, 0x0841, 0x0841, 0x0841,
    0x0841, 0x0841, 0x0841, 0x0841, 0x0841, 0x0841, 0x0841, 0x0841, 0x0841, 0x0841, 0x0841, 0x0841,
    0x0841, 0x0861, 0x0000, 0x4183, 0xFDCB, 0xD4CA, 0xFE0C, 0xBC49, 0x8306, 0x4183, 0x6A85, 0xFE6D,
    0x4183, 0x0020, 0x0000, 0x9B87, 0xDCEA, 0xB408, 0xD4EA, 0x0000, 0x0000, 0x0000, 0x0000, 0x0000,
    0x0000, 0x0021, 0x0021, 0x0041, 0x0041, 0x0021, 0x0861, 0x18A2, 0x18A1, 0x18A2, 0x18A2, 0x18A2,
    0x18A2, 0x18A2, 0x18A2, 0x18A1, 0x18A2, 0x1061, 0x0021, 0x0041, 0x0041, 0x0021, 0x0021, 0x0000,
    0x0000, 0x0000, 0x0000, 0x0000, 0x0000, 0xB428, 0xC469, 0xD4C9, 0xB408, 0x0000, 0x0021, 0x3122,
    0xFE4C, 0x7B06, 0x3963, 0x8306, 0xB428, 0xFDEC, 0xC489, 0xED6B, 0x41A3, 0x0000, 0x0861, 0x0841,
    0x0841, 0x0841, 0x0841, 0x0841, 0x0841, 0x0841, 0x0841, 0x0841, 0x0841, 0x0841, 0x0841, 0x0841,
    0x0841, 0x0841, 0x0841, 0x0841, 0x0841, 0x0841, 0x0841, 0x0841, 0x0841, 0x0841, 0x0841, 0x0841,
    0x0841, 0x0841, 0x0841, 0x0841, 0x0841, 0x0841, 0x0841, 0x0841, 0x0841, 0x0841, 0x0841, 0x0841,
    0x0841, 0x0841, 0x0841, 0x0841, 0x0841, 0x0841, 0x0841, 0x0841, 0x0841, 0x0841, 0x0841, 0x0841,
    0x0841, 0x0841, 0x0841, 0x0841, 0x0841, 0x0841, 0x0841, 0x0841, 0x0841, 0x0861, 0x0000, 0x4183,
    0xF58B, 0x9B87, 0xE54B, 0xB408, 0xE52A, 0xFDCB, 0xFE0C, 0x8306, 0x0000, 0x0861, 0x0000, 0xD4C9,
    0xB408, 0xDD0A, 0x6265, 0x0000, 0x1081, 0x0861, 0x0861, 0x0861, 0x0861, 0x0841, 0x0841, 0x0841,
    0x0841, 0x0841, 0x0841, 0x0021, 0x0041, 0x0021, 0x0021, 0x0021, 0x0021, 0x0021, 0x0021, 0x0041,
    0x0021, 0x0841, 0x0841, 0x0841, 0x0841, 0x0841, 0x0841, 0x0861, 0x0861, 0x0861, 0x0861, 0x1061,
    0x0000, 0x49C4, 0xED4B, 0xA3C8, 0xED6B, 0x0841, 0x0841, 0x0000, 0x72A5, 0xFDEC, 0xFDAB, 0xE54B,
    0xB408, 0xDD2A, 0x8B26, 0xE52A, 0x41A3, 0x0000, 0x0861, 0x0841, 0x0841, 0x0841, 0x0841, 0x0841,
    0x0841, 0x0841, 0x0841, 0x0841, 0x0841, 0x0841, 0x0841, 0x0841, 0x0841, 0x0841, 0x0841, 0x0841,
    0x0841, 0x0841, 0x0841, 0x0841, 0x0841, 0x0841, 0x0841, 0x0841, 0x0841, 0x0841, 0x0841, 0x0841,
    0x0841, 0x0841, 0x0841, 0x0841, 0x0841, 0x0841, 0x0841, 0x0841, 0x0841, 0x0841, 0x0841, 0x0841,
    0x0841, 0x0841, 0x0841, 0x0841, 0x0841, 0x0841, 0x0841, 0x0841, 0x0841, 0x0841, 0x0841, 0x0841,
    0x0841, 0x0841, 0x0841, 0x0841, 0x0841, 0x0861, 0x0000, 0x4183, 0xF5AB, 0x8B27, 0xC489, 0x0000,
    0x0020, 0x18C2, 0x18C2, 0x0000, 0x0841, 0x0021, 0x20E2, 0xFDCB, 0x9BA7, 0xED6B, 0x20E2, 0x0021,
    0x0841, 0x0841, 0x0841, 0x0841, 0x0841, 0x0841, 0x0841, 0x0841, 0x0841, 0x0841, 0x0841, 0x0841,
    0x0841, 0x0841, 0x0841, 0x0841, 0x0841, 0x0841, 0x0841, 0x0841, 0x0841, 0x0841, 0x0841, 0x0841,
    0x0841, 0x0841, 0x0841, 0x0841, 0x0841, 0x0841, 0x0841, 0x0841, 0x0021, 0x18A1, 0xED6B, 0x9B87,
    0xFDCB, 0x3143, 0x0000, 0x0861, 0x0000, 0x18A2, 0x18C2, 0x0021, 0x0000, 0xBC69, 0x8B26, 0xE52A,
    0x41A3, 0x0000, 0x0861, 0x0841, 0x0841, 0x0841, 0x0841, 0x0841, 0x0841, 0x0841, 0x0841, 0x0841,
    0x0841, 0x0841, 0x0841, 0x0841, 0x0841, 0x0841, 0x0841, 0x0841, 0x0841, 0x0841, 0x0841, 0x0841,
    0x0841, 0x0841, 0x0841, 0x0841, 0x0841, 0x0841, 0x0841, 0x0841, 0x0841, 0x0841, 0x0841, 0x0841,
    0x0841, 0x0841, 0x0841, 0x0841, 0x0841, 0x0841, 0x0841, 0x0841, 0x0841, 0x0841, 0x0841, 0x0841,
    0x0841, 0x0841, 0x0841, 0x0841, 0x0841, 0x0841, 0x0841, 0x0841, 0x0841, 0x0841, 0x0841, 0x0841,
    0x0841, 0x0861, 0x0000, 0x4183, 0xFDAB, 0x7AC6, 0xDD0A, 0x0861, 0x0841, 0x0021, 0x0021, 0x0841,
    0x0861, 0x0000, 0x6245, 0xF58B, 0x9BA7, 0xD4CA, 0x0000, 0x0861, 0x0841, 0x0841, 0x0841, 0x0841,
    0x0841, 0x0841, 0x0841, 0x0841, 0x0841, 0x0841, 0x0841, 0x0841, 0x0841, 0x0841, 0x0841, 0x0841,
    0x0841, 0x0841, 0x0841, 0x0841, 0x0841, 0x0841, 0x0841, 0x0841, 0x0841, 0x0841, 0x0841, 0x0841,
    0x0841, 0x0841, 0x0841, 0x0841, 0x0861, 0x0000, 0xC489, 0xAC08, 0xED4B, 0x7AC6, 0x0000, 0x0861,
    0x0861, 0x0021, 0x0021, 0x0841, 0x0021, 0xDCEA, 0x7AE6, 0xE52A, 0x41A3, 0x0000, 0x0861, 0x0841,
    0x0841, 0x0841, 0x0841, 0x0841, 0x0841, 0x0841, 0x0841, 0x0841, 0x0841, 0x0841, 0x0841, 0x0841,
    0x0841, 0x0841, 0x0841, 0x0841, 0x0841, 0x0841, 0x0841, 0x0841, 0x0841, 0x0841, 0x0841, 0x0841,
    0x0841, 0x0841, 0x0841, 0x0841, 0x0841, 0x0841, 0x0841, 0x0841, 0x0841, 0x0841, 0x0841, 0x0841,
    0x0841, 0x0841, 0x0841, 0x0841, 0x0841, 0x0841, 0x0841, 0x0841, 0x0841, 0x0841, 0x0841, 0x0841,
    0x0841, 0x0841, 0x0841, 0x0841, 0x0841, 0x0841, 0x0841, 0x0841, 0x0841, 0x0861, 0x0000, 0x3963,
    0xFDAB, 0x6A65, 0xE54A, 0x18A1, 0x0021, 0x0861, 0x0841, 0x0841, 0x0861, 0x0000, 0xA3C8, 0xCCA9,
    0xBC49, 0x9B87, 0x0000, 0x0861, 0x0841, 0x0841, 0x0841, 0x0841, 0x0841, 0x0841, 0x0841, 0x0841,
    0x0841, 0x0841, 0x0841, 0x0841, 0x0841, 0x0841, 0x0841, 0x0841, 0x0841, 0x0841, 0x0841, 0x0841,
    0x0841, 0x0841, 0x0841, 0x0841, 0x0841, 0x0841, 0x0841, 0x0841, 0x0841, 0x0841, 0x0841, 0x0841,
    0x0861, 0x0000, 0x8B26, 0xCC89, 0xBC69, 0xBC49, 0x0000, 0x0861, 0x0841, 0x0841, 0x0861, 0x0841,
    0x0861, 0xE52A, 0x72A6, 0xFDAB, 0x4183, 0x0000, 0x0861, 0x0841, 0x0841, 0x0841, 0x0841, 0x0841,
    0x0841, 0x0841, 0x0841, 0x0841, 0x0841, 0x0841, 0x0841, 0x0841, 0x0841, 0x0841, 0x0841, 0x0841,
    0x0841, 0x0841, 0x0841, 0x0841, 0x0841, 0x0841, 0x0841, 0x0841, 0x0841, 0x0841, 0x0841, 0x0841,
    0x0841, 0x0841, 0x0841, 0x0841, 0x0841, 0x0841, 0x0841, 0x0841, 0x0841, 0x0841, 0x0841, 0x0841,
    0x0841, 0x0841, 0x0841, 0x0841, 0x0841, 0x0841, 0x0841, 0x0841, 0x0841, 0x0841, 0x0841, 0x0841,
    0x0841, 0x0841, 0x0841, 0x0841, 0x0841, 0x0841, 0x0021, 0x20E2, 0xF56B, 0x51E4, 0xED4B, 0x2902,
    0x0020, 0x0841, 0x0841, 0x0841, 0x0841, 0x0020, 0xDD0A, 0xA3C8, 0xDD0A, 0x5A24, 0x0000, 0x0861,
    0x0841, 0x0841, 0x0841, 0x0841, 0x0841, 0x0841, 0x0841, 0x0841, 0x0841, 0x0841, 0x0841, 0x0841,
    0x0841, 0x0841, 0x0841, 0x0841, 0x0841, 0x0841, 0x0841, 0x0841, 0x0841, 0x0841, 0x0841, 0x0841,
    0x0841, 0x0841, 0x0841, 0x0841, 0x0841, 0x0841, 0x0841, 0x0841, 0x0841, 0x0000, 0x4183, 0xE52A,
    0xA3A7, 0xED4B, 0x0841, 0x0841, 0x0841, 0x0841, 0x0841, 0x0021, 0x18A2, 0xE52A, 0x5A25, 0xFDCC,
    0x4183, 0x0000, 0x0861, 0x0841, 0x0841, 0x0841, 0x0841, 0x0841, 0x0841, 0x0841, 0x0841, 0x0841,
    0x0841, 0x0841, 0x0841, 0x0841, 0x0841, 0x0841, 0x0841, 0x0841, 0x0841, 0x0841, 0x0841, 0x0841,
    0x0841, 0x0841, 0x0841, 0x0841, 0x0841, 0x0841, 0x0841, 0x0841, 0x0841, 0x0841, 0x0841, 0x0841,
    0x0841, 0x0841, 0x0841, 0x0841, 0x0841, 0x0841, 0x0841, 0x0841, 0x0841, 0x0841, 0x0841, 0x0841,
    0x0841, 0x0841, 0x0841, 0x0841, 0x0841, 0x0841, 0x0841, 0x0841, 0x0841, 0x0841, 0x0841, 0x0841,
    0x0841, 0x0841, 0x0021, 0x20C2, 0xFDCB, 0x5A24, 0xE52A, 0x4183, 0x0000, 0x0861, 0x0841, 0x0841,
    0x0021, 0x18C2, 0xF5AB, 0x9B87, 0xE54A, 0x20C2, 0x0021, 0x0841, 0x0841, 0x0841, 0x0841, 0x0841,
    0x0841, 0x0841, 0x0841, 0x0841, 0x0841, 0x0841, 0x0841, 0x0841, 0x0841, 0x0841, 0x0841, 0x0841,
    0x0841, 0x0841, 0x0841, 0x0841, 0x0841, 0x0841, 0x0841, 0x0841, 0x0841, 0x0841, 0x0841, 0x0841,
    0x0841, 0x0841, 0x0841, 0x0841, 0x0841, 0x0021, 0x1081, 0xE54A, 0x9B87, 0xFDCB, 0x3123, 0x0020,
    0x0861, 0x0841, 0x0841, 0x0000, 0x3143, 0xE54A, 0x49C4, 0xF58B, 0x2902, 0x0021, 0x0841, 0x0841,
    0x0841, 0x0841, 0x0841, 0x0841, 0x0841, 0x0841, 0x0841, 0x0841, 0x0841, 0x0841, 0x0841, 0x0841,
    0x0841, 0x0841, 0x0841, 0x0841, 0x0841, 0x0841, 0x0841, 0x0841, 0x0841, 0x0841, 0x0841, 0x0841,
    0x0841, 0x0841, 0x0841, 0x0841, 0x0841, 0x0841, 0x0841, 0x0841, 0x0841, 0x0841, 0x0841, 0x0841,
    0x0841, 0x0841, 0x0841, 0x0841, 0x0841, 0x0841, 0x0841, 0x0841, 0x0841, 0x0841, 0x0841, 0x0841,
    0x0841, 0x0841, 0x0841, 0x0841, 0x0841, 0x0841, 0x0841, 0x0841, 0x0841, 0x0841, 0x0021, 0x18A2,
    0xFDCC, 0x5204, 0xD4EA, 0x5A24, 0x0000, 0x0861, 0x0841, 0x0861, 0x0000, 0x51E4, 0xF5AB, 0xA3A7,
    0xD4CA, 0x0020, 0x0841, 0x0841, 0x0841, 0x0841, 0x0841, 0x0841, 0x0841, 0x0841, 0x0841, 0x0841,
    0x0841, 0x0841, 0x0841, 0x0841, 0x0841, 0x0841, 0x0841, 0x0841, 0x0841, 0x0841, 0x0841, 0x0841,
    0x0841, 0x0841, 0x0841, 0x0841, 0x0841, 0x0841, 0x0841, 0x0841, 0x0841, 0x0841, 0x0841, 0x0841,
    0x0841, 0x0861, 0x0000, 0xC469, 0xABE8, 0xF56B, 0x6245, 0x0000, 0x0861, 0x0841, 0x0861, 0x0000,
    0x49C4, 0xE52A, 0x49E4, 0xFDCB, 0x20C2, 0x0021, 0x0841, 0x0841, 0x0841, 0x0841, 0x0841, 0x0841,
    0x0841, 0x0841, 0x0841, 0x0841, 0x0841, 0x0841, 0x0841, 0x0841, 0x0841, 0x0841, 0x0841, 0x0841,
    0x0841, 0x0841, 0x0841, 0x0841, 0x0841, 0x0841, 0x0841, 0x0841, 0x0841, 0x0841, 0x0841, 0x0841,
    0x0841, 0x0841, 0x0841, 0x0841, 0x0841, 0x0841, 0x0841, 0x0841, 0x0841, 0x0841, 0x0841, 0x0841,
    0x0841, 0x0841, 0x0841, 0x0841, 0x0841, 0x0841, 0x0841, 0x0841, 0x0841, 0x0841, 0x0841, 0x0841,
    0x0841, 0x0841, 0x0841, 0x0841, 0x0841, 0x0841, 0x0841, 0x0841, 0xED6B, 0x5204, 0xBC69, 0x8306,
    0x0000, 0x0861, 0x0841, 0x0861, 0x0000, 0x8306, 0xE52A, 0xBC69, 0xA3C8, 0x0000, 0x0861, 0x0841,
    0x0841, 0x0841, 0x0841, 0x0841, 0x0841, 0x0841, 0x0841, 0x0841, 0x0841, 0x0841, 0x0841, 0x0841,
    0x0841, 0x0841, 0x0841, 0x0841, 0x0841, 0x0841, 0x0841, 0x0841, 0x0841, 0x0841, 0x0841, 0x0841,
    0x0841, 0x0841, 0x0841, 0x0841, 0x0841, 0x0841, 0x0841, 0x0841, 0x0841, 0x0861, 0x0000, 0x8B47,
    0xC489, 0xCCA9, 0x9B87, 0x0000, 0x0861, 0x0841, 0x0861, 0x0000, 0x6A85, 0xCCA9, 0x51E4, 0xFDCC,
    0x18A2, 0x0021, 0x0841, 0x0841, 0x0841, 0x0841, 0x0841, 0x0841, 0x0841, 0x0841, 0x0841, 0x0841,
    0x0841, 0x0841, 0x0841, 0x0841, 0x0841, 0x0841, 0x0841, 0x0841, 0x0841, 0x0841, 0x0841, 0x0841,
    0x0841, 0x0841, 0x0841, 0x0841, 0x0841, 0x0841, 0x0841, 0x0841, 0x0841, 0x0841, 0x0841, 0x0841,
    0x0841, 0x0841, 0x0841, 0x0841, 0x0841, 0x0841, 0x0841, 0x0841, 0x0841, 0x0841, 0x0841, 0x0841,
    0x0841, 0x0841, 0x0841, 0x0841, 0x0841, 0x0841, 0x0841, 0x0841, 0x0841, 0x0841, 0x0841, 0x0841,
    0x0841, 0x0841, 0x0841, 0x0021, 0xED6B, 0x6A85, 0x9B87, 0xABE8, 0x0000, 0x0861, 0x0841, 0x0861,
    0x0000, 0xBC28, 0xBC49, 0xCCA9, 0x72A5, 0x0000, 0x0861, 0x0841, 0x0841, 0x0841, 0x0841, 0x0841,
    0x0841, 0x0841, 0x0841, 0x0841, 0x0841, 0x0841, 0x0841, 0x0841, 0x0841, 0x0841, 0x0841, 0x0841,
    0x0841, 0x0841, 0x0841, 0x0841, 0x0841, 0x0841, 0x0841, 0x0841, 0x0841, 0x0841, 0x0841, 0x0841,
    0x0841, 0x0841, 0x0841, 0x0841, 0x0841, 0x0861, 0x0000, 0x5204, 0xDD0A, 0xABE8, 0xCCA9, 0x0000,
    0x0861, 0x0841, 0x0861, 0x0000, 0x9367, 0xAC08, 0x5A04, 0xF56B, 0x0841, 0x0841, 0x0841, 0x0841,
    0x0841, 0x0841, 0x0841, 0x0841, 0x0841, 0x0841, 0x0841, 0x0841, 0x0841, 0x0841, 0x0841, 0x0841,
    0x0841, 0x0841, 0x0841, 0x0841, 0x0841, 0x0841, 0x0841, 0x0841, 0x0841, 0x0841, 0x0841, 0x0841,
    0x0841, 0x0841, 0x0841, 0x0841, 0x0841, 0x0841, 0x0841, 0x0841, 0x0841, 0x0841, 0x0841, 0x0841,
    0x0841, 0x0841, 0x0841, 0x0841, 0x0841, 0x0841, 0x0841, 0x0841, 0x0841, 0x0841, 0x0841, 0x0841,
    0x0841, 0x0841, 0x0841, 0x0841, 0x0841, 0x0841, 0x0841, 0x0841, 0x0841, 0x0841, 0x0861, 0x0000,
    0xD4EA, 0x7AC6, 0x7AC6, 0xCCA9, 0x0000, 0x0861, 0x0841, 0x0841, 0x0021, 0xDD0A, 0xA3A7, 0xDD0A,
    0x4183, 0x0000, 0x0861, 0x0841, 0x0841, 0x0841, 0x0841, 0x0841, 0x0841, 0x0841, 0x0841, 0x0841,
    0x0841, 0x0841, 0x0841, 0x0841, 0x0841, 0x0841, 0x0841, 0x0841, 0x0841, 0x0841, 0x0841, 0x0841,
    0x0841, 0x0841, 0x0841, 0x0841, 0x0841, 0x0841, 0x0841, 0x0841, 0x0841, 0x0841, 0x0841, 0x0841,
    0x0841, 0x0841, 0x0020, 0x2902, 0xED4B, 0x9B87, 0xE52A, 0x0861, 0x0841, 0x0841, 0x0861, 0x0000,
    0xBC48, 0x9367, 0x6A85, 0xED6B, 0x0841, 0x0841, 0x0841, 0x0841, 0x0841, 0x0841, 0x0841, 0x0841,
    0x0841, 0x0841, 0x0841, 0x0841, 0x0841, 0x0841, 0x0841, 0x0841, 0x0841, 0x0841, 0x0841, 0x0841,
    0x0841, 0x0841, 0x0841, 0x0841, 0x0841, 0x0841, 0x0841, 0x0841, 0x0841, 0x0841, 0x0841, 0x0841,
    0x0841, 0x0841, 0x0841, 0x0841, 0x0841, 0x0841, 0x0841, 0x0841, 0x0841, 0x0841, 0x0841, 0x0841,
    0x0841, 0x0841, 0x0841, 0x0841, 0x0841, 0x0841, 0x0841, 0x0841, 0x0841, 0x0841, 0x0841, 0x0841,
    0x0841, 0x0841, 0x0841, 0x0841, 0x0841, 0x0841, 0x0861, 0x0000, 0xCCC9, 0x9B87, 0x51E4, 0xE54B,
    0x0021, 0x0841, 0x0841, 0x0841, 0x0861, 0xE54A, 0x9367, 0xD4EA, 0x1081, 0x0841, 0x0841, 0x0841,
    0x0841, 0x0841, 0x0841, 0x0841, 0x0841, 0x0841, 0x0841, 0x0841, 0x0841, 0x0841, 0x0841, 0x0841,
    0x0841, 0x0841, 0x0841, 0x0841, 0x0841, 0x0841, 0x0841, 0x0841, 0x0841, 0x0841, 0x0841, 0x0841,
    0x0841, 0x0841, 0x0841, 0x0841, 0x0841, 0x0841, 0x0841, 0x0841, 0x0841, 0x0841, 0x0841, 0x0861,
    0xDD0A, 0x9B87, 0xF56B, 0x20E2, 0x0021, 0x0841, 0x0841, 0x0000, 0xDD0A, 0x6A65, 0x8326, 0xD4EA,
    0x0000, 0x0861, 0x0841, 0x0841, 0x0841, 0x0841, 0x0841, 0x0841, 0x0841, 0x0841, 0x0841, 0x0841,
    0x0841, 0x0841, 0x0841, 0x0841, 0x0841, 0x0841, 0x0841, 0x0841, 0x0841, 0x0841, 0x0841, 0x0841,
    0x0841, 0x0841, 0x0841, 0x0841, 0x0841, 0x0841, 0x0841, 0x0841, 0x0841, 0x0841, 0x0841, 0x0841,
    0x0841, 0x0841, 0x0841, 0x0841, 0x0841, 0x0841, 0x0841, 0x0841, 0x0841, 0x0841, 0x0841, 0x0841,
    0x0841, 0x0841, 0x0841, 0x0841, 0x0841, 0x0841, 0x0841, 0x0841, 0x0841, 0x0841, 0x0841, 0x0841,
    0x0841, 0x0841, 0x0861, 0x0000, 0xB408, 0xBC49, 0x2902, 0xFDAB, 0x18A2, 0x0021, 0x0841, 0x0841,
    0x0861, 0xED4B, 0x9B67, 0xE52A, 0x2922, 0x0000, 0x0861, 0x0861, 0x0841, 0x0841, 0x0841, 0x0841,
    0x0841, 0x0841, 0x0841, 0x0841, 0x0841, 0x0841, 0x0861, 0x0861, 0x0861, 0x0861, 0x0861, 0x0861,
    0x0861, 0x0861, 0x0861, 0x0861, 0x0861, 0x0861, 0x0841, 0x0841, 0x0841, 0x0841, 0x0841, 0x0841,
    0x0841, 0x0841, 0x0841, 0x0841, 0x0861, 0x1061, 0x0000, 0x20C2, 0xF56B, 0x9B87, 0xFDAB, 0x20E2,
    0x0021, 0x0841, 0x0841, 0x0861, 0xF56B, 0x41A3, 0xA3C8, 0xC489, 0x0000, 0x0861, 0x0841, 0x0841,
    0x0841, 0x0841, 0x0841, 0x0841, 0x0841, 0x0841, 0x0841, 0x0841, 0x0841, 0x0841, 0x0841, 0x0841,
    0x0841, 0x0841, 0x0841, 0x0841, 0x0841, 0x0841, 0x0841, 0x0841, 0x0841, 0x0841, 0x0841, 0x0841,
    0x0841, 0x0841, 0x0841, 0x0841, 0x0841, 0x0841, 0x0841, 0x0841, 0x0841, 0x0841, 0x0841, 0x0841,
    0x0841, 0x0841, 0x0841, 0x0841, 0x0841, 0x0841, 0x0841, 0x0841, 0x0841, 0x0841, 0x0841, 0x0841,
    0x0841, 0x0841, 0x0841, 0x0841, 0x0841, 0x0841, 0x0841, 0x0841, 0x0841, 0x0841, 0x0861, 0x0000,
    0x9B87, 0xD4EA, 0x1081, 0xF58B, 0x3963, 0x0000, 0x0861, 0x0841, 0x0000, 0xD4CA, 0xDD2A, 0xCC89,
    0xED8B, 0x3143, 0x0000, 0x0000, 0x0841, 0x0861, 0x0841, 0x0841, 0x0841, 0x0841, 0x0841, 0x0841,
    0x0861, 0x0841, 0x0000, 0x0000, 0x0000, 0x0000, 0x0000, 0x0000, 0x0000, 0x0000, 0x0000, 0x0000,
    0x0000, 0x0000, 0x0041, 0x0861, 0x0841, 0x0841, 0x0841, 0x0841, 0x0841, 0x0841, 0x0861, 0x0841,
    0x0000, 0x0000, 0x2922, 0xD50A, 0xD4CA, 0xDD0A, 0xD4EA, 0x0821, 0x0841, 0x0861, 0x0020, 0x2902,
    0xFDAB, 0x18A1, 0xC489, 0xABE8, 0x0000, 0x0861, 0x0841, 0x0841, 0x0841, 0x0841, 0x0841, 0x0841,
    0x0841, 0x0841, 0x0841, 0x0841, 0x0841, 0x0841, 0x0841, 0x0841, 0x0841, 0x0841, 0x0841, 0x0841,
    0x0841, 0x0841, 0x0841, 0x0841, 0x0841, 0x0841, 0x0841, 0x0841, 0x0841, 0x0841, 0x0841, 0x0841,
    0x0841, 0x0841, 0x0841, 0x0841, 0x0841, 0x0841, 0x0841, 0x0841, 0x0841, 0x0841, 0x0841, 0x0841,
    0x0841, 0x0841, 0x0841, 0x0841, 0x0841, 0x0841, 0x0841, 0x0841, 0x0841, 0x0841, 0x0841, 0x0841,
    0x0841, 0x0841, 0x0841, 0x0841, 0x0841, 0x0841, 0x0861, 0x0000, 0x7AE6, 0xF56B, 0x0000, 0xDD0A,
    0x6A65, 0x0000, 0x0861, 0x0861, 0x0000, 0x4183, 0xFE2C, 0xCCA9, 0xB449, 0xFE2C, 0xB449, 0x41A3,
    0x0841, 0x0000, 0x0000, 0x0841, 0x0841, 0x0841, 0x0841, 0x0841, 0x0000, 0x0841, 0x3963, 0x49C4,
    0x49C4, 0x49C4, 0x49C4, 0x49C4, 0x49C4, 0x49C4, 0x49C4, 0x49C4, 0x49C4, 0x3983, 0x1061, 0x0000,
    0x0841, 0x0841, 0x0841, 0x0841, 0x0841, 0x0020, 0x0000, 0x0021, 0x3963, 0xA3E8, 0xFE0C, 0xDD2A,
    0xE54B, 0xFE0C, 0x5204, 0x0000, 0x0861, 0x0861, 0x0000, 0x51E4, 0xF58B, 0x18A2, 0xDD0A, 0x9367,
    0x0000, 0x0861, 0x0841, 0x0841, 0x0841, 0x0841, 0x0841, 0x0841, 0x0841, 0x0841, 0x0841, 0x0841,
    0x0841, 0x0841, 0x0841, 0x0841, 0x0841, 0x0841, 0x0841, 0x0841, 0x0841, 0x0841, 0x0841, 0x0841,
    0x0841, 0x0841, 0x0841, 0x0841, 0x0841, 0x0841, 0x0841, 0x0841, 0x0841, 0x0841, 0x0841, 0x0841,
    0x0841, 0x0841, 0x0841, 0x0841, 0x0841, 0x0841, 0x0841, 0x0841, 0x0841, 0x0841, 0x0841, 0x0841,
    0x0841, 0x0841, 0x0841, 0x0841, 0x0841, 0x0841, 0x0841, 0x0841, 0x0841, 0x0841, 0x0841, 0x0841,
    0x0841, 0x0841, 0x0861, 0x0000, 0x5A04, 0xFE2C, 0x18A2, 0xBC48, 0x9B87, 0x0000, 0x0861, 0x0841,
    0x0841, 0x0000, 0x41A3, 0x7AE6, 0x0020, 0x49C4, 0xCCA9, 0xFE0C, 0xE54B, 0xA3E8, 0x41A3, 0x0020,
    0x0841, 0x0841, 0x0841, 0x0020, 0x51E4, 0xE56B, 0xF5CB, 0xED6B, 0xD4EA, 0xDCEA, 0xDCEA, 0xDCEA,
    0xDCEA, 0xDCEA, 0xD4EA, 0xDCEA, 0xED6B, 0xFDCB, 0xEDAB, 0x5A04, 0x0020, 0x0861, 0x0841, 0x0841,
    0x0020, 0x3123, 0x9BC8, 0xD4CA, 0xFE4D, 0xD4EA, 0x49C4, 0x20C2, 0x9387, 0xDCEA, 0x1081, 0x0021,
    0x0841, 0x0861, 0x0000, 0x72A6, 0xFE4C, 0xDD0A, 0xFDEC, 0x6A85, 0x0000, 0x0861, 0x0841, 0x0841,
    0x0841, 0x0841, 0x0841, 0x0841, 0x0841, 0x0841, 0x0841, 0x0841, 0x0841, 0x0841, 0x0841, 0x0841,
    0x0841, 0x0841, 0x0841, 0x0841, 0x0841, 0x0841, 0x0841, 0x0841, 0x0841, 0x0841, 0x0841, 0x0841,
    0x0841, 0x0841, 0x0841, 0x0841, 0x0841, 0x0841, 0x0841, 0x0841, 0x0841, 0x0841, 0x0841, 0x0841,
    0x0841, 0x0841, 0x0841, 0x0841, 0x0841, 0x0841, 0x0841, 0x0841, 0x0841, 0x0841, 0x0841, 0x0841,
    0x0841, 0x0841, 0x0841, 0x0841, 0x0841, 0x0841, 0x0841, 0x0841, 0x0841, 0x0841, 0x0861, 0x0000,
    0x3143, 0xFE6D, 0x8306, 0x7AE6, 0xCCA9, 0x0000, 0x0861, 0x0841, 0x0841, 0x0861, 0x0000, 0x0000,
    0x0841, 0x0000, 0x0000, 0x3143, 0x72A5, 0x72C6, 0x49C4, 0x0020, 0x0841, 0x0841, 0x0841, 0x0861,
    0xC489, 0x93A7, 0x20C2, 0x1061, 0x0021, 0x0021, 0x0021, 0x0021, 0x0021, 0x0021, 0x0021, 0x0021,
    0x1081, 0x20C2, 0xAC28, 0xABE8, 0x0000, 0x0841, 0x0841, 0x0841, 0x0020, 0x3963, 0x72C6, 0x49A3,
    0x49C4, 0x0021, 0x0000, 0x0041, 0x0000, 0x20E2, 0x1081, 0x0841, 0x0841, 0x0861, 0x0000, 0xA3C7,
    0xFE2C, 0xFDCC, 0xFE2C, 0x49C4, 0x0000, 0x0861, 0x0841, 0x0841, 0x0841, 0x0841, 0x0841, 0x0841,
    0x0841, 0x0841, 0x0841, 0x0841, 0x0841, 0x0841, 0x0841, 0x0841, 0x0841, 0x0841, 0x0841, 0x0841,
    0x0841, 0x0841, 0x0841, 0x0841, 0x0841, 0x0841, 0x0841, 0x0841, 0x0841, 0x0841, 0x0841, 0x0841,
    0x0841, 0x0841, 0x0841, 0x0841, 0x0841, 0x0841, 0x0841, 0x0841, 0x0841, 0x0841, 0x0841, 0x0841,
    0x0841, 0x0841, 0x0841, 0x0841, 0x0841, 0x0841, 0x0841, 0x0841, 0x0841, 0x0841, 0x0841, 0x0841,
    0x0841, 0x0841, 0x0841, 0x0841, 0x0841, 0x0841, 0x0841, 0x0021, 0x20C2, 0xFDCC, 0xD4CA, 0x5A24,
    0xE52A, 0x0841, 0x0841, 0x0841, 0x0841, 0x0841, 0x0861, 0x0861, 0x0841, 0x0861, 0x0861, 0x0000,
    0x0000, 0x0000, 0x0000, 0x0841, 0x0841, 0x0841, 0x0841, 0x0841, 0x0841, 0x0000, 0x0020, 0x0841,
    0x0841, 0x0841, 0x0841, 0x0841, 0x0841, 0x0841, 0x0841, 0x0841, 0x0841, 0x0020, 0x0000, 0x0021,
    0x0841, 0x0841, 0x0841, 0x0841, 0x0841, 0x0020, 0x0000, 0x0000, 0x0000, 0x0841, 0x0861, 0x0841,
    0x0861, 0x0000, 0x0021, 0x0841, 0x0841, 0x0841, 0x0021, 0xD4C9, 0xF5EC, 0xED4B, 0xF5AB, 0x3143,
    0x0000, 0x0861, 0x0841, 0x0841, 0x0841, 0x0841, 0x0841, 0x0841, 0x0841, 0x0841, 0x0841, 0x0841,
    0x0841, 0x0841, 0x0841, 0x0841, 0x0841, 0x0841, 0x0841, 0x0841, 0x0841, 0x0841, 0x0841, 0x0841,
    0x0841, 0x0841, 0x0841, 0x0841, 0x0841, 0x0841, 0x0841, 0x0841, 0x0841, 0x0841, 0x0841, 0x0841,
    0x0841, 0x0841, 0x0841, 0x0841, 0x0841, 0x0841, 0x0841, 0x0841, 0x0841, 0x0841, 0x0841, 0x0841,
    0x0841, 0x0841, 0x0841, 0x0841, 0x0841, 0x0841, 0x0841, 0x0841, 0x0841, 0x0841, 0x0841, 0x0841,
    0x0841, 0x0841, 0x0841, 0x0841, 0x0841, 0xDD0A, 0xFE0C, 0x6245, 0xED4B, 0x2922, 0x0020, 0x0841,
    0x0841, 0x0841, 0x0861, 0x0841, 0x0841, 0x0841, 0x0841, 0x0861, 0x0861, 0x0861, 0x0861, 0x0841,
    0x0841, 0x0841, 0x0841, 0x0841, 0x0841, 0x0861, 0x0841, 0x0841, 0x0841, 0x0841, 0x0841, 0x0841,
    0x0841, 0x0841, 0x0841, 0x0841, 0x0841, 0x0841, 0x0861, 0x0841, 0x0841, 0x0841, 0x0841, 0x0841,
    0x0841, 0x0841, 0x0861, 0x0861, 0x0861, 0x0841, 0x0841, 0x0841, 0x0021, 0x4183, 0x20C2, 0x0021,
    0x0841, 0x0021, 0x18C2, 0xF58B, 0xF5AB, 0xFDEC, 0xE54A, 0x1081, 0x0041, 0x0841, 0x0841, 0x0841,
    0x0841, 0x0841, 0x0841, 0x0841, 0x0841, 0x0841, 0x0841, 0x0841, 0x0841, 0x0841, 0x0841, 0x0841,
    0x0841, 0x0841, 0x0841, 0x0841, 0x0841, 0x0841, 0x0841, 0x0841, 0x0841, 0x0841, 0x0841, 0x0841,
    0x0841, 0x0841, 0x0841, 0x0841, 0x0841, 0x0841, 0x0841, 0x0841, 0x0841, 0x0841, 0x0841, 0x0841,
    0x0841, 0x0841, 0x0841, 0x0841, 0x0841, 0x0841, 0x0841, 0x0841, 0x0841, 0x0841, 0x0841, 0x0841,
    0x0841, 0x0841, 0x0841, 0x0841, 0x0841, 0x0841, 0x0841, 0x0841, 0x0841, 0x0841, 0x0841, 0x0861,
    0x0000, 0xB408, 0xFE8D, 0x82E6, 0xDCEA, 0x6245, 0x0000, 0x0861, 0x0841, 0x0841, 0x0000, 0x0021,
    0x0841, 0x0841, 0x0841, 0x0841, 0x0841, 0x0841, 0x0841, 0x0841, 0x0841, 0x0841, 0x0841, 0x0841,
    0x0841, 0x0841, 0x0841, 0x0841, 0x0841, 0x0841, 0x0841, 0x0841, 0x0841, 0x0841, 0x0841, 0x0841,
    0x0841, 0x0841, 0x0841, 0x0841, 0x0841, 0x0841, 0x0841, 0x0841, 0x0841, 0x0841, 0x0841, 0x0841,
    0x0841, 0x0841, 0x0841, 0x0841, 0x0021, 0xD4CA, 0x3943, 0x0000, 0x0861, 0x0000, 0x3983, 0xFE0C,
    0xFDEC, 0xFE2C, 0xABE8, 0x0000, 0x0861, 0x0841, 0x0841, 0x0841, 0x0841, 0x0841, 0x0841, 0x0841,
    0x0841, 0x0841, 0x0841, 0x0841, 0x0841, 0x0841, 0x0841, 0x0841, 0x0841, 0x0841, 0x0841, 0x0841,
    0x0841, 0x0841, 0x0841, 0x0841, 0x0841, 0x0841, 0x0841, 0x0841, 0x0841, 0x0841, 0x0841, 0x0841,
    0x0841, 0x0841, 0x0841, 0x0841, 0x0841, 0x0841, 0x0841, 0x0841, 0x0841, 0x0841, 0x0841, 0x0841,
    0x0841, 0x0841, 0x0841, 0x0841, 0x0841, 0x0841, 0x0841, 0x0841, 0x0841, 0x0841, 0x0841, 0x0841,
    0x0841, 0x0841, 0x0841, 0x0841, 0x0841, 0x0841, 0x0841, 0x0861, 0x0000, 0x7AC6, 0xFE8D, 0xABE8,
    0xBC49, 0x9BA7, 0x0000, 0x0861, 0x0841, 0x0841, 0x7AC6, 0x28E2, 0x0021, 0x0841, 0x0841, 0x0841,
    0x0841, 0x0841, 0x0841, 0x0841, 0x0841, 0x0841, 0x0841, 0x0841, 0x0841, 0x0841, 0x0841, 0x0841,
    0x0841, 0x0841, 0x0841, 0x0841, 0x0841, 0x0841, 0x0841, 0x0841, 0x0841, 0x0841, 0x0841, 0x0841,
    0x0841, 0x0841, 0x0841, 0x0841, 0x0841, 0x0841, 0x0841, 0x0841, 0x0841, 0x0841, 0x0861, 0x0000,
    0x49C4, 0xE54A, 0x0861, 0x0841, 0x0861, 0x0000, 0x82E6, 0xDD2A, 0xCCA9, 0xFE6D, 0x8B26, 0x0000,
    0x0861, 0x0841, 0x0841, 0x0841, 0x0841, 0x0841, 0x0841, 0x0841, 0x0841, 0x0841, 0x0841, 0x0841,
    0x0841, 0x0841, 0x0841, 0x0841, 0x0841, 0x0841, 0x0841, 0x0841, 0x0841, 0x0841, 0x0841, 0x0841,
    0x0841, 0x0841, 0x0841, 0x0841, 0x0841, 0x0841, 0x0841, 0x0841, 0x0841, 0x0841, 0x0841, 0x0841,
    0x0841, 0x0841, 0x0841, 0x0841, 0x0841, 0x0841, 0x0841, 0x0841, 0x0841, 0x0841, 0x0841, 0x0841,
    0x0841, 0x0841, 0x0841, 0x0841, 0x0841, 0x0841, 0x0841, 0x0841, 0x0841, 0x0841, 0x0841, 0x0841,
    0x0841, 0x0841, 0x0841, 0x0861, 0x0000, 0x49A4, 0xFE4C, 0xD4EA, 0x9B87, 0xCCA9, 0x0000, 0x0861,
    0x0841, 0x0000, 0xE52A, 0x8306, 0x0000, 0x0861, 0x0841, 0x0841, 0x0841, 0x0841, 0x0841, 0x0841,
    0x0841, 0x0841, 0x0841, 0x0841, 0x0841, 0x0841, 0x0841, 0x0841, 0x0841, 0x0841, 0x0841, 0x0841,
    0x0841, 0x0841, 0x0841, 0x0841, 0x0841, 0x0841, 0x0841, 0x0841, 0x0841, 0x0841, 0x0841, 0x0841,
    0x0841, 0x0841, 0x0841, 0x0841, 0x0841, 0x0841, 0x0861, 0x0000, 0x72A5, 0xDD0A, 0x0020, 0x0841,
    0x0861, 0x0000, 0xC489, 0xA3C8, 0xC469, 0xFE6D, 0x5A24, 0x0000, 0x0861, 0x0841, 0x0841, 0x0841,
    0x0841, 0x0841, 0x0841, 0x0841, 0x0841, 0x0841, 0x0841, 0x0841, 0x0841, 0x0841, 0x0841, 0x0841,
    0x0841, 0x0841, 0x0841, 0x0841, 0x0841, 0x0841, 0x0841, 0x0841, 0x0841, 0x0841, 0x0841, 0x0841,
    0x0841, 0x0841, 0x0841, 0x0841, 0x0841, 0x0841, 0x0841, 0x0841, 0x0841, 0x0841, 0x0841, 0x0841,
    0x0841, 0x0841, 0x0841, 0x0841, 0x0841, 0x0841, 0x0841, 0x0841, 0x0841, 0x0841, 0x0841, 0x0841,
    0x0841, 0x0841, 0x0841, 0x0841, 0x0841, 0x0841, 0x0841, 0x0841, 0x0841, 0x0841, 0x0841, 0x0841,
    0x0021, 0x18A2, 0xF56B, 0xFDCB, 0x9B87, 0xE52A, 0x1081, 0x0041, 0x0861, 0x0000, 0xB408, 0xA3A7,
    0x0000, 0x0861, 0x0841, 0x0841, 0x0841, 0x0841, 0x0841, 0x0841, 0x0841, 0x0841, 0x0841, 0x0841,
    0x0841, 0x0841, 0x0841, 0x0841, 0x0841, 0x0841, 0x0841, 0x0841, 0x0841, 0x0841, 0x0841, 0x0841,
    0x0841, 0x0841, 0x0841, 0x0841, 0x0841, 0x0841, 0x0841, 0x0841, 0x0841, 0x0841, 0x0841, 0x0841,
    0x0841, 0x0841, 0x0861, 0x0000, 0x9367, 0xC469, 0x0000, 0x0861, 0x0841, 0x0861, 0xE52A, 0x9367,
    0xF5AB, 0xF5AB, 0x20E2, 0x0020, 0x0841, 0x0841, 0x0841, 0x0841, 0x0841, 0x0841, 0x0841, 0x0841,
    0x0841, 0x0841, 0x0841, 0x0841, 0x0841, 0x0841, 0x0841, 0x0841, 0x0841, 0x0841, 0x0841, 0x0841,
    0x0841, 0x0841, 0x0841, 0x0841, 0x0841, 0x0841, 0x0841, 0x0841, 0x0841, 0x0841, 0x0841, 0x0841,
    0x0841, 0x0841, 0x0841, 0x0841, 0x0841, 0x0841, 0x0841, 0x0841, 0x0841, 0x0841, 0x0841, 0x0841,
    0x0841, 0x0841, 0x0841, 0x0841, 0x0841, 0x0841, 0x0841, 0x0841, 0x0841, 0x0841, 0x0841, 0x0841,
    0x0841, 0x0841, 0x0841, 0x0841, 0x0841, 0x0841, 0x0841, 0x0841, 0x0841, 0x0000, 0xBC49, 0xFE6D,
    0xA3C8, 0xED6B, 0x41A3, 0x0000, 0x1061, 0x0000, 0x9367, 0xCCA9, 0x0000, 0x0861, 0x0841, 0x0841,
    0x0841, 0x0841, 0x0841, 0x0841, 0x0841, 0x0841, 0x0841, 0x0841, 0x0841, 0x0841, 0x0841, 0x0841,
    0x0841, 0x0841, 0x0841, 0x0841, 0x0841, 0x0841, 0x0841, 0x0841, 0x0841, 0x0841, 0x0841, 0x0841,
    0x0841, 0x0841, 0x0841, 0x0841, 0x0841, 0x0841, 0x0841, 0x0841, 0x0841, 0x0841, 0x0861, 0x0000,
    0xBC29, 0xA3C7, 0x0000, 0x1061, 0x0000, 0x3143, 0xED6B, 0x9BA7, 0xFE4C, 0xCCA9, 0x0021, 0x0841,
    0x0841, 0x0841, 0x0841, 0x0841, 0x0841, 0x0841, 0x0841, 0x0841, 0x0841, 0x0841, 0x0841, 0x0841,
    0x0841, 0x0841, 0x0841, 0x0841, 0x0841, 0x0841, 0x0841, 0x0841, 0x0841, 0x0841, 0x0841, 0x0841,
    0x0841, 0x0841, 0x0841, 0x0841, 0x0841, 0x0841, 0x0841, 0x0841, 0x0841, 0x0841, 0x0841, 0x0841,
    0x0841, 0x0841, 0x0841, 0x0841, 0x0841, 0x0841, 0x0841, 0x0841, 0x0841, 0x0841, 0x0841, 0x0841,
    0x0841, 0x0841, 0x0841, 0x0841, 0x0841, 0x0841, 0x0841, 0x0841, 0x0841, 0x0841, 0x0841, 0x0841,
    0x0841, 0x0841, 0x0841, 0x0841, 0x0861, 0x0000, 0x8B26, 0xFE8D, 0xBC48, 0xD4EA, 0x7AE6, 0x0000,
    0x1081, 0x0000, 0x6A85, 0xD4EA, 0x0000, 0x0841, 0x0841, 0x0841, 0x0841, 0x0841, 0x0841, 0x0841,
    0x0841, 0x0841, 0x0841, 0x0841, 0x0841, 0x0841, 0x0841, 0x0841, 0x0841, 0x0841, 0x0841, 0x0841,
    0x0841, 0x0841, 0x0841, 0x0841, 0x0841, 0x0841, 0x0841, 0x0841, 0x0841, 0x0841, 0x0841, 0x0841,
    0x0841, 0x0841, 0x0841, 0x0841, 0x0841, 0x0841, 0x0841, 0x0000, 0xD4CA, 0x8306, 0x0000, 0x1081,
    0x0000, 0x6A85, 0xE52A, 0xB428, 0xFE6D, 0x9BA7, 0x0000, 0x0861, 0x0841, 0x0841, 0x0841, 0x0841,
    0x0841, 0x0841, 0x0841, 0x0841, 0x0841, 0x0841, 0x0841, 0x0841, 0x0841, 0x0841, 0x0841, 0x0841,
    0x0841, 0x0841, 0x0841, 0x0841, 0x0841, 0x0841, 0x0841, 0x0841, 0x0841, 0x0841, 0x0841, 0x0841,
    0x0841, 0x0841, 0x0841, 0x0841, 0x0841, 0x0841, 0x0841, 0x0841, 0x0841, 0x0841, 0x0841, 0x0841,
    0x0841, 0x0841, 0x0841, 0x0841, 0x0841, 0x0841, 0x0841, 0x0841, 0x0841, 0x0841, 0x0841, 0x0841,
    0x0841, 0x0841, 0x0841, 0x0841, 0x0841, 0x0841, 0x0841, 0x0841, 0x0841, 0x0841, 0x0841, 0x0841,
    0x0861, 0x0000, 0x5204, 0xFE4C, 0xDD0A, 0xB428, 0xBC49, 0x0000, 0x1061, 0x0000, 0x49C4, 0xED4B,
    0x1061, 0x0841, 0x0841, 0x0841, 0x0841, 0x0841, 0x0841, 0x0841, 0x0841, 0x0841, 0x0841, 0x0841,
    0x0841, 0x0841, 0x0841, 0x0841, 0x0841, 0x0841, 0x0841, 0x0841, 0x0841, 0x0841, 0x0841, 0x0841,
    0x0841, 0x0841, 0x0841, 0x0841, 0x0841, 0x0841, 0x0841, 0x0841, 0x0841, 0x0841, 0x0841, 0x0841,
    0x0841, 0x0841, 0x0841, 0x20E2, 0xED6B, 0x5A25, 0x0000, 0x1061, 0x0000, 0xABE8, 0xCC89, 0xD4CA,
    0xFE6D, 0x6A65, 0x0000, 0x0861, 0x0841, 0x0841, 0x0841, 0x0841, 0x0841, 0x0841, 0x0841, 0x0841,
    0x0841, 0x0841, 0x0841, 0x0841, 0x0841, 0x0841, 0x0841, 0x0841, 0x0841, 0x0841, 0x0841, 0x0841,
    0x0841, 0x0841, 0x0841, 0x0841, 0x0841, 0x0841, 0x0841, 0x0841, 0x0841, 0x0841, 0x0841, 0x0841,
    0x0841, 0x0841, 0x0841, 0x0841, 0x0841, 0x0841, 0x0841, 0x0841, 0x0841, 0x0841, 0x0841, 0x0841,
    0x0841, 0x0841, 0x0841, 0x0841, 0x0841, 0x0841, 0x0841, 0x0841, 0x0841, 0x0841, 0x0841, 0x0841,
    0x0841, 0x0841, 0x0841, 0x0841, 0x0841, 0x0841, 0x0841, 0x0841, 0x0841, 0x0021, 0x2902, 0xFDAB,
    0xFDCC, 0x9B87, 0xE52A, 0x1081, 0x0841, 0x0020, 0x2902, 0xFDAB, 0x2902, 0x0020, 0x0841, 0x0841,
    0x0841, 0x0841, 0x0841, 0x0841, 0x0841, 0x0841, 0x0841, 0x0841, 0x0841, 0x0841, 0x0841, 0x0841,
    0x0841, 0x0841, 0x0841, 0x0841, 0x0841, 0x0841, 0x0841, 0x0841, 0x0841, 0x0841, 0x0841, 0x0841,
    0x0841, 0x0841, 0x0841, 0x0841, 0x0841, 0x0841, 0x0841, 0x0841, 0x0841, 0x0841, 0x1081, 0xDCEA,
    0xFDEC, 0x3963, 0x0000, 0x0861, 0x0841, 0xDD0A, 0xA3C8, 0xF58B, 0xFDCC, 0x2902, 0x0020, 0x0841,
    0x0841, 0x0841, 0x0841, 0x0841, 0x0841, 0x0841, 0x0841, 0x0841, 0x0841, 0x0841, 0x0841, 0x0841,
    0x0841, 0x0841, 0x0841, 0x0841, 0x0841, 0x0841, 0x0841, 0x0841, 0x0841, 0x0841, 0x0841, 0x0841,
    0x0841, 0x0841, 0x0841, 0x0841, 0x0841, 0x0841, 0x0841, 0x0841, 0x0841, 0x0841, 0x0841, 0x0841,
    0x0841, 0x0841, 0x0841, 0x0841, 0x0841, 0x0841, 0x0841, 0x0841, 0x0841, 0x0841, 0x0841, 0x0841,
    0x0841, 0x0841, 0x0841, 0x0841, 0x0841, 0x0841, 0x0841, 0x0841, 0x0841, 0x0841, 0x0841, 0x0841,
    0x0841, 0x0841, 0x0841, 0x0841, 0x0841, 0x0841, 0x0841, 0xD4CA, 0xFE4D, 0x9B87, 0xE54B, 0x49C4,
    0x0000, 0x0841, 0x1081, 0xF56B, 0x49C4, 0x0000, 0x0861, 0x0841, 0x0841, 0x0841, 0x0841, 0x0841,
    0x0841, 0x0841, 0x0841, 0x0841, 0x0841, 0x0841, 0x0841, 0x0841, 0x0841, 0x0841, 0x0841, 0x0841,
    0x0841, 0x0841, 0x0841, 0x0841, 0x0841, 0x0841, 0x0841, 0x0841, 0x0841, 0x0841, 0x0841, 0x0841,
    0x0841, 0x0841, 0x0841, 0x0841, 0x0861, 0x0000, 0x49C4, 0xFDEC, 0xED6B, 0x18C2, 0x0041, 0x0000,
    0x3943, 0xED6B, 0x9BA7, 0xFE2C, 0xE52A, 0x1081, 0x0841, 0x0841, 0x0841, 0x0841, 0x0841, 0x0841,
    0x0841, 0x0841, 0x0841, 0x0841, 0x0841, 0x0841, 0x0841, 0x0841, 0x0841, 0x0841, 0x0841, 0x0841,
    0x0841, 0x0841, 0x0841, 0x0841, 0x0841, 0x0841, 0x0841, 0x0841, 0x0841, 0x0841, 0x0841, 0x0841,
    0x0841, 0x0841, 0x0841, 0x0841, 0x0841, 0x0841, 0x0841, 0x0841, 0x0841, 0x0841, 0x0841, 0x0841,
    0x0841, 0x0841, 0x0841, 0x0841, 0x0841, 0x0841, 0x0841, 0x0841, 0x0841, 0x0841, 0x0841, 0x0841,
    0x0841, 0x0841, 0x0841, 0x0841, 0x0841, 0x0841, 0x0841, 0x0841, 0x0841, 0x0841, 0x0841, 0x0841,
    0x0841, 0x0861, 0x0000, 0x9BA7, 0xFE8D, 0xB428, 0xC489, 0x9B87, 0x0000, 0x0861, 0x0000, 0xDD0A,
    0x72A5, 0x0000, 0x0861, 0x0841, 0x0841, 0x0841, 0x0841, 0x0841, 0x0841, 0x0841, 0x0841, 0x0841,
    0x0841, 0x0841, 0x0841, 0x0841, 0x0841, 0x0841, 0x0841, 0x0841, 0x0841, 0x0841, 0x0841, 0x0841,
    0x0841, 0x0841, 0x0841, 0x0841, 0x0841, 0x0841, 0x0841, 0x0841, 0x0841, 0x0841, 0x0841, 0x0841,
    0x0861, 0x0000, 0x9347, 0xFE0C, 0xD4EA, 0x0861, 0x0861, 0x0000, 0x8306, 0xD4CA, 0xB428, 0xFE6D,
    0xB428, 0x0000, 0x0861, 0x0841, 0x0841, 0x0841, 0x0841, 0x0841, 0x0841, 0x0841, 0x0841, 0x0841,
    0x0841, 0x0841, 0x0841, 0x0841, 0x0841, 0x0841, 0x0841, 0x0841, 0x0841, 0x0841, 0x0841, 0x0841,
    0x0841, 0x0841, 0x0841, 0x0841, 0x0841, 0x0841, 0x0841, 0x0841, 0x0841, 0x0841, 0x0841, 0x0841,
    0x0841, 0x0841, 0x0841, 0x0841, 0x0841, 0x0841, 0x0841, 0x0841, 0x0841, 0x0841, 0x0841, 0x0841,
    0x0841, 0x0841, 0x0841, 0x0841, 0x0841, 0x0841, 0x0841, 0x0841, 0x0841, 0x0841, 0x0841, 0x0841,
    0x0841, 0x0841, 0x0841, 0x0841, 0x0841, 0x0841, 0x0841, 0x0841, 0x0841, 0x0861, 0x0000, 0x6245,
    0xFE4C, 0xE52A, 0x9B87, 0xD4CA, 0x0000, 0x1081, 0x0000, 0xC469, 0x9367, 0x0000, 0x0861, 0x0841,
    0x0841, 0x0841, 0x0841, 0x0841, 0x0841, 0x0841, 0x0841, 0x0841, 0x0841, 0x0841, 0x0841, 0x0841,
    0x0841, 0x0841, 0x0841, 0x0841, 0x0841, 0x0841, 0x0841, 0x0841, 0x0841, 0x0841, 0x0841, 0x0841,
    0x0841, 0x0841, 0x0841, 0x0841, 0x0841, 0x0841, 0x0841, 0x0841, 0x0861, 0x0000, 0xBC49, 0xFDEC,
    0xBC49, 0x0020, 0x1081, 0x0000, 0xBC49, 0xB428, 0xDD0A, 0xFE4D, 0x7AE6, 0x0000, 0x0861, 0x0841,
    0x0841, 0x0841, 0x0841, 0x0841, 0x0841, 0x0841, 0x0841, 0x0841, 0x0841, 0x0841, 0x0841, 0x0841,
    0x0841, 0x0841, 0x0841, 0x0841, 0x0841, 0x0841, 0x0841, 0x0841, 0x0841, 0x0841, 0x0841, 0x0841,
    0x0841, 0x0841, 0x0841, 0x0841, 0x0841, 0x0841, 0x0841, 0x0841, 0x0841, 0x0841, 0x0841, 0x0841,
    0x0841, 0x0841, 0x0841, 0x0841, 0x0841, 0x0841, 0x0841, 0x0841, 0x0841, 0x0841, 0x0841, 0x0841,
    0x0841, 0x0841, 0x0841, 0x0841, 0x0841, 0x0841, 0x0841, 0x0841, 0x0841, 0x0841, 0x0841, 0x0841,
    0x0841, 0x0841, 0x0841, 0x0841, 0x0841, 0x0861, 0x0000, 0x3123, 0xFDCC, 0xFDCC, 0xDD0A, 0xE56B,
    0x20C2, 0x0000, 0x0000, 0xA3C8, 0xB408, 0x0000, 0x1061, 0x0841, 0x0841, 0x0841, 0x0841, 0x0841,
    0x0841, 0x0841, 0x0841, 0x0841, 0x0841, 0x0841, 0x0841, 0x0841, 0x0841, 0x0841, 0x0841, 0x0841,
    0x0841, 0x0841, 0x0841, 0x0841, 0x0841, 0x0841, 0x0841, 0x0841, 0x0841, 0x0841, 0x0841, 0x0841,
    0x0841, 0x0841, 0x0841, 0x0861, 0x0000, 0x51E4, 0xDD0A, 0xBC49, 0xB408, 0x0000, 0x0000, 0x18A2,
    0xD50A, 0xED8B, 0xFDAB, 0xFE0C, 0x4183, 0x0000, 0x0861, 0x0841, 0x0841, 0x0841, 0x0841, 0x0841,
    0x0841, 0x0841, 0x0841, 0x0841, 0x0841, 0x0841, 0x0841, 0x0841, 0x0841, 0x0841, 0x0841, 0x0841,
    0x0841, 0x0841, 0x0841, 0x0841, 0x0841, 0x0841, 0x0841, 0x0841, 0x0841, 0x0841, 0x0841, 0x0841,
    0x0841, 0x0841, 0x0841, 0x0841, 0x0841, 0x0841, 0x0841, 0x0841, 0x0841, 0x0841, 0x0841, 0x0841,
    0x0841, 0x0841, 0x0841, 0x0841, 0x0841, 0x0841, 0x0841, 0x0841, 0x0841, 0x0841, 0x0841, 0x0841,
    0x0841, 0x0841, 0x0841, 0x0841, 0x0841, 0x0841, 0x0841, 0x0841, 0x0841, 0x0841, 0x0841, 0x0841,
    0x0841, 0x0841, 0x0841, 0x0861, 0xDD0A, 0xFE0C, 0xF58B, 0xD4EA, 0xF5CB, 0x7AE6, 0x18A1, 0x72A5,
    0xED6B, 0x1061, 0x0000, 0x0861, 0x0841, 0x0841, 0x0861, 0x0861, 0x0841, 0x0841, 0x0841, 0x0841,
    0x0841, 0x0841, 0x0841, 0x0841, 0x0841, 0x0841, 0x0841, 0x0841, 0x0841, 0x0841, 0x0841, 0x0841,
    0x0841, 0x0841, 0x0841, 0x0841, 0x0841, 0x0841, 0x0841, 0x0841, 0x0841, 0x0861, 0x0861, 0x0861,
    0x0020, 0x5A24, 0x5A24, 0xCCCA, 0x8306, 0x1081, 0x72A5, 0xE54B, 0xFE0C, 0xFDCC, 0xFDEC, 0xED6B,
    0x1081, 0x0041, 0x0841, 0x0841, 0x0841, 0x0841, 0x0841, 0x0841, 0x0841, 0x0841, 0x0841, 0x0841,
    0x0841, 0x0841, 0x0841, 0x0841, 0x0841, 0x0841, 0x0841, 0x0841, 0x0841, 0x0841, 0x0841, 0x0841,
    0x0841, 0x0841, 0x0841, 0x0841, 0x0841, 0x0841, 0x0841, 0x0841, 0x0841, 0x0841, 0x0841, 0x0841,
    0x0841, 0x0841, 0x0841, 0x0841, 0x0841, 0x0841, 0x0841, 0x0841, 0x0841, 0x0841, 0x0841, 0x0841,
    0x0841, 0x0841, 0x0841, 0x0841, 0x0841, 0x0841, 0x0841, 0x0841, 0x0841, 0x0841, 0x0841, 0x0841,
    0x0841, 0x0841, 0x0841, 0x0841, 0x0841, 0x0841, 0x0841, 0x0841, 0x0841, 0x0841, 0x0861, 0x0000,
    0xABC8, 0xFE2C, 0xF5CC, 0xA3A7, 0x8B26, 0xFDEC, 0xF5AB, 0xDCEA, 0xFDEC, 0xE58B, 0x8306, 0x0000,
    0x0861, 0x0841, 0x0000, 0x0000, 0x0021, 0x0841, 0x0841, 0x0841, 0x0861, 0x0861, 0x0861, 0x0861,
    0x0861, 0x0861, 0x0861, 0x0861, 0x0861, 0x0861, 0x0861, 0x0861, 0x0861, 0x0861, 0x0861, 0x0861,
    0x0841, 0x0841, 0x0841, 0x0021, 0x0020, 0x0000, 0x0000, 0x0861, 0x0000, 0x7AE6, 0xE56B, 0xFDCC,
    0xDD0A, 0xED6B, 0xFE2C, 0xFDEC, 0xFDCC, 0xFDAB, 0xFE2C, 0xB428, 0x0000, 0x0861, 0x0841, 0x0841,
    0x0841, 0x0841, 0x0841, 0x0841, 0x0841, 0x0841, 0x0841, 0x0841, 0x0841, 0x0841, 0x0841, 0x0841,
    0x0841, 0x0841, 0x0841, 0x0841, 0x0841, 0x0841, 0x0841, 0x0841, 0x0841, 0x0841, 0x0841, 0x0841,
    0x0841, 0x0841, 0x0841, 0x0841, 0x0841, 0x0841, 0x0841, 0x0841, 0x0841, 0x0841, 0x0841, 0x0841,
    0x0841, 0x0841, 0x0841, 0x0841, 0x0841, 0x0841, 0x0841, 0x0841, 0x0841, 0x0841, 0x0841, 0x0841,
    0x0841, 0x0841, 0x0841, 0x0841, 0x0841, 0x0841, 0x0841, 0x0841, 0x0841, 0x0841, 0x0841, 0x0841,
    0x0841, 0x0841, 0x0841, 0x0841, 0x0841, 0x0841, 0x0861, 0x0000, 0x51E4, 0xFE0C, 0xFDCB, 0xFE0C,
    0xD4CA, 0xF58B, 0xFE0C, 0xFE0C, 0xFDCB, 0xFE0C, 0xFDCC, 0x49C4, 0x0000, 0x1081, 0x6265, 0x3143,
    0x20C2, 0x1081, 0x0841, 0x0020, 0x0000, 0x0000, 0x0000, 0x0000, 0x0000, 0x0000, 0x0000, 0x0000,
    0x0000, 0x0000, 0x0000, 0x0000, 0x0000, 0x0000, 0x0000, 0x0000, 0x0020, 0x0021, 0x1061, 0x20E2,
    0x2902, 0x5204, 0x51E4, 0x0000, 0x4183, 0xED8B, 0xFE0C, 0xFDCB, 0xFE0C, 0xFE0C, 0xFDEC, 0xFDCC,
    0xFDAB, 0xFDAB, 0xFE2C, 0x72A5, 0x0000, 0x0861, 0x0841, 0x0841, 0x0841, 0x0841, 0x0841, 0x0841,
    0x0841, 0x0841, 0x0841, 0x0841, 0x0841, 0x0841, 0x0841, 0x0841, 0x0841, 0x0841, 0x0841, 0x0841,
    0x0841, 0x0841, 0x0841, 0x0841, 0x0841, 0x0841, 0x0841, 0x0841, 0x0841, 0x0841, 0x0841, 0x0841,
    0x0841, 0x0841, 0x0841, 0x0841, 0x0841, 0x0841, 0x0841, 0x0841, 0x0841, 0x0841, 0x0841, 0x0841,
    0x0841, 0x0841, 0x0841, 0x0841, 0x0841, 0x0841, 0x0841, 0x0841, 0x0841, 0x0841, 0x0841, 0x0841,
    0x0841, 0x0841, 0x0841, 0x0841, 0x0841, 0x0841, 0x0841, 0x0841, 0x0841, 0x0841, 0x0841, 0x0841,
    0x0841, 0x0841, 0x0841, 0x0041, 0x1061, 0xED4B, 0xFE0C, 0xF58B, 0xDD0A, 0xDD0A, 0xE54B, 0xF58B,
    0xFDCB, 0xFDCC, 0xFDEC, 0xFE2C, 0x8B26, 0x6A85, 0xFE2C, 0xED6B, 0xE54A, 0xDD0A, 0xCCA9, 0xC489,
    0xB408, 0xA3C8, 0xA3C8, 0x8306, 0x8306, 0x8306, 0x82E6, 0x8306, 0x8306, 0x82E6, 0x8306, 0x8306,
    0x8306, 0xA3C8, 0xA3C8, 0xABE8, 0xC489, 0xC489, 0xDD0A, 0xE54B, 0xED6B, 0xF5CC, 0xCCA9, 0xABE8,
    0xFE0C, 0xFE0C, 0xFDCC, 0xFDCB, 0xF58B, 0xE54B, 0xD4EA, 0xCCA9, 0xED6B, 0xFDEC, 0xF5AB, 0x20C2,
    0x0021, 0x0841, 0x0841, 0x0841, 0x0841, 0x0841, 0x0841, 0x0841, 0x0841, 0x0841, 0x0841, 0x0841,
    0x0841, 0x0841, 0x0841, 0x0841, 0x0841, 0x0841, 0x0841, 0x0841, 0x0841, 0x0841, 0x0841, 0x0841,
    0x0841, 0x0841, 0x0841, 0x0841, 0x0841, 0x0841, 0x0841, 0x0841, 0x0841, 0x0841, 0x0841, 0x0841,
    0x0841, 0x0841, 0x0841, 0x0841, 0x0841, 0x0841, 0x0841, 0x0841, 0x0841, 0x0841, 0x0841, 0x0841,
    0x0841, 0x0841, 0x0841, 0x0841, 0x0841, 0x0841, 0x0841, 0x0841, 0x0841, 0x0841, 0x0841, 0x0841,
    0x0841, 0x0841, 0x0841, 0x0841, 0x0841, 0x0841, 0x0841, 0x0841, 0x0841, 0x0841, 0x0841, 0x0861,
    0x0000, 0x5A24, 0xFE0C, 0xFE0C, 0xF5AB, 0xED4B, 0xDD0A, 0xD4EA, 0xCCCA, 0xD4CA, 0xD4EA, 0xE54B,
    0xF58B, 0xE54B, 0xDD2A, 0xE52A, 0xE54B, 0xED6B, 0xF58B, 0xF58B, 0xED6B, 0xF5AB, 0xF58B, 0xFDAB,
    0xF58B, 0xFE0C, 0xFE4D, 0xF58B, 0xFDEC, 0xFE6D, 0xFDEC, 0xF5AB, 0xFDAB, 0xF58B, 0xFDAB, 0xF58B,
    0xF58B, 0xED6B, 0xED4B, 0xE54B, 0xE52A, 0xDD2A, 0xDD0A, 0xF58B, 0xE54B, 0xDD0A, 0xD4EA, 0xD4EA,
    0xD4EA, 0xD50A, 0xE52A, 0xFDAB, 0xFE0C, 0xFE2C, 0x7285, 0x0000, 0x0861, 0x0841, 0x0841, 0x0841,
    0x0841, 0x0841, 0x0841, 0x0841, 0x0841, 0x0841, 0x0841, 0x0841, 0x0841, 0x0841, 0x0841, 0x0841,
    0x0841, 0x0841, 0x0841, 0x0841, 0x0841, 0x0841, 0x0841, 0x0841, 0x0841, 0x0841, 0x0841, 0x0841,
    0x0841, 0x0841, 0x0841, 0x0841, 0x0841, 0x0841, 0x0841, 0x0841, 0x0841, 0x0841, 0x0841, 0x0841,
    0x0841, 0x0841, 0x0841, 0x0841, 0x0841, 0x0841, 0x0841, 0x0841, 0x0841, 0x0841, 0x0841, 0x0841,
    0x0841, 0x0841, 0x0841, 0x0841, 0x0841, 0x0841, 0x0841, 0x0841, 0x0841, 0x0841, 0x0841, 0x0841,
    0x0841, 0x0841, 0x0841, 0x0841, 0x0841, 0x0841, 0x0841, 0x0841, 0x0861, 0x0000, 0x51E4, 0xD4EA,
    0xFDEC, 0xFE4D, 0xFE4D, 0xFE4C, 0xFE0C, 0xFDCC, 0xF58B, 0xED6B, 0xE52A, 0xDD0A, 0xDD0A, 0xDD0A,
    0xDD0A, 0xDD0A, 0xDD0A, 0xDCEA, 0xCCA9, 0xDD0A, 0xDCEA, 0xC469, 0xC469, 0xDD0A, 0xE52A, 0xD4EA,
    0xDD0A, 0xE54A, 0xD4CA, 0xBC49, 0xC489, 0xDCEA, 0xDD0A, 0xCCA9, 0xD4EA, 0xDD0A, 0xDD0A, 0xDCEA,
    0xDD0A, 0xDD2A, 0xDD0A, 0xE52A, 0xED6B, 0xF58B, 0xFDCC, 0xFE0C, 0xFE4C, 0xFE6D, 0xFE4D, 0xFE0C,
    0xD50A, 0x5A04, 0x0000, 0x0841, 0x0841, 0x0841, 0x0841, 0x0841, 0x0841, 0x0841, 0x0841, 0x0841,
    0x0841, 0x0841, 0x0841, 0x0841, 0x0841, 0x0841, 0x0841, 0x0841, 0x0841, 0x0841, 0x0841, 0x0841,
    0x0841, 0x0841, 0x0841, 0x0841, 0x0841, 0x0841, 0x0841, 0x0841, 0x0841, 0x0841, 0x0841, 0x0841,
    0x0841, 0x0841, 0x0841, 0x0841, 0x0841, 0x0841, 0x0841, 0x0841, 0x0841, 0x0841, 0x0841, 0x0841,
    0x0841, 0x0841, 0x0841, 0x0841, 0x0841, 0x0841, 0x0841, 0x0841, 0x0841, 0x0841, 0x0841, 0x0841,
    0x0841, 0x0841, 0x0841, 0x0841, 0x0841, 0x0841, 0x0841, 0x0841, 0x0841, 0x0841, 0x0841, 0x0841,
    0x0841, 0x0841, 0x0841, 0x0841, 0x0841, 0x0861, 0x0000, 0x0841, 0x3963, 0x6A65, 0x9367, 0xB428,
    0xD4EA, 0xF58B, 0xFDEC, 0xFE2C, 0xFE2C, 0xFE2C, 0xFE2C, 0xFE0C, 0xFDEC, 0xFDCC, 0xFDAB, 0xFDAB,
    0xF56B, 0xF58B, 0xF58B, 0xDD0A, 0xDD0A, 0xED4B, 0xED4B, 0xED6B, 0xED6B, 0xED4B, 0xE52A, 0xDD0A,
    0xE52A, 0xF58B, 0xF58B, 0xED6B, 0xFDAB, 0xFDAB, 0xFDCC, 0xFDEC, 0xFE0C, 0xFE2C, 0xFE2C, 0xFE2C,
    0xFE2C, 0xFDEC, 0xF5AB, 0xDD0A, 0xBC49, 0x9367, 0x6A65, 0x3963, 0x0861, 0x0000, 0x0861, 0x0841,
    0x0841, 0x0841, 0x0841, 0x0841, 0x0841, 0x0841, 0x0841, 0x0841, 0x0841, 0x0841, 0x0841, 0x0841,
    0x0841, 0x0841, 0x0841, 0x0841, 0x0841, 0x0841, 0x0841, 0x0841, 0x0841, 0x0841, 0x0841, 0x0841,
    0x0841, 0x0841, 0x0841, 0x0841, 0x0841, 0x0841, 0x0841, 0x0841, 0x0841, 0x0841, 0x0841, 0x0841,
    0x0841, 0x0841, 0x0841, 0x0841, 0x0841, 0x0841, 0x0841, 0x0841, 0x0841, 0x0841, 0x0841, 0x0841,
    0x0841, 0x0841, 0x0841, 0x0841, 0x0841, 0x0841, 0x0841, 0x0841, 0x0841, 0x0841, 0x0841, 0x0841,
    0x0841, 0x0841, 0x0841, 0x0841, 0x0841, 0x0841, 0x0841, 0x0841, 0x0841, 0x0841, 0x0841, 0x0841,
    0x0841, 0x0841, 0x0861, 0x0841, 0x0000, 0x0000, 0x0000, 0x0000, 0x0861, 0x20E2, 0x3963, 0x5A45,
    0x7AC6, 0x9B87, 0xB428, 0xC489, 0xDD0A, 0xED6B, 0xFDEC, 0xFDCC, 0xFDEC, 0xFDEC, 0xFDEC, 0xFE0C,
    0xFE0C, 0xFDEC, 0xFDEC, 0xFDEC, 0xFDEC, 0xFDEC, 0xFDEC, 0xFE0C, 0xFDEC, 0xFDEC, 0xFDEC, 0xFDEC,
    0xFDCC, 0xFDEC, 0xF58B, 0xE52A, 0xCCA9, 0xBC48, 0x9BA7, 0x8306, 0x6245, 0x41A3, 0x2902, 0x1061,
    0x0000, 0x0000, 0x0000, 0x0000, 0x0841, 0x0861, 0x0841, 0x0841, 0x0841, 0x0841, 0x0841, 0x0841,
    0x0841, 0x0841, 0x0841, 0x0841, 0x0841, 0x0841, 0x0841, 0x0841, 0x0841, 0x0841, 0x0841, 0x0841,
    0x0841, 0x0841, 0x0841, 0x0841, 0x0841, 0x0841, 0x0841, 0x0841, 0x0841, 0x0841, 0x0841, 0x0841,
    0x0841, 0x0841, 0x0841, 0x0841, 0x0841, 0x0841, 0x0841, 0x0841,
};

// --- panele: dwa warianty wycięte z tego samego rastra ---
static const uint16_t panel_bonnet_closed[] PROGMEM = {
    0x0841, 0x0841, 0x0841, 0x0841, 0x0841, 0x0841, 0x0841, 0x0841, 0x0841, 0x0841, 0x0861, 0x0841,
    0x0020, 0x0000, 0x0000, 0x20E2, 0x51E4, 0x9367, 0xCCCA, 0xED6B, 0xF58B, 0xED6B, 0xED6B, 0xFDEC,
    0xFE0C, 0xFDCC, 0xF5AB, 0xD4CA, 0x8B47, 0x8B26, 0xCCA9, 0xFDCC, 0xFDCB, 0xFE0C, 0xFDAB, 0xE52A,
    0xED8B, 0xF5AB, 0xED6B, 0xD4CA, 0x9BA7, 0x5A45, 0x20E2, 0x0000, 0x0000, 0x0000, 0x0841, 0x0861,
    0x0841, 0x0841, 0x0841, 0x0841, 0x0841, 0x0841, 0x0841, 0x0841, 0x0841, 0x0841, 0x0841, 0x0841,
    0x0841, 0x0841, 0x0841, 0x0841, 0x0841, 0x0861, 0x0861, 0x0021, 0x0000, 0x0020, 0x3122, 0x7AE6,
    0xCCCA, 0xED8B, 0xF5AB, 0xE54B, 0xCCCA, 0xDD2A, 0xE54B, 0xED6B, 0xED6B, 0xD4CA, 0xCCA9, 0xFDEC,
    0xFDEC, 0xFDEC, 0xFE0C, 0xFE0C, 0xFDEC, 0xFE2C, 0xFE0C, 0xCCA9, 0xCCA9, 0xE56B, 0xED8B, 0xE56B,
    0xDD0A, 0xDD0A, 0xE56B, 0xF5AB, 0xF5AB, 0xCCA9, 0x8B26, 0x3963, 0x0020, 0x0000, 0x0021, 0x0861,
    0x0861, 0x0841, 0x0841, 0x0841, 0x0841, 0x0841, 0x0841, 0x0841, 0x0841, 0x0841, 0x0841, 0x0841,
    0x0841, 0x0841, 0x0861, 0x0000, 0x0000, 0x20C2, 0x72A5, 0xCCCA, 0xFDCB, 0xFDCB, 0xDD2A, 0xCCCA,
    0xD4EA, 0xED6B, 0xE54A, 0xC489, 0x9B87, 0x6245, 0x3143, 0x0000, 0x82E6, 0xFE0C, 0xF56B, 0xFE2C,
    0xFE2C, 0xFE2C, 0xFDAB, 0xABE8, 0xF5CC, 0xBC49, 0x0841, 0x2902, 0x6245, 0x9367, 0xC489, 0xE52A,
    0xED6B, 0xDD2A, 0xDD0A, 0xE52A, 0xF5AB, 0xFDCC, 0xCCCA, 0x7AE6, 0x20E2, 0x0000, 0x0000, 0x0861,
    0x0841, 0x0841, 0x0841, 0x0841, 0x0841, 0x0841, 0x0841, 0x0841, 0x0841, 0x0841, 0x0861, 0x0021,
    0x0000, 0x3143, 0xA3E8, 0xF5AB, 0xF5CB, 0xDD0A, 0xC4A9, 0xCCCA, 0xD50A, 0xD4CA, 0xA3E8, 0x5A45,
    0x20E2, 0x0020, 0x0000, 0x0000, 0x0020, 0x0021, 0x2902, 0x2902, 0x3143, 0x5A45, 0x7AE6, 0x7AE6,
    0x3963, 0x0000, 0x20E2, 0x4183, 0x0861, 0x0020, 0x0000, 0x0000, 0x0000, 0x20C2, 0x5204, 0x9BA7,
    0xCCCA, 0xDD0A, 0xD4EA, 0xCCA9, 0xDD0A, 0xF5AB, 0xF5AB, 0xB428, 0x49C4, 0x0000, 0x0020, 0x0861,
    0x0841, 0x0841, 0x0841, 0x0841, 0x0841, 0x0841, 0x0841, 0x0861, 0x0000, 0x20C2, 0xA3C8, 0xFDEC,
    0xF58B, 0xC489, 0xD4CA, 0xFDCB, 0xFE2C, 0xFE6D, 0xED8B, 0x3143, 0x0000, 0x0000, 0x0021, 0x0841,
    0x0861, 0x0861, 0x0841, 0x0841, 0x0021, 0x0020, 0x0020, 0x0000, 0x0000, 0x0000, 0x0000, 0x0861,
    0x0021, 0x0000, 0x0841, 0x0841, 0x0861, 0x0861, 0x0841, 0x0021, 0x0000, 0x0000, 0x3122, 0xDD4B,
    0xFE6D, 0xFE2C, 0xFDCC, 0xD4CA, 0xCCA9, 0xDD2A, 0xFDEC, 0xB449, 0x28E2, 0x0000, 0x0861, 0x0841,
    0x0841, 0x0841, 0x0841, 0x0841, 0x0861, 0x0000, 0x41A3, 0xED8B, 0xFDEC, 0xDCEA, 0xF58B, 0xFE0C,
    0xDCEA, 0x9B87, 0x6A85, 0x6245, 0x93A7, 0x3143, 0x0821, 0x1061, 0x0841, 0x0841, 0x0841, 0x0841,
    0x0841, 0x0841, 0x0841, 0x0841, 0x0841, 0x0861, 0x0861, 0x0861, 0x0861, 0x0841, 0x0841, 0x0861,
    0x0841, 0x0841, 0x0841, 0x0841, 0x0841, 0x0841, 0x0861, 0x0841, 0x3143, 0x9387, 0x6A85, 0x6A85,
    0x9367, 0xD4EA, 0xFE0C, 0xE54A, 0xCC89, 0xF5CB, 0xEDAB, 0x49C4, 0x0000, 0x0861, 0x0841, 0x0841,
    0x0841, 0x0861, 0x0020, 0x2902, 0xF5CC, 0xFDCB, 0xED6B, 0xFE0C, 0xABE8, 0x3963, 0x0021, 0x0000,
    0x0000, 0x0000, 0x0000, 0x0020, 0x0841, 0x0841, 0x0841, 0x0841, 0x0841, 0x0841, 0x0841, 0x0841,
    0x0841, 0x0841, 0x0841, 0x0841, 0x0841, 0x0841, 0x0841, 0x0841, 0x0841, 0x0841, 0x0841, 0x0841,
    0x0841, 0x0841, 0x0841, 0x0841, 0x0841, 0x0841, 0x0020, 0x0000, 0x0000, 0x0000, 0x0000, 0x0021,
    0x2902, 0xA3C8, 0xFE0C, 0xF56B, 0xF5AB, 0xFDEC, 0x3963, 0x0000, 0x0861, 0x0841, 0x0841, 0x0841,
    0x0021, 0xCC89, 0xFE0C, 0xFE0C, 0xCCCA, 0x4183, 0x4183, 0x9367, 0x1081, 0x0841, 0x0861, 0x0861,
    0x0861, 0x0841, 0x0841, 0x0841, 0x0841, 0x0841, 0x0841, 0x0841, 0x0841, 0x0841, 0x0841, 0x0841,
    0x0841, 0x0841, 0x0841, 0x0841, 0x0841, 0x0841, 0x0841, 0x0841, 0x0841, 0x0841, 0x0841, 0x0841,
    0x0841, 0x0841, 0x0841, 0x0841, 0x0841, 0x0861, 0x0861, 0x0861, 0x0861, 0x0841, 0x8306, 0x5204,
    0x3142, 0xBC69, 0xFE0C, 0xFE0C, 0xD4EA, 0x0841, 0x0841, 0x0841, 0x0861, 0x0000, 0x51E4, 0xFE2C,
    0xFDCC, 0xB408, 0x49C4, 0xBC69, 0xFE6D, 0xB408, 0x0821, 0x0841, 0x0841, 0x0841, 0x0841, 0x0841,
    0x0841, 0x0841, 0x0841, 0x0841, 0x0841, 0x0841, 0x0841, 0x0841, 0x0841, 0x0841, 0x0841, 0x0841,
    0x0841, 0x0841, 0x0841, 0x0841, 0x0841, 0x0841, 0x0841, 0x0841, 0x0841, 0x0841, 0x0841, 0x0841,
    0x0841, 0x0841, 0x0841, 0x0841, 0x0841, 0x0841, 0x0861, 0x0020, 0x9347, 0xFE8D, 0xC4A9, 0x41A3,
    0xA3C8, 0xFDCC, 0xFE2C, 0x6A85, 0x0000, 0x0861, 0x0861, 0x0000, 0xB428, 0xFE2C, 0xFDEC, 0xE52A,
    0xFDEC, 0xB449, 0x3143, 0x0000, 0x0841, 0x0841, 0x0841, 0x0841, 0x0841, 0x0841, 0x0841, 0x0841,
    0x0841, 0x0841, 0x0841, 0x0841, 0x0841, 0x0841, 0x0841, 0x0841, 0x0841, 0x0841, 0x0841, 0x0841,
    0x0841, 0x0841, 0x0841, 0x0841, 0x0841, 0x0841, 0x0841, 0x0841, 0x0841, 0x0841, 0x0841, 0x0841,
    0x0841, 0x0841, 0x0841, 0x0841, 0x0841, 0x0841, 0x0000, 0x3123, 0xB449, 0xFDEC, 0xE54B, 0xFE0C,
    0xFE0C, 0xCCA9, 0x0021, 0x0841, 0x0020, 0x20E2, 0xF5AB, 0xFE0C, 0xABE8, 0x7AC6, 0x3143, 0x0000,
    0x0000, 0x0841, 0x0841, 0x0841, 0x0841, 0x0841, 0x0841, 0x0841, 0x0841, 0x0841, 0x0841, 0x0841,
    0x0841, 0x0841, 0x0841, 0x0841, 0x0841, 0x0841, 0x0841, 0x0841, 0x0841, 0x0841, 0x0841, 0x0841,
    0x0841, 0x0841, 0x0841, 0x0841, 0x0841, 0x0841, 0x0841, 0x0841, 0x0841, 0x0841, 0x0841, 0x0841,
    0x0841, 0x0841, 0x0841, 0x0841, 0x0861, 0x0000, 0x0000, 0x3122, 0x7AC6, 0x9BA7, 0xFDEC, 0xFDCC,
    0x2922, 0x0020, 0x0000, 0x6A85, 0xFE4D, 0xE52A, 0x0861, 0x0000, 0x0020, 0x0861, 0x0861, 0x0841,
    0x0841, 0x0841, 0x0841, 0x0841, 0x0841, 0x0841, 0x0841, 0x0841, 0x0841, 0x0841, 0x0841, 0x0841,
    0x0841, 0x0841, 0x0841, 0x0841, 0x0841, 0x0841, 0x0841, 0x0841, 0x0841, 0x0841, 0x0841, 0x0841,
    0x0841, 0x0841, 0x0841, 0x0841, 0x0841, 0x0841, 0x0841, 0x0841, 0x0841, 0x0841, 0x0841, 0x0841,
    0x0841, 0x0841, 0x0841, 0x0861, 0x0861, 0x0020, 0x0000, 0x0000, 0xDCEA, 0xFE6D, 0x8306, 0x0000,
    0x0000, 0xBC49, 0xFE8D, 0x9347, 0x0000, 0x1081, 0x0841, 0x0841, 0x0841, 0x0841, 0x0841, 0x0841,
    0x0841, 0x0841, 0x0841, 0x0841, 0x0841, 0x0841, 0x0841, 0x0841, 0x0841, 0x0841, 0x0841, 0x0841,
    0x0841, 0x0841, 0x0841, 0x0841, 0x0841, 0x0841, 0x0841, 0x0841, 0x0841, 0x0841, 0x0841, 0x0841,
    0x0841, 0x0841, 0x0841, 0x0841, 0x0841, 0x0841, 0x0841, 0x0841, 0x0841, 0x0841, 0x0841, 0x0841,
    0x0841, 0x0841, 0x0841, 0x0841, 0x1081, 0x0000, 0x8306, 0xFE6D, 0xD4C9, 0x0841, 0x2902, 0xF5AB,
    0xFE0C, 0x3963, 0x0000, 0x0861, 0x0841, 0x0841, 0x0841, 0x0841, 0x0841, 0x0841, 0x0841, 0x0841,
    0x0841, 0x0841, 0x0841, 0x0841, 0x0841, 0x0841, 0x0841, 0x0841, 0x0841, 0x0841, 0x0841, 0x0841,
    0x0841, 0x0841, 0x0841, 0x0841, 0x0841, 0x0841, 0x0841, 0x0841, 0x0841, 0x0841, 0x0841, 0x0841,
    0x0841, 0x0841, 0x0841, 0x0841, 0x0841, 0x0841, 0x0841, 0x0841, 0x0841, 0x0841, 0x0841, 0x0841,
    0x0841, 0x0841, 0x0861, 0x0000, 0x3122, 0xFDEC, 0xFDEC, 0x3943, 0x5A24, 0xFE4D, 0xDD0A, 0x28E2,
    0x0841, 0x0841, 0x0841, 0x0841, 0x0841, 0x0841, 0x0841, 0x0841, 0x0841, 0x0841, 0x0841, 0x0841,
    0x0841, 0x0841, 0x0841, 0x0841, 0x0841, 0x0841, 0x0841, 0x0841, 0x0841, 0x0841, 0x0841, 0x0841,
    0x0841, 0x0841, 0x0841, 0x0841, 0x0841, 0x0841, 0x0841, 0x0841, 0x0841, 0x0841, 0x0841, 0x0841,
    0x0841, 0x0841, 0x0841, 0x0841, 0x0841, 0x0841, 0x0841, 0x0841, 0x0841, 0x0841, 0x0841, 0x0841,
    0x0841, 0x0841, 0x20E2, 0xD4A9, 0xFE6D, 0x7AC6, 0xABE8, 0xFE2C, 0xDD0A, 0xCCA9, 0x0841, 0x0841,
    0x0841, 0x0841, 0x0841, 0x0841, 0x0841, 0x0841, 0x0841, 0x0841, 0x0841, 0x0841, 0x0841, 0x0841,
    0x0841, 0x0841, 0x0841, 0x0841, 0x0841, 0x0841, 0x0841, 0x0841, 0x0841, 0x0841, 0x0841, 0x0841,
    0x0841, 0x0841, 0x0841, 0x0841, 0x0841, 0x0841, 0x0841, 0x0841, 0x0841, 0x0841, 0x0841, 0x0841,
    0x0841, 0x0841, 0x0841, 0x0841, 0x0841, 0x0841, 0x0841, 0x0841, 0x0841, 0x0841, 0x0841, 0x0041,
    0xCCA9, 0xCCA9, 0xFE2C, 0xC469, 0xED6B, 0xF5AB, 0xDD0A, 0xC469, 0x0000, 0x0861, 0x0841, 0x0841,
    0x0841, 0x0841, 0x0841, 0x0841, 0x0841, 0x0841, 0x0841, 0x0841, 0x0841, 0x0841, 0x0841, 0x0841,
    0x0841, 0x0841, 0x0841, 0x0841, 0x0841, 0x0841, 0x0841, 0x0841, 0x0841, 0x0841, 0x0841, 0x0841,
    0x0841, 0x0841, 0x0841, 0x0841, 0x0841, 0x0841, 0x0841, 0x0841, 0x0841, 0x0841, 0x0841, 0x0841,
    0x0841, 0x0841, 0x0841, 0x0841, 0x0841, 0x0841, 0x0841, 0x0841, 0x0861, 0x0000, 0xB428, 0xD4CA,
    0xED6B, 0xED6B, 0xFE4C, 0xD4EA, 0xE54A, 0x7AC6, 0x0000, 0x0861, 0x0841, 0x0841, 0x0841, 0x0841,
    0x0841, 0x0841, 0x0841, 0x0841, 0x0841, 0x0841, 0x0841, 0x0841, 0x0841, 0x0841, 0x0841, 0x0841,
    0x0841, 0x0841, 0x0841, 0x0841, 0x0841, 0x0841, 0x0841, 0x0841, 0x0841, 0x0841, 0x0841, 0x0841,
    0x0841, 0x0841, 0x0841, 0x0841, 0x0841, 0x0841, 0x0841, 0x0841, 0x0841, 0x0841, 0x0841, 0x0841,
    0x0841, 0x0841, 0x0841, 0x0841, 0x0841, 0x0841, 0x0861, 0x0000, 0x72A5, 0xE52A, 0xCC89, 0xFE6D,
    0xFE6D, 0xBC28, 0xED6B, 0x3963, 0x0000, 0x0841, 0x0841, 0x0841, 0x0841, 0x0841, 0x0841, 0x0841,
    0x0841, 0x0841, 0x0841, 0x0841, 0x0841, 0x0841, 0x0841, 0x0841, 0x0841, 0x0841, 0x0841, 0x0841,
    0x0841, 0x0841, 0x0841, 0x0841, 0x0841, 0x0841, 0x0841, 0x0841, 0x0841, 0x0841, 0x0841, 0x0841,
    0x0841, 0x0841, 0x0841, 0x0841, 0x0841, 0x0841, 0x0841, 0x0841, 0x0841, 0x0841, 0x0841, 0x0841,
    0x0841, 0x0841, 0x0841, 0x0841, 0x0841, 0x0000, 0x3123, 0xED6B, 0xB408, 0xFE6D, 0xFE0C, 0xABE8,
    0xDD0A, 0x0861, 0x0841, 0x0841, 0x0841, 0x0841, 0x0841, 0x0841, 0x0841, 0x0841, 0x0841, 0x0841,
    0x0841, 0x0841, 0x0841, 0x0841, 0x0841, 0x0841, 0x0841, 0x0841, 0x0841, 0x0841, 0x0841, 0x0841,
    0x0841, 0x0841, 0x0841, 0x0841, 0x0841, 0x0841, 0x0841, 0x0841, 0x0841, 0x0841, 0x0841, 0x0841,
    0x0841, 0x0841, 0x0841, 0x0841, 0x0841, 0x0841, 0x0841, 0x0841, 0x0841, 0x0841, 0x0841, 0x0841,
    0x0841, 0x0841, 0x0841, 0x0841, 0x0841, 0xDD0A, 0xABE8, 0xFDCC, 0xE52A, 0xB408, 0xBC49, 0x0000,
    0x0861, 0x0841, 0x0841, 0x0841, 0x0841, 0x0841, 0x0841, 0x0841, 0x0841, 0x0841, 0x0841, 0x0841,
    0x0841, 0x0841, 0x0841, 0x0841, 0x0841, 0x0841, 0x0841, 0x0841, 0x0841, 0x0841, 0x0841, 0x0841,
    0x0841, 0x0841, 0x0841, 0x0841, 0x0841, 0x0841, 0x0841, 0x0841, 0x0841, 0x0841, 0x0841, 0x0841,
    0x0841, 0x0841, 0x0841, 0x0841, 0x0841, 0x0841, 0x0841, 0x0841, 0x0841, 0x0841, 0x0841, 0x0841,
    0x0841, 0x0861, 0x0000, 0xAC08, 0xBC49, 0xD4CA, 0xB428, 0xD4CA, 0x8306, 0x0000, 0x0861, 0x0841,
    0x0841, 0x0841, 0x0841, 0x0841, 0x0841, 0x0841, 0x0841, 0x0841, 0x0841, 0x0841, 0x0841, 0x0841,
    0x0841, 0x0841, 0x0841, 0x0841, 0x0841, 0x0841, 0x0841, 0x0841, 0x0841, 0x0841, 0x0841, 0x0841,
    0x0841, 0x0841, 0x0841, 0x0841, 0x0841, 0x0841, 0x0841, 0x0841, 0x0841, 0x0841, 0x0841, 0x0841,
    0x0841, 0x0841, 0x0841, 0x0841, 0x0841, 0x0841, 0x0841, 0x0841, 0x0841, 0x0841, 0x0841, 0x0861,
    0x0000, 0x72A5, 0xDD0A, 0xABC8, 0x8B47, 0xED4B, 0x49C4, 0x0000, 0x0861, 0x0841, 0x0841, 0x0841,
    0x0841, 0x0841, 0x0841, 0x0841, 0x0841, 0x0841, 0x0841, 0x0841, 0x0841, 0x0841, 0x0841, 0x0841,
    0x0841, 0x0841, 0x0841, 0x0841, 0x0841, 0x0841, 0x0841, 0x0841, 0x0841, 0x0841, 0x0841, 0x0841,
    0x0841, 0x0841, 0x0841, 0x0841, 0x0841, 0x0841, 0x0841, 0x0841, 0x0841, 0x0841, 0x0841, 0x0841,
    0x0841, 0x0841, 0x0841, 0x0841, 0x0841, 0x0841, 0x0841, 0x0841, 0x0841, 0x0861, 0x0000, 0x3963,
    0xED6B, 0x8306, 0x7AC6, 0xF56B, 0x20C2, 0x0021, 0x0841, 0x0841, 0x0841, 0x0841, 0x0841, 0x0841,
    0x0841, 0x0841, 0x0841, 0x0841, 0x0841, 0x0841, 0x0841, 0x0841, 0x0841, 0x0841, 0x0841, 0x0841,
    0x0841, 0x0841, 0x0841, 0x0841, 0x0841, 0x0841, 0x0841, 0x0841, 0x0841, 0x0841, 0x0841, 0x0841,
    0x0841, 0x0841, 0x0841, 0x0841, 0x0841, 0x0841, 0x0841, 0x0841, 0x0841, 0x0841, 0x0841, 0x0841,
    0x0841, 0x0841, 0x0841, 0x0841, 0x0841, 0x0841, 0x0841, 0x0841, 0x0041, 0x1061, 0xED4B, 0x72C6,
    0x7AC6, 0xDD0A, 0x0020, 0x0841, 0x0841, 0x0841, 0x0841, 0x0841, 0x0841, 0x0841, 0x0841, 0x0841,
    0x0841, 0x0841, 0x0841, 0x0841, 0x0841, 0x0841, 0x0841, 0x0841, 0x0841, 0x0841, 0x0841, 0x0841,
    0x0841, 0x0841, 0x0841, 0x0841, 0x0841, 0x0841, 0x0841, 0x0841, 0x0841, 0x0841, 0x0841, 0x0841,
    0x0841, 0x0841, 0x0841, 0x0841, 0x0841, 0x0841, 0x0841, 0x0841, 0x0841, 0x0841, 0x0841, 0x0841,
    0x0841, 0x0841, 0x0841, 0x0841, 0x0841, 0x0841, 0x0861, 0x0000, 0xD4CA, 0x8306, 0x9B87, 0xB408,
    0x0000, 0x0861, 0x0841, 0x0841, 0x0841, 0x0841, 0x0841, 0x0841, 0x0841, 0x0841, 0x0841, 0x0841,
    0x0841, 0x0841, 0x0841, 0x0841, 0x0841, 0x0841, 0x0841, 0x0841, 0x0841, 0x0841, 0x0841, 0x0841,
    0x0841, 0x0841, 0x0841, 0x0841, 0x0841, 0x0841, 0x0841, 0x0841, 0x0841, 0x0841, 0x0841, 0x0841,
    0x0841, 0x0841, 0x0841, 0x0841, 0x0841, 0x0841, 0x0841, 0x0841, 0x0841, 0x0841, 0x0841, 0x0841,
    0x0841, 0x0841, 0x0841, 0x0841, 0x0861, 0x0000, 0xA3A7, 0xABE8, 0xCC89, 0x7AE6, 0x0000, 0x0861,
    0x0841, 0x0841, 0x0841, 0x0841, 0x0841, 0x0841, 0x0841, 0x0841, 0x0841, 0x0841, 0x0841, 0x0841,
    0x0841, 0x0841, 0x0841, 0x0841, 0x0841, 0x0841, 0x0841, 0x0841, 0x0841, 0x0841, 0x0841, 0x0841,
    0x0841, 0x0841, 0x0841, 0x0841, 0x0841, 0x0841, 0x0841, 0x0841, 0x0841, 0x0841, 0x0841, 0x0841,
    0x0841, 0x0841, 0x0841, 0x0841, 0x0841, 0x0841, 0x0841, 0x0841, 0x0841, 0x0841, 0x0841, 0x0841,
    0x0841, 0x0841, 0x0861, 0x0000, 0x6A65, 0xD4CA, 0xED4B, 0x49C4, 0x0000, 0x0861, 0x0841, 0x0841,
    0x0841, 0x0841, 0x0841, 0x0841, 0x0841, 0x0841, 0x0841, 0x0841, 0x0841, 0x0841, 0x0841, 0x0841,
    0x0841, 0x0841, 0x0841, 0x0841, 0x0841, 0x0841, 0x0841, 0x0841, 0x0841, 0x0841, 0x0841, 0x0841,
    0x0841, 0x0841, 0x0841, 0x0841, 0x0841, 0x0841, 0x0841, 0x0841, 0x0841, 0x0841, 0x0841, 0x0841,
    0x0841, 0x0841, 0x0841, 0x0841, 0x0841, 0x0841, 0x0841, 0x0841, 0x0841, 0x0841, 0x0841, 0x0841,
    0x0861, 0x0000, 0x3963, 0xED6B, 0xF58B, 0x20E2, 0x0020, 0x0861, 0x0841, 0x0841, 0x0841, 0x0841,
    0x0841, 0x0841, 0x0841, 0x0841, 0x0841, 0x0841, 0x0841, 0x0841, 0x0841, 0x0841, 0x0841, 0x0841,
    0x0841, 0x0841, 0x0841, 0x0841, 0x0841, 0x0841, 0x0841, 0x0841, 0x0841, 0x0841, 0x0841, 0x0841,
    0x0841, 0x0841, 0x0841, 0x0841, 0x0841, 0x0841, 0x0841, 0x0841, 0x0841, 0x0841, 0x0841, 0x0841,
    0x0841, 0x0841, 0x0841, 0x0841, 0x0841, 0x0841, 0x0841, 0x0841, 0x0841, 0x0841, 0x0841, 0x0021,
    0x18A2, 0xED6B, 0xE54A, 0x0841, 0x0841, 0x0841, 0x0841, 0x0841, 0x0841, 0x0841, 0x0841, 0x0841,
    0x0841, 0x0841, 0x0841, 0x0841, 0x0841, 0x0841, 0x0841, 0x0841, 0x0841, 0x0841, 0x0841, 0x0841,
    0x0841, 0x0841, 0x0841, 0x0841, 0x0841, 0x0841, 0x0841, 0x0841, 0x0841, 0x0841, 0x0841, 0x0841,
    0x0841, 0x0841, 0x0841, 0x0841, 0x0841, 0x0841, 0x0841, 0x0841, 0x0841, 0x0841, 0x0841, 0x0841,
    0x0841, 0x0841, 0x0841, 0x0841, 0x0841, 0x0841, 0x0841, 0x0841, 0x0841, 0x0841, 0x0020, 0xDD0A,
    0xCCA9, 0x0000, 0x0861, 0x0841, 0x0841, 0x0841, 0x0841, 0x0841, 0x0841, 0x0841, 0x0841, 0x0841,
    0x0841, 0x0841, 0x0841, 0x0841, 0x0841, 0x0841, 0x0841, 0x0841, 0x0841, 0x0841, 0x0841, 0x0841,
    0x0841, 0x0841, 0x0841, 0x0841, 0x0841, 0x0841, 0x0841, 0x0841, 0x0841, 0x0841, 0x0841, 0x0841,
    0x0841, 0x0841, 0x0841, 0x0841, 0x0841, 0x0841, 0x0841, 0x0841, 0x0841, 0x0841, 0x0841, 0x0841,
    0x0841, 0x0841, 0x0841, 0x0841, 0x0841, 0x0841, 0x0841, 0x0861, 0x0000, 0xC469, 0xA3C8, 0x0000,
    0x0861, 0x0841, 0x0841, 0x0841, 0x0841, 0x0841, 0x0841, 0x0841, 0x0841, 0x0841, 0x0841, 0x0841,
    0x0841, 0x0841, 0x0841, 0x0841, 0x0841, 0x0841, 0x0841, 0x0841, 0x0841, 0x0841, 0x0841, 0x0841,
    0x0841, 0x0841, 0x0841, 0x0841, 0x0841, 0x0841, 0x0841, 0x0841, 0x0841, 0x0841, 0x0841, 0x0841,
    0x0841, 0x0841, 0x0841, 0x0841, 0x0841, 0x0841, 0x0841, 0x0841, 0x0841, 0x0841, 0x0841, 0x0841,
    0x0841, 0x0841, 0x0841, 0x0841, 0x0841, 0x0861, 0x0000, 0x9BA7, 0x8306, 0x0000, 0x0861, 0x0841,
    0x0841, 0x0841, 0x0841, 0x0841, 0x0841, 0x0841, 0x0841, 0x0841, 0x0841, 0x0841, 0x0841, 0x0841,
    0x0841, 0x0841, 0x0841, 0x0841, 0x0841, 0x0841, 0x0841, 0x0841, 0x0841, 0x0841, 0x0841, 0x0841,
    0x0841, 0x0841, 0x0841, 0x0841, 0x0841, 0x0841, 0x0841, 0x0841, 0x0841, 0x0841, 0x0841, 0x0841,
    0x0841, 0x0841, 0x0841, 0x0841, 0x0841, 0x0841, 0x0841, 0x0841, 0x0841, 0x0841, 0x0841, 0x0841,
    0x0841, 0x0841, 0x0841, 0x0861, 0x0000, 0x72C6, 0x5A24, 0x0000, 0x0861, 0x0841, 0x0841, 0x0841,
    0x0841, 0x0841, 0x0841, 0x0841, 0x0841, 0x0841, 0x0841, 0x0841, 0x0841, 0x0841, 0x0841, 0x0841,
    0x0841, 0x0841, 0x0841, 0x0841, 0x0841, 0x0841, 0x0841, 0x0841, 0x0841, 0x0841, 0x0841, 0x0841,
    0x0841, 0x0841, 0x0841, 0x0841, 0x0841, 0x0841, 0x0841, 0x0841, 0x0841, 0x0841, 0x0841, 0x0841,
    0x0841, 0x0841, 0x0841, 0x0841, 0x0841, 0x0841, 0x0841, 0x0841, 0x0841, 0x0841, 0x0841, 0x0841,
    0x0841, 0x0861, 0x0000, 0x51E4, 0x4183, 0x0000, 0x0841, 0x0841, 0x0841, 0x0841, 0x0841, 0x0841,
    0x0841, 0x0841, 0x0841, 0x0841, 0x0841, 0x0841, 0x0841, 0x0841, 0x0841, 0x0841, 0x0841, 0x0841,
    0x0841, 0x0841, 0x0841, 0x0841, 0x0841, 0x0841, 0x0841, 0x0841, 0x0841, 0x0841, 0x0841, 0x0841,
    0x0841, 0x0841, 0x0841, 0x0841, 0x0841, 0x0841, 0x0841, 0x0841, 0x0841, 0x0841, 0x0841, 0x0841,
    0x0841, 0x0841, 0x0841, 0x0841, 0x0841, 0x0841, 0x0841, 0x0841, 0x0841, 0x0841, 0x0841, 0x0841,
    0x0020, 0x3123, 0x20C2, 0x0021, 0x0841, 0x0841, 0x0841, 0x0841, 0x0841, 0x0841, 0x0841, 0x0841,
    0x0841, 0x0841, 0x0841, 0x0841, 0x0841, 0x0841, 0x0841, 0x0841, 0x0841, 0x0841, 0x0841, 0x0841,
    0x0841, 0x0841, 0x0841, 0x0841, 0x0841, 0x0841, 0x0841, 0x0841, 0x0841, 0x0841, 0x0841, 0x0841,
    0x0841, 0x0841, 0x0841, 0x0841, 0x0841, 0x0841, 0x0841, 0x0841, 0x0841, 0x0841, 0x0841, 0x0841,
    0x0841, 0x0841, 0x0841, 0x0841, 0x0841, 0x0841, 0x0841, 0x0841, 0x0841, 0x0841, 0x0041, 0x18A1,
    0x1081, 0x0841, 0x0841, 0x0841, 0x0841, 0x0841, 0x0841, 0x0841, 0x0841, 0x0841, 0x0841, 0x0841,
    0x0841, 0x0841, 0x0841, 0x0841, 0x0841, 0x0841, 0x0841, 0x0841, 0x0841, 0x0841, 0x0841, 0x0841,
    0x0841, 0x0841, 0x0841, 0x0841, 0x0841, 0x0841, 0x0841, 0x0841, 0x0841, 0x0841, 0x0841, 0x0841,
    0x0841, 0x0841, 0x0841, 0x0841, 0x0841, 0x0841, 0x0841, 0x0841, 0x0841, 0x0841, 0x0841, 0x0841,
    0x0841, 0x0841, 0x0841, 0x0841, 0x0841, 0x0841, 0x0841, 0x0841, 0x0841, 0x0841, 0x0021, 0x0841,
    0x0841, 0x0841, 0x0841, 0x0841, 0x0841, 0x0841, 0x0841, 0x0841, 0x0841, 0x0841, 0x0841, 0x0841,
    0x0841, 0x0841, 0x0841, 0x0841, 0x0841, 0x0841, 0x0841, 0x0841, 0x0841, 0x0841, 0x0841, 0x0841,
    0x0841, 0x0841, 0x0841, 0x0841, 0x0841, 0x0841, 0x0841, 0x0841, 0x0841, 0x0841, 0x0841, 0x0841,
    0x0841, 0x0841, 0x0841, 0x0841, 0x0841, 0x0841, 0x0841, 0x0841, 0x0841, 0x0841, 0x0841, 0x0841,
    0x0841, 0x0841, 0x0841, 0x0841, 0x0841, 0x0841, 0x0861, 0x0000, 0x0000, 0x0861, 0x0841, 0x0841,
    0x0841, 0x0841, 0x0841, 0x0841, 0x0841, 0x0841, 0x0841, 0x0841, 0x0841, 0x0841, 0x0841, 0x0841,
    0x0841, 0x0841, 0x0841, 0x0841, 0x0841, 0x0841, 0x0841, 0x0841, 0x0841, 0x0841, 0x0841, 0x0841,
    0x0841, 0x0841, 0x0841, 0x0841, 0x0841, 0x0841, 0x0841, 0x0841, 0x0841, 0x0841, 0x0841, 0x0841,
    0x0841, 0x0841, 0x0841, 0x0841, 0x0841, 0x0841, 0x0841, 0x0841, 0x0841, 0x0841, 0x0841, 0x0841,
    0x0841, 0x0841, 0x0841, 0x0841, 0x0861, 0x0000, 0x0000, 0x0861, 0x0841, 0x0841, 0x0841, 0x0841,
    0x0841, 0x0841, 0x0841, 0x0841, 0x0841, 0x0841, 0x0841, 0x0841, 0x0841, 0x0841, 0x0841, 0x0841,
    0x0841, 0x0841, 0x0841, 0x0841, 0x0841, 0x0841, 0x0841, 0x0841, 0x0841, 0x0841, 0x0841, 0x0841,
    0x0841, 0x0841, 0x0841, 0x0841, 0x0841, 0x0841, 0x0841, 0x0841, 0x0841, 0x0841, 0x0841, 0x0841,
    0x0841, 0x0841, 0x0841, 0x0841, 0x0841, 0x0841, 0x0841, 0x0841, 0x0841, 0x0841, 0x0841, 0x0841,
    0x0841, 0x0841, 0x0861, 0x0000, 0x0000, 0x0861, 0x0841, 0x0841, 0x0841, 0x0841, 0x0841, 0x0841,
    0x0841, 0x0841, 0x0841, 0x0841, 0x0841, 0x0841, 0x0841, 0x0841, 0x0841, 0x0841, 0x0841, 0x0841,
    0x0841, 0x0841, 0x0861, 0x0861, 0x0861, 0x0861, 0x0861, 0x0861, 0x0861, 0x0861, 0x0861, 0x0861,
    0x0861, 0x0861, 0x0861, 0x0861, 0x0841, 0x0841, 0x0841, 0x0841, 0x0841, 0x0841, 0x0841, 0x0841,
    0x0841, 0x0841, 0x0841, 0x0841, 0x0841, 0x0841, 0x0841, 0x0841, 0x0841, 0x0841, 0x0841, 0x0841,
    0x0861, 0x0000, 0x0000, 0x0861, 0x0861, 0x0841, 0x0841, 0x0841, 0x0841, 0x0841, 0x0841, 0x0841,
    0x0841, 0x0841, 0x0841, 0x0841, 0x0841, 0x0841, 0x0841, 0x0861, 0x0861, 0x0861, 0x0841, 0x0021,
    0x0000, 0x0000, 0x0000, 0x0000, 0x0000, 0x0000, 0x0000, 0x0000, 0x0000, 0x0000, 0x0000, 0x0000,
    0x0000, 0x0000, 0x0020, 0x0021, 0x0841, 0x0861, 0x0861, 0x0861, 0x0841, 0x0841, 0x0841, 0x0841,
    0x0841, 0x0841, 0x0841, 0x0841, 0x0841, 0x0841, 0x0841, 0x0841, 0x0841, 0x0861, 0x0861, 0x0000,
    0x0000, 0x0861, 0x0000, 0x0841, 0x0841, 0x0841, 0x0841, 0x0841, 0x0841, 0x0841, 0x0841, 0x0841,
    0x0841, 0x0861, 0x0861, 0x0841, 0x0000, 0x0000, 0x0000, 0x0000, 0x0861, 0x20E2, 0x4183, 0x6245,
    0x7AC6, 0x9347, 0x9B87, 0xB428, 0xB428, 0xB428, 0xB449, 0xABE8, 0x9347, 0x8B27, 0x6A85, 0x51E4,
    0x2922, 0x1081, 0x0000, 0x0000, 0x0000, 0x0000, 0x0841, 0x0861, 0x0861, 0x0841, 0x0841, 0x0841,
    0x0841, 0x0841, 0x0841, 0x0841, 0x0841, 0x0841, 0x0841, 0x0000, 0x0861, 0x0000, 0x0000, 0x0861,
    0x3963, 0x0861, 0x0841, 0x0841, 0x0841, 0x0841, 0x0841, 0x0841, 0x0861, 0x0861, 0x0841, 0x0000,
    0x0000, 0x0041, 0x3123, 0x6A85, 0xA3C8, 0xCCCA, 0xED6B, 0xED8B, 0xED6B, 0xDD0A, 0xC489, 0xB428,
    0xA3A7, 0xA3C8, 0x8B47, 0x7AE6, 0x9B87, 0xA3C8, 0xA3C8, 0xC469, 0xD4EA, 0xE54B, 0xF58B, 0xED8B,
    0xDD0A, 0xAC08, 0x72C6, 0x3963, 0x0841, 0x0000, 0x0000, 0x0041, 0x0861, 0x0861, 0x0841, 0x0841,
    0x0841, 0x0841, 0x0841, 0x0841, 0x1081, 0x5A24, 0x1061, 0x0000, 0x0000, 0x2902, 0xFDEC, 0x3983,
    0x0000, 0x0861, 0x0841, 0x0841, 0x0861, 0x0861, 0x0000, 0x0000, 0x0841, 0x49C4, 0xA3E8, 0xE54B,
    0xFDCB, 0xE54B, 0xB449, 0x72A5, 0x5204, 0x2902, 0x1081, 0x0020, 0x0000, 0x0000, 0x0000, 0x0000,
    0x0000, 0x0000, 0x0000, 0x0000, 0x0000, 0x0000, 0x0000, 0x0841, 0x20E2, 0x49C4, 0x7AE6, 0xB428,
    0xDD2A, 0xF5AB, 0xED8B, 0xB428, 0x5204, 0x1061, 0x0000, 0x0000, 0x0841, 0x0861, 0x0841, 0x0841,
    0x0841, 0x0020, 0x2902, 0xFDEC, 0x3123, 0x0000, 0x0000, 0x6245, 0xF58B, 0x1081, 0x0021, 0x0841,
    0x0841, 0x0861, 0x0000, 0x0000, 0x3963, 0x9BA7, 0xED8B, 0xF5CB, 0xC4A9, 0x72A6, 0x2922, 0x0021,
    0x0000, 0x0000, 0x0000, 0x0020, 0x0041, 0x0841, 0x0861, 0x0861, 0x0861, 0x0861, 0x0861, 0x0861,
    0x0861, 0x0861, 0x0861, 0x0861, 0x0841, 0x0841, 0x0021, 0x0000, 0x0000, 0x0000, 0x0020, 0x20E2,
    0x6A85, 0xBC69, 0xF5CB, 0xF5AB, 0xA3C8, 0x41A3, 0x0000, 0x0000, 0x0861, 0x0841, 0x0841, 0x0021,
    0x0841, 0xED4B, 0x6A85, 0x0000, 0x0000, 0x9BA7, 0xC469, 0x0000, 0x1081, 0x0841, 0x0021, 0x0000,
    0x41A3, 0xC4A9, 0xFE0C, 0xD4EA, 0x72C6, 0x18C2, 0x0000, 0x0000, 0x0020, 0x0841, 0x0861, 0x0861,
    0x0861, 0x0841, 0x0841, 0x0841, 0x0841, 0x0841, 0x0841, 0x0841, 0x0841, 0x0841, 0x0841, 0x0841,
    0x0841, 0x0841, 0x0841, 0x0841, 0x0841, 0x0861, 0x0861, 0x0861, 0x0841, 0x0021, 0x0000, 0x0000,
    0x18A1, 0x6265, 0xCCCA, 0xFE0C, 0xD50A, 0x49C4, 0x0000, 0x0021, 0x0841, 0x18A1, 0x0000, 0xB408,
    0xB408, 0x0000, 0x0000, 0xD4CA, 0x72C6, 0x7285, 0xDD0A, 0x0000, 0x1081, 0xAC08, 0xFE4C, 0xBC69,
    0x3963, 0x0000, 0x0000, 0x0021, 0x0861, 0x0861, 0x0841, 0x0841, 0x0841, 0x0841, 0x0841, 0x0841,
    0x0841, 0x0841, 0x0841, 0x0841, 0x0841, 0x0841, 0x0841, 0x0841, 0x0841, 0x0841, 0x0841, 0x0841,
    0x0841, 0x0841, 0x0841, 0x0841, 0x0841, 0x0841, 0x0841, 0x0841, 0x0861, 0x0861, 0x0021, 0x0000,
    0x0000, 0x3123, 0xABE8, 0xFE2C, 0xB449, 0x18A1, 0x0000, 0xE52A, 0x82E6, 0x5A25, 0xE52A, 0x0000,
    0x0841, 0xED6B, 0x5204, 0xE52A, 0xB428, 0x1081, 0xE58B, 0xEDAB, 0x41A3, 0x0000, 0x0000, 0x0841,
    0x0861, 0x0841, 0x0841, 0x0841, 0x0841, 0x0841, 0x0841, 0x0841, 0x0841, 0x0841, 0x0841, 0x0841,
    0x0841, 0x0841, 0x0841, 0x0841, 0x0841, 0x0841, 0x0841, 0x0841, 0x0841, 0x0841, 0x0841, 0x0841,
    0x0841, 0x0841, 0x0841, 0x0841, 0x0841, 0x0841, 0x0841, 0x0841, 0x0841, 0x0861, 0x0861, 0x0000,
    0x0000, 0x3963, 0xE56B, 0xEDCC, 0x2902, 0x9B87, 0xF58B, 0x49C4, 0xF56B, 0x10A1, 0x20E2, 0xF58B,
    0x6A65, 0xFE0C, 0x41A3, 0xD50A, 0xCCEA, 0x1061, 0x0000, 0x0861, 0x0861, 0x0841, 0x0841, 0x0841,
    0x0841, 0x0841, 0x0841, 0x0841, 0x0841, 0x0841, 0x0841, 0x0841, 0x0841, 0x0841, 0x0841, 0x0841,
    0x0841, 0x0841, 0x0841, 0x0841, 0x0841, 0x0841, 0x0841, 0x0841, 0x0841, 0x0841, 0x0841, 0x0841,
    0x0841, 0x0841, 0x0841, 0x0841, 0x0841, 0x0841, 0x0841, 0x0841, 0x0841, 0x0861, 0x0861, 0x0000,
    0x0841, 0xCCCA, 0xED8B, 0x3963, 0xFDEC, 0x6A85, 0xED4B, 0x3943,
};
static const uint16_t panel_bonnet_open[] PROGMEM = {
    0x0841, 0x0841, 0x0841, 0x0841, 0x0841, 0x0841, 0x0841, 0x0841, 0x0841, 0x0841, 0x0861, 0x0841,
    0x0020, 0x0000, 0x0000, 0x20E2, 0x51E4, 0x9367, 0xCCCA, 0xED6B, 0xF58B, 0xED6B, 0xED6B, 0xFDEC,
    0xFE0C, 0xFDCC, 0xF5AB, 0xD4CA, 0x8B47, 0x8B26, 0xCC89, 0xFDCC, 0xFDAB, 0xFE0C, 0xFDCB, 0xE52A,
    0xED8B, 0xF5AB, 0xED6B, 0xD4CA, 0x9BA7, 0x5A45, 0x20E2, 0x0000, 0x0000, 0x0000, 0x0841, 0x0861,
    0x0841, 0x0841, 0x0841, 0x0841, 0x0841, 0x0841, 0x0841, 0x0841, 0x0841, 0x0841, 0x0841, 0x0841,
    0x0841, 0x0841, 0x0841, 0x0841, 0x0841, 0x0861, 0x0861, 0x0021, 0x0000, 0x0020, 0x3122, 0x7AE6,
    0xCCCA, 0xED8B, 0xF5AB, 0xE54B, 0xCCCA, 0xDD2A, 0xE54B, 0xED6B, 0xED6B, 0xCCC9, 0xCCC9, 0xFE2C,
    0xFDEC, 0xFE2C, 0xFE2C, 0xFE4C, 0xFE2C, 0xFE0C, 0xFE2C, 0xCCC9, 0xC489, 0xE56B, 0xF58B, 0xED6B,
    0xDD0A, 0xDD0A, 0xE56B, 0xF5AB, 0xF5AB, 0xCCA9, 0x8B26, 0x3963, 0x0020, 0x0000, 0x0021, 0x0861,
    0x0861, 0x0841, 0x0841, 0x0841, 0x0841, 0x0841, 0x0841, 0x0841, 0x0841, 0x0841, 0x0841, 0x0841,
    0x0841, 0x0841, 0x0861, 0x0000, 0x0000, 0x20C2, 0x72A5, 0xCCCA, 0xFDCB, 0xFDCB, 0xDD2A, 0xD4CA,
    0xD4EA, 0xED6B, 0xE54B, 0xC489, 0x9387, 0x5244, 0x2922, 0x1841, 0x9286, 0xFD2B, 0xFD2B, 0xF4CB,
    0xF54B, 0xF54B, 0xF42A, 0xF369, 0xFBEA, 0xB348, 0x3082, 0x2102, 0x5224, 0x8B67, 0xC489, 0xE54A,
    0xED6B, 0xE52A, 0xDD0A, 0xE52A, 0xF5AB, 0xFDCC, 0xCCCA, 0x7AE6, 0x20E2, 0x0000, 0x0000, 0x0861,
    0x0841, 0x0841, 0x0841, 0x0841, 0x0841, 0x0841, 0x0841, 0x0841, 0x0841, 0x0841, 0x0861, 0x0021,
    0x0000, 0x3143, 0xA3E8, 0xF5AB, 0xF5CB, 0xDD0A, 0xCCA9, 0xD4CA, 0xDD2A, 0xCCEA, 0x9BC7, 0x4A24,
    0x10C1, 0x0000, 0x0801, 0x3062, 0xA145, 0xEA08, 0xFA28, 0xE9E8, 0xEA08, 0xFA08, 0xFA69, 0xFA69,
    0xF9E8, 0xE9C8, 0xE9C8, 0xFA29, 0xF228, 0xA986, 0x3882, 0x1001, 0x0000, 0x10A1, 0x41E4, 0x9387,
    0xCCCA, 0xDD2A, 0xD4EA, 0xCCA9, 0xDD0A, 0xF5AB, 0xF5AB, 0xB428, 0x49C4, 0x0000, 0x0020, 0x0861,
    0x0841, 0x0841, 0x0841, 0x0841, 0x0841, 0x0841, 0x0841, 0x0861, 0x0000, 0x20C2, 0xA3C8, 0xFDEC,
    0xF58B, 0xC489, 0xD4EA, 0xFDCC, 0xFE2C, 0xFE4C, 0xD4EA, 0x5123, 0x3862, 0x68C4, 0xA166, 0xDA07,
    0xF228, 0xFA49, 0xFA49, 0xFA28, 0x6104, 0x1882, 0x2082, 0x48E3, 0x8125, 0x7924, 0x50E3, 0x28A2,
    0x2082, 0x50E3, 0xF228, 0xFA49, 0xFA49, 0xF248, 0xE208, 0xA986, 0x70E4, 0x3862, 0x40E3, 0xCC89,
    0xFE4C, 0xFE2C, 0xFDCC, 0xD4EA, 0xCCA9, 0xDD2A, 0xFDEC, 0xB449, 0x28E2, 0x0000, 0x0861, 0x0841,
    0x0841, 0x0841, 0x0841, 0x0841, 0x0861, 0x0000, 0x41A3, 0xED8B, 0xFDEC, 0xDCEA, 0xF58B, 0xFDEC,
    0xCCEA, 0x8B67, 0x82C6, 0xCB28, 0xFB09, 0xFA49, 0xFA49, 0xEA28, 0xD1E7, 0x9965, 0x9165, 0xEA08,
    0xFA28, 0x9965, 0x0020, 0x0041, 0x0041, 0x0020, 0x0020, 0x0020, 0x0020, 0x0041, 0x0041, 0x0020,
    0x8945, 0xFA28, 0xEA28, 0x9165, 0x9165, 0xC9E7, 0xEA28, 0xFA48, 0xFA49, 0xFAE9, 0xDB49, 0x8AC6,
    0x8B46, 0xCCC9, 0xFDEC, 0xE54A, 0xCC89, 0xF5CB, 0xEDAB, 0x49C4, 0x0000, 0x0861, 0x0841, 0x0841,
    0x0841, 0x0861, 0x0020, 0x2902, 0xF5CC, 0xFDCB, 0xED6B, 0xFE0C, 0xABE8, 0x4183, 0x38A2, 0x9925,
    0xE9C8, 0xE9C8, 0xA966, 0x58E3, 0x2882, 0x1061, 0x0041, 0x0020, 0xA986, 0xFA28, 0xE208, 0x2082,
    0x0041, 0x0841, 0x0841, 0x0841, 0x0841, 0x0841, 0x0841, 0x0841, 0x0841, 0x0841, 0x1861, 0xD9E7,
    0xFA49, 0xB9A6, 0x0020, 0x0041, 0x0841, 0x2082, 0x50E3, 0x9145, 0xE1C7, 0xE9C8, 0x9925, 0x40A2,
    0x3142, 0xA3C8, 0xFE0C, 0xF56B, 0xF5AB, 0xFDEC, 0x3963, 0x0000, 0x0861, 0x0841, 0x0841, 0x0841,
    0x0021, 0xCC89, 0xFE0C, 0xFE0C, 0xCCCA, 0x4183, 0x41A3, 0x9AC7, 0xF208, 0xEA28, 0x7944, 0x2082,
    0x0040, 0x0020, 0x0041, 0x0841, 0x0020, 0x7924, 0xFA49, 0xFA28, 0x6924, 0x0020, 0x0841, 0x0841,
    0x0841, 0x0841, 0x0841, 0x0841, 0x0841, 0x0841, 0x0841, 0x0841, 0x0020, 0x58E3, 0xFA28, 0xFA49,
    0x8965, 0x0020, 0x0841, 0x0041, 0x0020, 0x0020, 0x1881, 0x6924, 0xE228, 0xFA08, 0x9AA7, 0x5204,
    0x3143, 0xBC69, 0xFE0C, 0xFE0C, 0xD4EA, 0x0841, 0x0841, 0x0841, 0x0861, 0x0000, 0x51E4, 0xFE2C,
    0xFDCC, 0xB408, 0x49C4, 0xBC69, 0xFE6C, 0xFBEA, 0xE1C8, 0x2082, 0x0020, 0x0041, 0x0841, 0x0841,
    0x0841, 0x0041, 0x2061, 0xE208, 0xFA28, 0xC9C7, 0x0841, 0x0841, 0x0841, 0x0841, 0x0841, 0x0841,
    0x0841, 0x0841, 0x0841, 0x0841, 0x0841, 0x0841, 0x0841, 0x0041, 0xB9A6, 0xFA28, 0xF228, 0x30A2,
    0x0041, 0x0841, 0x0841, 0x0841, 0x0041, 0x0020, 0x1881, 0xE1C8, 0xF369, 0xFE6C, 0xC4A9, 0x41A3,
    0xA3C8, 0xFDCC, 0xFE2C, 0x6A85, 0x0000, 0x0861, 0x0861, 0x0000, 0xB428, 0xFE2C, 0xFDEC, 0xE52A,
    0xFDEC, 0xBC49, 0x3122, 0xC9A7, 0xB1A6, 0x0020, 0x1061, 0x0841, 0x0841, 0x0841, 0x0841, 0x0020,
    0x9165, 0xFA28, 0xFA28, 0x50E3, 0x0020, 0x0841, 0x0841, 0x0841, 0x0841, 0x0841, 0x0841, 0x0841,
    0x0841, 0x0841, 0x0841, 0x0841, 0x0841, 0x0020, 0x38A2, 0xF228, 0xFA28, 0xB1A6, 0x0020, 0x0841,
    0x0841, 0x0841, 0x0841, 0x1061, 0x0020, 0xA186, 0xD1C7, 0x3122, 0xB449, 0xFDEC, 0xE54B, 0xFE0C,
    0xFE0C, 0xCCA9, 0x0021, 0x0841, 0x0020, 0x20E2, 0xF5AB, 0xFE0C, 0xABE8, 0x7AC6, 0x3143, 0x0000,
    0x2041, 0xFA49, 0x58E3, 0x0020, 0x0841, 0x0841, 0x0841, 0x0841, 0x0020, 0x38A2, 0xEA28, 0xF228,
    0xB1A6, 0x0020, 0x0841, 0x0841, 0x0841, 0x0841, 0x0841, 0x0841, 0x0841, 0x0841, 0x0841, 0x0841,
    0x0841, 0x0841, 0x0841, 0x0841, 0x0020, 0xA186, 0xFA28, 0xFA28, 0x50E3, 0x0020, 0x0841, 0x0841,
    0x0841, 0x0841, 0x0020, 0x48C3, 0xFA49, 0x2862, 0x0000, 0x3123, 0x7AC6, 0x9BA7, 0xFDEC, 0xFDCC,
    0x2922, 0x0020, 0x0000, 0x6A85, 0xFE4D, 0xE52A, 0x0861, 0x0000, 0x0021, 0x0040, 0x7124, 0xF228,
    0x1861, 0x0041, 0x0841, 0x0841, 0x0841, 0x0841, 0x0841, 0xC1C7, 0xE208, 0xEA28, 0x38A2, 0x0020,
    0x0841, 0x0841, 0x0841, 0x0841, 0x0841, 0x0841, 0x0841, 0x0841, 0x0841, 0x0841, 0x0841, 0x0841,
    0x0841, 0x0841, 0x0041, 0x2882, 0xEA08, 0xD9E7, 0xC9E7, 0x0841, 0x0841, 0x0841, 0x0841, 0x0841,
    0x0041, 0x0841, 0xEA08, 0x8145, 0x0040, 0x0021, 0x0000, 0x0000, 0xDCEA, 0xFE6D, 0x8306, 0x0000,
    0x0000, 0xBC49, 0xFE8D, 0x9347, 0x0000, 0x1081, 0x0861, 0x0020, 0xC1C7, 0xB9A6, 0x0020, 0x0841,
    0x0841, 0x0841, 0x0841, 0x0020, 0x6904, 0xF228, 0xE208, 0xA186, 0x0020, 0x0841, 0x0841, 0x0841,
    0x0841, 0x0841, 0x0841, 0x0841, 0x0841, 0x0841, 0x0841, 0x0841, 0x0841, 0x0841, 0x0841, 0x0841,
    0x0841, 0x0020, 0x9165, 0xE208, 0xEA28, 0x7924, 0x0020, 0x0841, 0x0841, 0x0841, 0x0841, 0x0020,
    0xA986, 0xC9E7, 0x0041, 0x0841, 0x1081, 0x0000, 0x8306, 0xFE6D, 0xD4C9, 0x0841, 0x2902, 0xF5AB,
    0xFE0C, 0x3963, 0x0000, 0x0861, 0x0041, 0x1861, 0xF228, 0x7124, 0x0020, 0x0841, 0x0841, 0x0841,
    0x0841, 0x1061, 0xD9E7, 0xC9E7, 0xEA08, 0x2882, 0x0041, 0x0841, 0x0841, 0x0841, 0x0841, 0x0841,
    0x0841, 0x0841, 0x0841, 0x0841, 0x0841, 0x0841, 0x0841, 0x0841, 0x0841, 0x0841, 0x0841, 0x0041,
    0x1861, 0xE208, 0xC9C7, 0xE208, 0x1861, 0x0041, 0x0841, 0x0841, 0x0841, 0x0020, 0x58E3, 0xFA28,
    0x2082, 0x0041, 0x0861, 0x0000, 0x3122, 0xFDEC, 0xFDEC, 0x3943, 0x5A24, 0xFE4D, 0xDD0A, 0x28E2,
    0x0841, 0x0841, 0x0020, 0x50E3, 0xFA49, 0x30A2, 0x0041, 0x0841, 0x0841, 0x0841, 0x0020, 0x8145,
    0xE208, 0xD9E7, 0x9986, 0x0020, 0x0841, 0x0841, 0x0841, 0x0841, 0x0841, 0x0841, 0x0841, 0x0841,
    0x0841, 0x0841, 0x0841, 0x0841, 0x0841, 0x0841, 0x0841, 0x0841, 0x0841, 0x0841, 0x0020, 0x8945,
    0xDA08, 0xD9E7, 0x9965, 0x0020, 0x0841, 0x0841, 0x0841, 0x0041, 0x2082, 0xF228, 0x6104, 0x0020,
    0x0841, 0x0841, 0x20E2, 0xD4A9, 0xFE6D, 0x7AC6, 0xABE8, 0xFE2C, 0xDD0A, 0xCCA9, 0x0841, 0x0841,
    0x0020, 0x9165, 0xDA08, 0x0041, 0x0841, 0x0841, 0x0841, 0x0041, 0x1861, 0xE208, 0xB1A6, 0xE208,
    0x2882, 0x0041, 0x0841, 0x0841, 0x0841, 0x0841, 0x0841, 0x0841, 0x0841, 0x0841, 0x0841, 0x0841,
    0x0841, 0x0841, 0x0841, 0x0841, 0x0841, 0x0841, 0x0841, 0x0841, 0x0041, 0x1861, 0xE208, 0xB1A6,
    0xEA08, 0x2882, 0x0041, 0x0841, 0x0841, 0x0841, 0x0020, 0xC9C7, 0xA986, 0x0020, 0x0841, 0x0041,
    0xCCA9, 0xCCA9, 0xFE2C, 0xC469, 0xED6B, 0xF5AB, 0xDD0A, 0xC469, 0x0000, 0x0861, 0x0041, 0xD1E7,
    0xA186, 0x0020, 0x0841, 0x0841, 0x0841, 0x0020, 0xA186, 0xC9E7, 0xD1E7, 0x9965, 0x0020, 0x0841,
    0x0841, 0x0841, 0x0841, 0x0841, 0x0841, 0x0841, 0x0841, 0x0841, 0x0841, 0x0841, 0x0841, 0x0841,
    0x0841, 0x0841, 0x0841, 0x0841, 0x0841, 0x0841, 0x0841, 0x0020, 0x8945, 0xD1E7, 0xC1C7, 0xB1A6,
    0x0020, 0x0841, 0x0841, 0x0841, 0x0020, 0x8945, 0xE208, 0x0841, 0x0861, 0x0000, 0xB428, 0xD4CA,
    0xED6B, 0xED6B, 0xFE4C, 0xD4EA, 0xE54A, 0x7AC6, 0x0000, 0x0041, 0x2082, 0xFA28, 0x58E3, 0x0020,
    0x0841, 0x0841, 0x0041, 0x30A2, 0xF228, 0xA186, 0xEA08, 0x2882, 0x0041, 0x0841, 0x0841, 0x0841,
    0x0841, 0x0841, 0x0841, 0x0841, 0x0841, 0x0841, 0x0841, 0x0841, 0x0841, 0x0841, 0x0841, 0x0841,
    0x0841, 0x0841, 0x0841, 0x0841, 0x0841, 0x0041, 0x1861, 0xE208, 0xA186, 0xEA28, 0x38A2, 0x0020,
    0x0841, 0x0841, 0x0020, 0x48C3, 0xFA49, 0x30A2, 0x0041, 0x0000, 0x72A5, 0xE52A, 0xCC89, 0xFE6D,
    0xFE6D, 0xBC28, 0xED6B, 0x3963, 0x0000, 0x0040, 0x58E3, 0xFA28, 0x2082, 0x0041, 0x0841, 0x0841,
    0x0020, 0xB1A6, 0xC1C7, 0xC9C7, 0x9986, 0x0020, 0x0841, 0x0841, 0x0841, 0x0841, 0x0841, 0x0841,
    0x0841, 0x0841, 0x0841, 0x0841, 0x0841, 0x0841, 0x0841, 0x0841, 0x0841, 0x0841, 0x0841, 0x0841,
    0x0841, 0x0841, 0x0841, 0x0841, 0x0020, 0x8945, 0xD1E7, 0xB1A6, 0xB9A6, 0x0020, 0x0841, 0x0841,
    0x0041, 0x1861, 0xF228, 0x6924, 0x0020, 0x0021, 0x3123, 0xED6B, 0xB408, 0xFE6D, 0xFE0C, 0xABE8,
    0xDD0A, 0x0861, 0x0841, 0x0020, 0x9965, 0xD1E7, 0x0041, 0x0841, 0x0841, 0x0020, 0x38A2, 0xEA28,
    0x9165, 0xEA28, 0x2882, 0x0041, 0x0841, 0x0841, 0x0841, 0x0841, 0x0841, 0x0841, 0x0841, 0x0841,
    0x0841, 0x0841, 0x0841, 0x0841, 0x0841, 0x0841, 0x0841, 0x0841, 0x0841, 0x0841, 0x0841, 0x0841,
    0x0841, 0x0841, 0x0041, 0x1861, 0xEA08, 0x8945, 0xEA08, 0x48C3, 0x0020, 0x0841, 0x0841, 0x0020,
    0xC9C7, 0xA986, 0x0020, 0x0841, 0x0841, 0xDD0A, 0xABE8, 0xFDCC, 0xE52A, 0xB408, 0xBC49, 0x0000,
    0x0861, 0x0041, 0xD1E7, 0xA186, 0x0020, 0x0841, 0x0841, 0x0020, 0xB1A6, 0xB1A6, 0xC1C7, 0xA186,
    0x0020, 0x0841, 0x0841, 0x0841, 0x0841, 0x0841, 0x0841, 0x0841, 0x0841, 0x0841, 0x0841, 0x0841,
    0x0841, 0x0841, 0x0841, 0x0841, 0x0841, 0x0841, 0x0841, 0x0841, 0x0841, 0x0841, 0x0841, 0x0841,
    0x0841, 0x0020, 0x9165, 0xC9E7, 0xA986, 0xC1C7, 0x0020, 0x0841, 0x0841, 0x0020, 0x8945, 0xDA08,
    0x0841, 0x0861, 0x0000, 0xAC08, 0xBC49, 0xD4CA, 0xB428, 0xD4CA, 0x8306, 0x0000, 0x0841, 0x1861,
    0xF228, 0x6104, 0x0020, 0x1061, 0x0020, 0x40C3, 0xF228, 0x7924, 0xEA28, 0x2882, 0x0041, 0x0841,
    0x0841, 0x0841, 0x0841, 0x0841, 0x0841, 0x0841, 0x0841, 0x0841, 0x0841, 0x0841, 0x0841, 0x0841,
    0x0841, 0x0841, 0x0841, 0x0841, 0x0841, 0x0841, 0x0841, 0x0841, 0x0841, 0x0841, 0x0841, 0x0041,
    0x1882, 0xEA08, 0x8145, 0xEA08, 0x48C3, 0x0020, 0x1041, 0x0020, 0x48C3, 0xFA28, 0x2882, 0x0041,
    0x0000, 0x72A5, 0xDD0A, 0xABC8, 0x8B47, 0xED4B, 0x49C4, 0x0000, 0x0040, 0x48C3, 0xFA28, 0x30A2,
    0x0041, 0x0841, 0x0020, 0xB9C7, 0xA986, 0xB1A6, 0xB1A6, 0x0020, 0x0841, 0x0841, 0x0841, 0x0841,
    0x0841, 0x0841, 0x0841, 0x0841, 0x0841, 0x0841, 0x0841, 0x0841, 0x0841, 0x0841, 0x0841, 0x0841,
    0x0841, 0x0841, 0x0841, 0x0841, 0x0841, 0x0841, 0x0841, 0x0841, 0x0841, 0x0841, 0x0020, 0x9965,
    0xC1C7, 0xA186, 0xC9C7, 0x0020, 0x0841, 0x0041, 0x1861, 0xF228, 0x6104, 0x0040, 0x0001, 0x3963,
    0xED6B, 0x8306, 0x7AC6, 0xF56B, 0x20C2, 0x0821, 0x0020, 0x8145, 0xE208, 0x0841, 0x0841, 0x0020,
    0x40C3, 0xF228, 0x6904, 0xF228, 0x38A2, 0x0020, 0x0841, 0x0841, 0x0841, 0x0841, 0x0841, 0x0841,
    0x0841, 0x0841, 0x0841, 0x0841, 0x0841, 0x0841, 0x0841, 0x0841, 0x0841, 0x0841, 0x0841, 0x0841,
    0x0841, 0x0841, 0x0841, 0x0841, 0x0841, 0x0841, 0x0841, 0x0841, 0x0041, 0x2882, 0xF228, 0x7924,
    0xEA28, 0x48C3, 0x0020, 0x0841, 0x0041, 0xD1E7, 0x9165, 0x0020, 0x0841, 0x1061, 0xED4B, 0x72C6,
    0x7AC6, 0xDD0A, 0x0020, 0x0841, 0x0020, 0xB9C7, 0xB1A6, 0x0020, 0x0841, 0x0020, 0xB9C7, 0xA986,
    0xA186, 0xC1C7, 0x0020, 0x0841, 0x0841, 0x0841, 0x0841, 0x0841, 0x0841, 0x0841, 0x0841, 0x0841,
    0x0841, 0x0841, 0x0841, 0x0841, 0x0841, 0x0841, 0x0841, 0x0841, 0x0841, 0x0841, 0x0841, 0x0841,
    0x0841, 0x0841, 0x0841, 0x0841, 0x0841, 0x0841, 0x0841, 0x0020, 0xA986, 0xA9A6, 0x9165, 0xC9C7,
    0x0020, 0x0861, 0x0020, 0xA186, 0xC1C7, 0x0020, 0x0861, 0x0000, 0xD4CA, 0x8306, 0x9B87, 0xB408,
    0x0000, 0x0861, 0x0841, 0xEA08, 0x7924, 0x0020, 0x0041, 0x38A2, 0xF228, 0x6104, 0xEA28, 0x48C3,
    0x0020, 0x0841, 0x0841, 0x0841, 0x0841, 0x0841, 0x0841, 0x0841, 0x0841, 0x0841, 0x0841, 0x0841,
    0x0841, 0x0841, 0x0841, 0x0841, 0x0841, 0x0841, 0x0841, 0x0841, 0x0841, 0x0841, 0x0841, 0x0841,
    0x0841, 0x0841, 0x0841, 0x0841, 0x0841, 0x0020, 0x38A2, 0xF228, 0x58E3, 0xF228, 0x48C3, 0x0041,
    0x0020, 0x6904, 0xEA28, 0x1061, 0x0861, 0x0000, 0xA3A7, 0xABE8, 0xCC89, 0x7AE6, 0x0000, 0x0041,
    0x30A2, 0xFA28, 0x40C3, 0x0041, 0x0020, 0xB1A6, 0xA986, 0x8945, 0xD1E7, 0x0041, 0x0841, 0x0841,
    0x0841, 0x0841, 0x0841, 0x0841, 0x0841, 0x0841, 0x0841, 0x0841, 0x0841, 0x0841, 0x0841, 0x0841,
    0x0841, 0x0841, 0x0841, 0x0841, 0x0841, 0x0841, 0x0841, 0x0841, 0x0841, 0x0841, 0x0841, 0x0841,
    0x0841, 0x0841, 0x0841, 0x0841, 0x0020, 0xC1C7, 0x9965, 0x9965, 0xC1C7, 0x0020, 0x0041, 0x38A2,
    0xFA28, 0x38A2, 0x0041, 0x0000, 0x6A65, 0xD4CA, 0xED4B, 0x49C4, 0x0000, 0x0040, 0x6104, 0xF228,
    0x1861, 0x0020, 0x30A2, 0xF228, 0x50E3, 0xE208, 0x6104, 0x0020, 0x0841, 0x0841, 0x0841, 0x0841,
    0x0841, 0x0841, 0x0841, 0x0841, 0x0841, 0x0841, 0x0841, 0x0841, 0x0841, 0x0841, 0x0841, 0x0841,
    0x0841, 0x0841, 0x0841, 0x0841, 0x0841, 0x0841, 0x0841, 0x0841, 0x0841, 0x0841, 0x0841, 0x0841,
    0x0841, 0x0841, 0x0020, 0x50E3, 0xEA28, 0x48E3, 0xF228, 0x38A2, 0x0020, 0x1061, 0xEA28, 0x6904,
    0x0020, 0x0000, 0x3963, 0xED6B, 0xF58B, 0x20E2, 0x0021, 0x0020, 0x8945, 0xD9E7, 0x0841, 0x0020,
    0xA186, 0xB9A6, 0x6904, 0xEA08, 0x0841, 0x0841, 0x0841, 0x0841, 0x0841, 0x0841, 0x0841, 0x0841,
    0x0841, 0x0841, 0x0841, 0x0841, 0x0841, 0x0841, 0x0841, 0x0841, 0x0841, 0x0841, 0x0841, 0x0841,
    0x0841, 0x0841, 0x0841, 0x0841, 0x0841, 0x0841, 0x0841, 0x0841, 0x0841, 0x0841, 0x0841, 0x0841,
    0x0841, 0x0841, 0xDA08, 0x7924, 0xA986, 0xB1A6, 0x0020, 0x0041, 0xC9E7, 0xA186, 0x0020, 0x0841,
    0x18A2, 0xED6B, 0xE54A, 0x0841, 0x0841, 0x0020, 0xB9A6, 0xB1A6, 0x0020, 0x2082, 0xF228, 0x50E3,
    0xC9C7, 0x8145, 0x0020, 0x0841, 0x0841, 0x0841, 0x0841, 0x0841, 0x0841, 0x0841, 0x0841, 0x0841,
    0x0841, 0x0841, 0x0841, 0x0841, 0x0841, 0x0841, 0x0841, 0x0841, 0x0841, 0x0841, 0x0841, 0x0841,
    0x0841, 0x0841, 0x0841, 0x0841, 0x0841, 0x0841, 0x0841, 0x0841, 0x0841, 0x0841, 0x0841, 0x0020,
    0x6904, 0xDA08, 0x48C3, 0xF228, 0x2882, 0x0020, 0xA186, 0xD1E7, 0x0041, 0x0841, 0x0020, 0xDD0A,
    0xCCA9, 0x0000, 0x0841, 0x0841, 0xE208, 0x7945, 0x0000, 0x9165, 0xC9C7, 0x48C3, 0xFA28, 0x2082,
    0x0041, 0x0841, 0x0841, 0x0841, 0x0841, 0x0841, 0x0841, 0x0841, 0x0841, 0x0841, 0x0841, 0x0841,
    0x0841, 0x0841, 0x0841, 0x0841, 0x0841, 0x0841, 0x0841, 0x0841, 0x0841, 0x0841, 0x0841, 0x0841,
    0x0841, 0x0841, 0x0841, 0x0841, 0x0841, 0x0841, 0x0841, 0x0841, 0x0841, 0x0041, 0x1041, 0xEA08,
    0x58E3, 0xB9A6, 0xA186, 0x0000, 0x7124, 0xEA08, 0x1061, 0x0861, 0x0000, 0xC469, 0xA3C8, 0x0000,
    0x0041, 0x2082, 0xF228, 0x48C3, 0x0841, 0xF228, 0x5904, 0xB1A6, 0xA986, 0x0020, 0x0841, 0x0841,
    0x0841, 0x0841, 0x0841, 0x0841, 0x0841, 0x0841, 0x0841, 0x0841, 0x0841, 0x0841, 0x0841, 0x0841,
    0x0841, 0x0841, 0x0841, 0x0841, 0x0841, 0x0841, 0x0841, 0x0841, 0x0841, 0x0841, 0x0841, 0x0841,
    0x0841, 0x0841, 0x0841, 0x0841, 0x0841, 0x0841, 0x0841, 0x0841, 0x0020, 0x9165, 0xC1C7, 0x50E3,
    0xFA28, 0x1061, 0x30A2, 0xFA28, 0x30A2, 0x0041, 0x0000, 0x9BA7, 0x8306, 0x0000, 0x0041, 0x40C3,
    0xFA28, 0x1061, 0x6904, 0xE208, 0x38A2, 0xF228, 0x38A2, 0x0020, 0x0841, 0x0841, 0x0841, 0x0841,
    0x0841, 0x0841, 0x0841, 0x0841, 0x0841, 0x0841, 0x0841, 0x0841, 0x0841, 0x0841, 0x0841, 0x0841,
    0x0841, 0x0841, 0x0841, 0x0841, 0x0841, 0x0841, 0x0841, 0x0841, 0x0841, 0x0841, 0x0841, 0x0841,
    0x0841, 0x0841, 0x0841, 0x0841, 0x0841, 0x0841, 0x0041, 0x2082, 0xF228, 0x40C3, 0xD1E7, 0x8145,
    0x0841, 0xF228, 0x58E3, 0x0041, 0x0000, 0x72C6, 0x5A24, 0x0000, 0x0020, 0x7124, 0xEA08, 0x0841,
    0xD9E7, 0x7924, 0x8145, 0xD1E7, 0x0041, 0x0841, 0x0841, 0x0841, 0x0841, 0x0841, 0x0841, 0x0841,
    0x0841, 0x0841, 0x0841, 0x0841, 0x0841, 0x0841, 0x0841, 0x0841, 0x0841, 0x0841, 0x0841, 0x0841,
    0x0841, 0x0841, 0x0841, 0x0841, 0x0841, 0x0841, 0x0841, 0x0841, 0x0841, 0x0841, 0x0841, 0x0841,
    0x0841, 0x0841, 0x0841, 0x0841, 0x0841, 0x0020, 0xB9A6, 0x9986, 0x6104, 0xE208, 0x0041, 0xD1E7,
    0x8945, 0x0020, 0x0000, 0x51E4, 0x4183, 0x0000, 0x0020, 0xA186, 0xB9A6, 0x40C3, 0xF228, 0x2882,
    0xE208, 0x6904, 0x0020, 0x0841, 0x0841, 0x0841, 0x0841, 0x0841, 0x0841, 0x0841, 0x0841, 0x0841,
    0x0841, 0x0841, 0x0841, 0x0841, 0x0841, 0x0841, 0x0841, 0x0841, 0x0841, 0x0841, 0x0841, 0x0841,
    0x0841, 0x0841, 0x0841, 0x0841, 0x0841, 0x0841, 0x0841, 0x0841, 0x0841, 0x0841, 0x0841, 0x0841,
    0x0841, 0x0841, 0x0841, 0x0020, 0x50E3, 0xF228, 0x2082, 0xE208, 0x48C3, 0xA986, 0xB9A6, 0x0020,
    0x0021, 0x3123, 0x20C2, 0x0021, 0x0040, 0xC9C7, 0x9965, 0xA9A6, 0x9965, 0x50E3, 0xEA08, 0x1041,
    0x0041, 0x0841, 0x0841, 0x0841, 0x0841, 0x0841, 0x0841, 0x0841, 0x0841, 0x0841, 0x0841, 0x0841,
    0x0841, 0x0841, 0x0841, 0x0841, 0x0841, 0x0841, 0x0841, 0x0841, 0x0841, 0x0841, 0x0841, 0x0841,
    0x0841, 0x0841, 0x0841, 0x0841, 0x0841, 0x0841, 0x0841, 0x0841, 0x0841, 0x0841, 0x0841, 0x0841,
    0x0841, 0x0841, 0x0841, 0xE208, 0x58E3, 0x8945, 0xB9A6, 0x8945, 0xD1E7, 0x0041, 0x0041, 0x18A1,
    0x1081, 0x0041, 0x0841, 0xD1E7, 0xA986, 0xEA08, 0x30A2, 0xB9A6, 0x9965, 0x0020, 0x0841, 0x0841,
    0x0841, 0x0841, 0x0841, 0x0841, 0x0841, 0x0841, 0x0841, 0x0841, 0x0841, 0x0841, 0x0841, 0x0841,
    0x0841, 0x0841, 0x0041, 0x0041, 0x0041, 0x0041, 0x0041, 0x0041, 0x0841, 0x0841, 0x0841, 0x0841,
    0x0841, 0x0841, 0x0841, 0x0841, 0x0841, 0x0841, 0x0841, 0x0841, 0x0841, 0x0841, 0x0841, 0x0841,
    0x0020, 0x8945, 0xC9C7, 0x2882, 0xEA08, 0xA186, 0xE208, 0x1861, 0x0041, 0x0841, 0x0021, 0x0041,
    0x2081, 0xE208, 0xF228, 0xB9A6, 0x2882, 0xF228, 0x30A2, 0x0041, 0x0841, 0x0841, 0x0841, 0x0841,
    0x0841, 0x0841, 0x0841, 0x0841, 0x0041, 0x0020, 0x0020, 0x0020, 0x0020, 0x0041, 0x0041, 0x0841,
    0x1061, 0x1061, 0x1061, 0x1061, 0x1061, 0x1061, 0x0841, 0x0041, 0x0041, 0x0020, 0x0020, 0x0020,
    0x0020, 0x0041, 0x0841, 0x0841, 0x0841, 0x0841, 0x0841, 0x0841, 0x0841, 0x0841, 0x0041, 0x2082,
    0xF228, 0x30A2, 0xA986, 0xEA08, 0xEA08, 0x2882, 0x0041, 0x0000, 0x0000, 0x0041, 0x38A2, 0xF228,
    0xFA49, 0x50E3, 0x8145, 0xC9C7, 0x0020, 0x0841, 0x0841, 0x0841, 0x0841, 0x0841, 0x0041, 0x0020,
    0x0020, 0x0841, 0x2882, 0x48C3, 0x7924, 0x9165, 0xB1A6, 0xC9E7, 0xD1E7, 0xD9E7, 0xEA08, 0xE208,
    0xE208, 0xE208, 0xE208, 0xEA08, 0xE208, 0xD1E7, 0xD1E7, 0xB9A6, 0x9965, 0x7924, 0x50E3, 0x2882,
    0x0841, 0x0020, 0x0020, 0x0041, 0x0841, 0x0841, 0x0841, 0x0841, 0x0841, 0x0020, 0xB9A6, 0x9986,
    0x40C3, 0xFA49, 0xFA28, 0x48C3, 0x0040, 0x0000, 0x0000, 0x0040, 0x58E3, 0xFA49, 0xD1E7, 0x1861,
    0xEA08, 0x6904, 0x0020, 0x1041, 0x0841, 0x0041, 0x0020, 0x0041, 0x30A2, 0x7124, 0xB1A6, 0xE208,
    0xF228, 0xF228, 0xE208, 0xC1C7, 0xA986, 0x9165, 0x7124, 0x6104, 0x6104, 0x40C3, 0x40C3, 0x40C3,
    0x40C3, 0x58E3, 0x6104, 0x6904, 0x8945, 0xA986, 0xB9C7, 0xE208, 0xF228, 0xFA28, 0xE208, 0xB9A6,
    0x7924, 0x30A2, 0x0041, 0x0020, 0x0041, 0x0841, 0x0841, 0x0020, 0x50E3, 0xF228, 0x2061, 0xC1C7,
    0xFA49, 0x6104, 0x0040, 0x0000, 0x0000, 0x0040, 0x7124, 0xFA69, 0x7124, 0x48C3, 0xF228, 0x1861,
    0x0841, 0x0041, 0x0020, 0x2082, 0x7924, 0xD1E7, 0xFA49, 0xF228, 0xC1C7, 0x8145, 0x48C3, 0x2082,
    0x0841, 0x0040, 0x0020, 0x0040, 0x0040, 0x0040, 0x0040, 0x0041, 0x0041, 0x0041, 0x0041, 0x0040,
    0x0040, 0x0040, 0x0040, 0x0040, 0x0040, 0x0841, 0x1861, 0x48C3, 0x7924, 0xB9A6, 0xEA08, 0xFA49,
    0xD1E7, 0x8145, 0x2082, 0x0020, 0x0041, 0x0841, 0x1061, 0xEA28, 0x6104, 0x6104, 0xFA69, 0x8945,
    0x0041, 0x0000, 0x0000, 0x0041, 0x9986, 0xFA49, 0x2882, 0xA986, 0xA986, 0x0020, 0x0020, 0x2882,
    0x9965, 0xFA28, 0xFA49, 0xB1A6, 0x50E3, 0x1861, 0x0040, 0x0040, 0x0041, 0x0041, 0x0041, 0x0021,
    0x0000, 0x0000, 0x0000, 0x0000, 0x0000, 0x0000, 0x0000, 0x0000, 0x0000, 0x0000, 0x0000, 0x0000,
    0x0000, 0x0000, 0x0020, 0x0021, 0x0041, 0x0041, 0x0040, 0x0040, 0x1061, 0x48C3, 0xA186, 0xF228,
    0xFA28, 0xA186, 0x2882, 0x0020, 0x0020, 0x9965, 0xC1C7, 0x1861, 0xFA49, 0xA186, 0x0041, 0x0000,
    0x0000, 0x0040, 0xA186, 0xD1E7, 0x1861, 0xF228, 0x38A2, 0x0020, 0x8145, 0xFA49, 0xF228, 0x8145,
    0x2082, 0x0040, 0x0040, 0x0041, 0x0020, 0x0000, 0x0000, 0x0000, 0x0861, 0x20E2, 0x4183, 0x6245,
    0x7AC6, 0x9347, 0x9B87, 0xB428, 0xB428, 0xB428, 0xB449, 0xABE8, 0x9347, 0x8B27, 0x6A85, 0x51E4,
    0x2922, 0x1081, 0x0000, 0x0000, 0x0000, 0x0000, 0x0041, 0x0041, 0x0040, 0x1861, 0x7124, 0xEA28,
    0xFA49, 0x9165, 0x0841, 0x2082, 0xFA28, 0x2882, 0xC1C7, 0xA986, 0x0020, 0x0000, 0x0000, 0x0061,
    0xB1E6, 0xD1E7, 0x9165, 0xB9C7, 0x1861, 0xC1C7, 0xFA69, 0xA186, 0x1881, 0x0040, 0x0021, 0x0000,
    0x0000, 0x0841, 0x3123, 0x6A85, 0xA3C8, 0xCCCA, 0xED6B, 0xED8B, 0xED6B, 0xDD0A, 0xC489, 0xB428,
    0xA3A7, 0xA3C8, 0x8B47, 0x7AE6, 0x9B87, 0xA3C8, 0xA3C8, 0xC469, 0xD4EA, 0xE54B, 0xF58B, 0xED8B,
    0xDD0A, 0xAC08, 0x72C6, 0x3963, 0x0841, 0x0000, 0x0000, 0x0021, 0x0040, 0x1861, 0x9165, 0xFA49,
    0xD1E7, 0x1861, 0xB1A6, 0xA186, 0xC9C7, 0xBA27, 0x0061, 0x0000, 0x0000, 0x2922, 0xF46A, 0xF208,
    0xFA28, 0xA186, 0xDA08, 0xF228, 0x50E3, 0x0020, 0x0000, 0x0000, 0x0841, 0x49C4, 0xA3E8, 0xE54B,
    0xFDCB, 0xE54B, 0xB449, 0x72A5, 0x5204, 0x2902, 0x1081, 0x0020, 0x0000, 0x0000, 0x0000, 0x0000,
    0x0000, 0x0000, 0x0000, 0x0000, 0x0000, 0x0000, 0x0000, 0x0841, 0x20E2, 0x49C4, 0x7AE6, 0xB428,
    0xDD2A, 0xF5AB, 0xED8B, 0xB428, 0x5204, 0x1081, 0x0000, 0x0000, 0x0020, 0x40C3, 0xDA08, 0xEA08,
    0x9165, 0xF228, 0xF208, 0xFCAB, 0x3163, 0x0000, 0x0000, 0x6245, 0xED8B, 0xB9C7, 0xF228, 0xFA28,
    0xD1E7, 0x2082, 0x0000, 0x0000, 0x3963, 0x9BA7, 0xED8B, 0xF5CB, 0xC4A9, 0x72A6, 0x2922, 0x0021,
    0x0000, 0x0000, 0x0000, 0x0020, 0x0041, 0x0841, 0x0861, 0x0861, 0x0861, 0x0861, 0x0861, 0x0861,
    0x0861, 0x0861, 0x0861, 0x0861, 0x0841, 0x0841, 0x0021, 0x0000, 0x0000, 0x0000, 0x0020, 0x20E2,
    0x6A85, 0xBC69, 0xF5CB, 0xF5AB, 0xA3C8, 0x41A3, 0x0021, 0x0000, 0x1861, 0xC9C7, 0xFA28, 0xF228,
    0xC9C7, 0xED6B, 0x6A85, 0x0000, 0x0000, 0xA3A7, 0xB469, 0x3042, 0xFA08, 0xE208, 0x1861, 0x0000,
    0x49A4, 0xC4A9, 0xFE0C, 0xD4EA, 0x72C6, 0x18C2, 0x0000, 0x0000, 0x0020, 0x0841, 0x0861, 0x0861,
    0x0861, 0x0841, 0x0841, 0x0841, 0x0841, 0x0841, 0x0841, 0x0841, 0x0841, 0x0841, 0x0841, 0x0841,
    0x0841, 0x0841, 0x0841, 0x0841, 0x0841, 0x0861, 0x0861, 0x0861, 0x0841, 0x0021, 0x0000, 0x0000,
    0x18A1, 0x6265, 0xCCCA, 0xFE0C, 0xD50A, 0x51E4, 0x0000, 0x0841, 0xD1E7, 0xFA29, 0x4862, 0xA3E8,
    0xB428, 0x0000, 0x0000, 0xD4CA, 0x7AC6, 0x6225, 0xFC2B, 0x3082, 0x1061, 0xAC08, 0xFE4C, 0xBC69,
    0x3963, 0x0000, 0x0000, 0x0021, 0x0861, 0x0861, 0x0841, 0x0841, 0x0841, 0x0841, 0x0841, 0x0841,
    0x0841, 0x0841, 0x0841, 0x0841, 0x0841, 0x0841, 0x0841, 0x0841, 0x0841, 0x0841, 0x0841, 0x0841,
    0x0841, 0x0841, 0x0841, 0x0841, 0x0841, 0x0841, 0x0841, 0x0841, 0x0861, 0x0861, 0x0021, 0x0000,
    0x0000, 0x3123, 0xABE8, 0xFE2C, 0xBC49, 0x10A1, 0x2041, 0xFBCA, 0x7285, 0x6245, 0xE52A, 0x0000,
    0x0841, 0xED6B, 0x5204, 0xE54B, 0xAC28, 0x0861, 0xE58B, 0xEDAB, 0x41A3, 0x0000, 0x0000, 0x0841,
    0x0861, 0x0841, 0x0841, 0x0841, 0x0841, 0x0841, 0x0841, 0x0841, 0x0841, 0x0841, 0x0841, 0x0841,
    0x0841, 0x0841, 0x0841, 0x0841, 0x0841, 0x0841, 0x0841, 0x0841, 0x0841, 0x0841, 0x0841, 0x0841,
    0x0841, 0x0841, 0x0841, 0x0841, 0x0841, 0x0841, 0x0841, 0x0841, 0x0841, 0x0861, 0x0861, 0x0000,
    0x0000, 0x3963, 0xE56B, 0xF5CC, 0x20E2, 0x9387, 0xF5AB, 0x49C4, 0xF56B, 0x10A1, 0x20E2, 0xF58B,
    0x6A65, 0xFDEC, 0x49A3, 0xDD0A, 0xCCEA, 0x1061, 0x0000, 0x0861, 0x0861, 0x0841, 0x0841, 0x0841,
    0x0841, 0x0841, 0x0841, 0x0841, 0x0841, 0x0841, 0x0841, 0x0841, 0x0841, 0x0841, 0x0841, 0x0841,
    0x0841, 0x0841, 0x0841, 0x0841, 0x0841, 0x0841, 0x0841, 0x0841, 0x0841, 0x0841, 0x0841, 0x0841,
    0x0841, 0x0841, 0x0841, 0x0841, 0x0841, 0x0841, 0x0841, 0x0841, 0x0841, 0x0861, 0x0861, 0x0000,
    0x0841, 0xCCCA, 0xED8B, 0x3963, 0xFDEC, 0x6A85, 0xED4B, 0x3943,
};
static const uint16_t panel_fl_closed[] PROGMEM = {
    0x0841, 0x0841, 0x0841, 0x0841, 0x0841, 0x0841, 0x0841, 0x0841, 0x0841, 0x0841, 0x0841, 0x0841,
    0x0841, 0x0841, 0x0841, 0x0841, 0x0841, 0x0841, 0x0841, 0x0841, 0x0841, 0x0841, 0x0841, 0x0841,
    0x0841, 0x0841, 0x0841, 0x0841, 0x0841, 0x0841, 0x0021, 0x20C2, 0xF5AB, 0xF5AB, 0x20E2, 0x0841,
    0xED6B, 0x0841, 0x0841, 0x0841, 0x0841, 0x0841, 0x0841, 0x0841, 0x0841, 0x0841, 0x0841, 0x0841,
    0x0841, 0x0841, 0x0841, 0x0841, 0x0841, 0x0841, 0x0841, 0x0841, 0x0841, 0x0841, 0x0841, 0x0841,
    0x0841, 0x0841, 0x0841, 0x0841, 0x0841, 0x0841, 0x0841, 0x0021, 0x20C2, 0xFDCB, 0xFDAB, 0x0000,
    0x20E2, 0xF58B, 0x0841, 0x0841, 0x0841, 0x0841, 0x0841, 0x0841, 0x0841, 0x0841, 0x0841, 0x0841,
    0x0841, 0x0841, 0x0841, 0x0841, 0x0841, 0x0841, 0x0841, 0x0841, 0x0841, 0x0841, 0x0841, 0x0841,
    0x0841, 0x0841, 0x0841, 0x0841, 0x0841, 0x0841, 0x0841, 0x0841, 0x0021, 0x20E2, 0xF58B, 0x8306,
    0x9367, 0xC4CA, 0xCCA9, 0x0841, 0x0841, 0x0841, 0x0841, 0x0841, 0x0841, 0x0841, 0x0841, 0x0841,
    0x0841, 0x0841, 0x0841, 0x0841, 0x0841, 0x0841, 0x0841, 0x0841, 0x0841, 0x0841, 0x0841, 0x0841,
    0x0841, 0x0841, 0x0841, 0x0841, 0x0841, 0x0841, 0x0841, 0x0841, 0x0841, 0x0841, 0x1061, 0x3143,
    0x0000, 0x6A85, 0xFE0C, 0xED6B, 0x0841, 0x0841, 0x0841, 0x0841, 0x0841, 0x0841, 0x0841, 0x0841,
    0x0841, 0x0841, 0x0841, 0x0841, 0x0841, 0x0841, 0x0841, 0x0841, 0x0841, 0x0841, 0x0841, 0x0841,
    0x0841, 0x0841, 0x0841, 0x0841, 0x0841, 0x0841, 0x0841, 0x0841, 0x0841, 0x0841, 0x0841, 0x0841,
    0x0020, 0x1061, 0x0000, 0x8B06, 0xFDEC, 0x0841, 0x0841, 0x0841, 0x0841, 0x0841, 0x0841, 0x0841,
    0x0841, 0x0841, 0x0841, 0x0841, 0x0841, 0x0841, 0x0841, 0x0841, 0x0841, 0x0841, 0x0841, 0x0841,
    0x0841, 0x0841, 0x0841, 0x0841, 0x0841, 0x0841, 0x0841, 0x0841, 0x0841, 0x0841, 0x0841, 0x0841,
    0x0841, 0x0841, 0x0861, 0x0000, 0x6A85, 0xE52A, 0x0841, 0x0841, 0x0841, 0x0841, 0x0841, 0x0841,
    0x0841, 0x0841, 0x0841, 0x0841, 0x0841, 0x0841, 0x0841, 0x0841, 0x0841, 0x0841, 0x0841, 0x0841,
    0x0841, 0x0841, 0x0841, 0x0841, 0x0841, 0x0841, 0x0841, 0x0841, 0x0841, 0x0841, 0x0841, 0x0841,
    0x0841, 0x0841, 0x0841, 0x0861, 0x0000, 0x3963, 0xFDCC, 0x0841, 0x0841, 0x0841, 0x0841, 0x0841,
    0x0841, 0x0841, 0x0841, 0x0841, 0x0841, 0x0841, 0x0841, 0x0841, 0x0841, 0x0841, 0x0841, 0x0841,
    0x0841, 0x0841, 0x0841, 0x0841, 0x0841, 0x0841, 0x0841, 0x0841, 0x0841, 0x0841, 0x0841, 0x0841,
    0x0841, 0x0841, 0x0841, 0x0841, 0x0841, 0x0041, 0x0000, 0xE52A, 0x0841, 0x0841, 0x0841, 0x0841,
    0x0841, 0x0841, 0x0841, 0x0841, 0x0841, 0x0841, 0x0841, 0x0841, 0x0841, 0x0841, 0x0841, 0x0841,
    0x0841, 0x0841, 0x0841, 0x0841, 0x0841, 0x0841, 0x0841, 0x0841, 0x0841, 0x0841, 0x0841, 0x0841,
    0x0841, 0x0841, 0x0841, 0x0841, 0x0841, 0x0841, 0x1081, 0x8306, 0xF5CC, 0x0841, 0x0841, 0x0841,
    0x0841, 0x0841, 0x0841, 0x0841, 0x0841, 0x0841, 0x0841, 0x0841, 0x0841, 0x0841, 0x0841, 0x0841,
    0x0841, 0x0841, 0x0841, 0x0841, 0x0841, 0x0841, 0x0841, 0x0841, 0x0841, 0x0841, 0x0841, 0x0841,
    0x0841, 0x0841, 0x0841, 0x0841, 0x0841, 0x0841, 0x0021, 0x20E2, 0xFDCB, 0xBC69, 0x0841, 0x0841,
    0x0841, 0x0841, 0x0841, 0x0841, 0x0841, 0x0841, 0x0841, 0x0841, 0x0841, 0x0841, 0x0841, 0x0841,
    0x0841, 0x0841, 0x0841, 0x0841, 0x0841, 0x0841, 0x0841, 0x0841, 0x0841, 0x0841, 0x0841, 0x0841,
    0x0841, 0x0841, 0x0841, 0x0841, 0x0841, 0x0841, 0x0841, 0x0020, 0x3123, 0xE52A, 0x1081, 0x0841,
    0x0841, 0x0841, 0x0841, 0x0841, 0x0841, 0x0841, 0x0841, 0x0841, 0x0841, 0x0841, 0x0841, 0x0841,
    0x0841, 0x0841, 0x0841, 0x0841, 0x0841, 0x0841, 0x0841, 0x0841, 0x0841, 0x0841, 0x0841, 0x0841,
    0x0841, 0x0841, 0x0841, 0x0841, 0x0841, 0x0841, 0x0841, 0x0861, 0x0000, 0x2922, 0xF58B, 0x0841,
    0x0841, 0x0841, 0x0841, 0x0841, 0x0841, 0x0841, 0x0841, 0x0841, 0x0841, 0x0841, 0x0841, 0x0841,
    0x0841, 0x0841, 0x0841, 0x0841, 0x0841, 0x0841, 0x0841, 0x0841, 0x0841, 0x0841, 0x0841, 0x0841,
    0x0841, 0x0841, 0x0841, 0x0841, 0x0841, 0x0841, 0x0841, 0x0841, 0x0841, 0x1061, 0x6A85, 0xE54A,
    0x0861, 0x0841, 0x0841, 0x0841, 0x0841, 0x0841, 0x0841, 0x0841, 0x0841, 0x0841, 0x0841, 0x0841,
    0x0841, 0x0841, 0x0841, 0x0841, 0x0841, 0x0841, 0x0841, 0x0841, 0x0841, 0x0841, 0x0841, 0x0841,
    0x0841, 0x0841, 0x0841, 0x0841, 0x0841, 0x0841, 0x0841, 0x0841, 0x0861, 0x0000, 0x6A85, 0xFDEC,
    0xDD0A, 0x0861, 0x0841, 0x0841, 0x0841, 0x0841, 0x0841, 0x0841, 0x0841, 0x0841, 0x0841, 0x0841,
    0x0841, 0x0841, 0x0841, 0x0841, 0x0841, 0x0841, 0x0841, 0x0841, 0x0841, 0x0841, 0x0841, 0x0841,
    0x0841, 0x0841, 0x0841, 0x0841, 0x0841, 0x0841, 0x0841, 0x0841, 0x0841, 0x0861, 0x0000, 0x72A5,
    0xF5AB, 0xDD0A, 0x0861, 0x0841, 0x0841, 0x0841, 0x0841, 0x0841, 0x0841, 0x0841, 0x0841, 0x0841,
    0x0841, 0x0841, 0x0841, 0x0841, 0x0841, 0x0841, 0x0841, 0x0841, 0x0841, 0x0841, 0x0841, 0x0841,
    0x0841, 0x0841, 0x0841, 0x0841, 0x0841, 0x0841, 0x0841, 0x0841, 0x0841, 0x0841, 0x0861, 0x0000,
    0x72A5, 0xFDAB, 0xDD0A, 0x0861, 0x0841, 0x0841, 0x0841, 0x0841, 0x0841, 0x0841, 0x0841, 0x0841,
    0x0841, 0x0841, 0x0841, 0x0841, 0x0841, 0x0841, 0x0841, 0x0841, 0x0841, 0x0841, 0x0841, 0x0841,
    0x0841, 0x0841, 0x0841, 0x0841, 0x0841, 0x0841, 0x0841, 0x0841, 0x0841, 0x0841, 0x0841, 0x0861,
    0x0000, 0x72A5, 0xFDAB, 0xDD0A, 0x0841, 0x0841, 0x0841, 0x0841, 0x0841, 0x0841, 0x0841, 0x0841,
    0x0841, 0x0841, 0x0841, 0x0841, 0x0841, 0x0841, 0x0841, 0x0841, 0x0841, 0x0841, 0x0841, 0x0841,
    0x0841, 0x0841, 0x0841, 0x0841, 0x0841, 0x0841, 0x0841, 0x0841, 0x0841, 0x0841, 0x0841, 0x0841,
    0x0861, 0x0000, 0x72A5, 0xFDAB, 0xDD0A, 0x0841, 0x0841, 0x0841, 0x0841, 0x0841, 0x0841, 0x0841,
    0x0841, 0x0841, 0x0841, 0x0841, 0x0841, 0x0841, 0x0841, 0x0841, 0x0841, 0x0841, 0x0841, 0x0841,
    0x0841, 0x0841, 0x0841, 0x0841, 0x0841, 0x0841, 0x0841, 0x0841, 0x0841, 0x0841, 0x0841, 0x0841,
    0x0841, 0x0861, 0x0000, 0x72A5, 0xFDAB, 0xDD0A, 0x0841, 0x0841, 0x0841, 0x0841, 0x0841, 0x0841,
    0x0841, 0x0841, 0x0841, 0x0841, 0x0841, 0x0841, 0x0841, 0x0841, 0x0841, 0x0841, 0x0841, 0x0841,
    0x0841, 0x0841, 0x0841, 0x0841, 0x0841, 0x0841, 0x0841, 0x0841, 0x0841, 0x0841, 0x0841, 0x0841,
    0x0841, 0x0841, 0x0861, 0x0000, 0x72A5, 0xFDAB, 0xDD0A, 0x0841, 0x0841, 0x0841, 0x0841, 0x0841,
    0x0841, 0x0841, 0x0841, 0x0841, 0x0841, 0x0841, 0x0841, 0x0841, 0x0841, 0x0841, 0x0841, 0x0841,
    0x0841, 0x0841, 0x0841, 0x0841, 0x0841, 0x0841, 0x0841, 0x0841, 0x0841, 0x0841, 0x0841, 0x0841,
    0x0841, 0x0841, 0x0841, 0x0861, 0x0000, 0x72A5, 0xFDAB, 0xDD0A, 0x0841, 0x0841, 0x0841, 0x0841,
    0x0841, 0x0841, 0x0841, 0x0841, 0x0841, 0x0841, 0x0841, 0x0841, 0x0841, 0x0841, 0x0841, 0x0841,
    0x0841, 0x0841, 0x0841, 0x0841, 0x0841, 0x0841, 0x0841, 0x0841, 0x0841, 0x0841, 0x0841, 0x0841,
    0x0841, 0x0841, 0x0841, 0x0841, 0x0861, 0x0000, 0x72A5, 0xFDAB, 0xDD0A, 0x0841, 0x0841, 0x0841,
    0x0841, 0x0841, 0x0841, 0x0841, 0x0841, 0x0841, 0x0841, 0x0841, 0x0841, 0x0841, 0x0841, 0x0841,
    0x0841, 0x0841, 0x0841, 0x0841, 0x0841, 0x0841, 0x0841, 0x0841, 0x0841, 0x0841, 0x0841, 0x0841,
    0x0841, 0x0841, 0x0841, 0x0841, 0x0841, 0x0861, 0x0000, 0x72A5, 0xFDAB, 0xDD0A, 0x0841, 0x0841,
    0x0841, 0x0841, 0x0841, 0x0841, 0x0841, 0x0841, 0x0841, 0x0841, 0x0841, 0x0841, 0x0841, 0x0841,
    0x0841, 0x0841, 0x0841, 0x0841, 0x0841, 0x0841, 0x0841, 0x0841, 0x0841, 0x0841, 0x0841, 0x0841,
    0x0841, 0x0841, 0x0841, 0x0841, 0x0841, 0x0841, 0x0861, 0x0000, 0x72A5, 0xFDAB, 0xDD0A, 0x0841,
    0x0841, 0x0841, 0x0841, 0x0841, 0x0841, 0x0841, 0x0841, 0x0841, 0x0841, 0x0841, 0x0841, 0x0841,
    0x0841, 0x0841, 0x0841, 0x0841, 0x0841, 0x0841, 0x0841, 0x0841, 0x0841, 0x0841, 0x0841, 0x0841,
    0x0841, 0x0841, 0x0841, 0x0841, 0x0841, 0x0841, 0x0841, 0x0861, 0x0000, 0x72A5, 0xFDAB, 0xDD0A,
    0x0841, 0x0841, 0x0841, 0x0841, 0x0841, 0x0841, 0x0841, 0x0841, 0x0841, 0x0841, 0x0841, 0x0841,
    0x0841, 0x0841, 0x0841, 0x0841, 0x0841, 0x0841, 0x0841, 0x0841, 0x0841, 0x0841, 0x0841, 0x0841,
    0x0841, 0x0841, 0x0841, 0x0841, 0x0841, 0x0841, 0x0841, 0x0841, 0x0861, 0x0000, 0x72A5, 0xFDAB,
    0xDD0A, 0x0841, 0x0841, 0x0841, 0x0841, 0x0841, 0x0841, 0x0841, 0x0841, 0x0841, 0x0841, 0x0841,
    0x0841, 0x0841, 0x0841, 0x0841, 0x0841, 0x0841, 0x0841, 0x0841, 0x0841, 0x0841, 0x0841, 0x0841,
    0x0841, 0x0841, 0x0841, 0x0841, 0x0841, 0x0841, 0x0841, 0x0841, 0x0841, 0x0861, 0x0000, 0x72A5,
    0xFDAB, 0xDD0A, 0x0841, 0x0841, 0x0841, 0x0841, 0x0841, 0x0841, 0x0841, 0x0841, 0x0841, 0x0841,
    0x0841, 0x0841, 0x0841, 0x0841, 0x0841, 0x0841, 0x0841, 0x0841, 0x0841, 0x0841, 0x0841, 0x0841,
    0x0841, 0x0841, 0x0841, 0x0841, 0x0841, 0x0841, 0x0841, 0x0841, 0x0841, 0x0841, 0x0861, 0x0000,
    0x72A5, 0xFDAB, 0xDD0A, 0x0841, 0x0841, 0x0841, 0x0841, 0x0841, 0x0841, 0x0841, 0x0841, 0x0841,
    0x0841, 0x0841, 0x0841, 0x0841, 0x0841, 0x0841, 0x0841, 0x0841, 0x0841, 0x0841, 0x0841, 0x0841,
    0x0841, 0x0841, 0x0841, 0x0841, 0x0841, 0x0841, 0x0841, 0x0841, 0x0841, 0x0841, 0x0841, 0x0861,
    0x0000, 0x72A5, 0xFDAB, 0xDD0A, 0x0841, 0x0841, 0x0841, 0x0841, 0x0841, 0x0841, 0x0841, 0x0841,
    0x0841, 0x0841, 0x0841, 0x0841, 0x0841, 0x0841, 0x0841, 0x0841, 0x0841, 0x0841, 0x0841, 0x0841,
    0x0841, 0x0841, 0x0841, 0x0841, 0x0841, 0x0841, 0x0841, 0x0841, 0x0841, 0x0841, 0x0841, 0x0841,
    0x0861, 0x0000, 0x72A5, 0xFDAB, 0xDD0A, 0x0841, 0x0841, 0x0841, 0x0841, 0x0841, 0x0841, 0x0841,
    0x0841, 0x0841, 0x0841, 0x0841, 0x0841, 0x0841, 0x0841, 0x0841, 0x0841, 0x0841, 0x0841, 0x0841,
    0x0841, 0x0841, 0x0841, 0x0841, 0x0841, 0x0841, 0x0841, 0x0841, 0x0841, 0x0841, 0x0841, 0x0841,
    0x0841, 0x0861, 0x0000, 0x72A5, 0xFDAB, 0xDD0A, 0x0841, 0x0841, 0x0841, 0x0841, 0x0841, 0x0841,
    0x0841, 0x0841, 0x0841, 0x0841, 0x0841, 0x0841, 0x0841, 0x0841, 0x0841, 0x0841, 0x0841, 0x0841,
    0x0841, 0x0841, 0x0841, 0x0841, 0x0841, 0x0841, 0x0841, 0x0841, 0x0841, 0x0841, 0x0841, 0x0841,
    0x0841, 0x0841, 0x0861, 0x0000, 0x72A5, 0xFDAB, 0xDD0A, 0x0841, 0x0841, 0x0841, 0x0841, 0x0841,
    0x0841, 0x0841, 0x0841, 0x0841, 0x0841, 0x0841, 0x0841, 0x0841, 0x0841, 0x0841, 0x0841, 0x0841,
    0x0841, 0x0841, 0x0841, 0x0841, 0x0841, 0x0841, 0x0841, 0x0841, 0x0841, 0x0841, 0x0841, 0x0841,
    0x0841, 0x0841, 0x0841, 0x0861, 0x0000, 0x72A5, 0xFDAB, 0xDD0A, 0x0841, 0x0841, 0x0841, 0x0841,
    0x0841, 0x0841, 0x0841, 0x0841, 0x0841, 0x0841, 0x0841, 0x0841, 0x0841, 0x0841, 0x0841, 0x0841,
    0x0841, 0x0841, 0x0841, 0x0841, 0x0841, 0x0841, 0x0841, 0x0841, 0x0841, 0x0841, 0x0841, 0x0841,
    0x0841, 0x0841, 0x0841, 0x0841, 0x0861, 0x0000, 0x72A5, 0xFDAB, 0xDD0A, 0x0841, 0x0841, 0x0841,
    0x0841, 0x0841, 0x0841, 0x0841, 0x0841, 0x0841, 0x0841, 0x0841, 0x0841, 0x0841, 0x0841, 0x0841,
    0x0841, 0x0841, 0x0841, 0x0841, 0x0841, 0x0841, 0x0841, 0x0841, 0x0841, 0x0841, 0x0841, 0x0841,
    0x0841, 0x0841, 0x0841, 0x0841, 0x0841, 0x0861, 0x0000, 0x72A5, 0xFDAB, 0xDD0A, 0x0841,
};
static const uint16_t panel_fl_open[] PROGMEM = {
    0x0841, 0x0841, 0x0841, 0x0841, 0x0841, 0x0841, 0x0841, 0x0841, 0x0841, 0x0841, 0x0841, 0x0841,
    0x0841, 0x0841, 0x0841, 0x0841, 0x0841, 0x0841, 0x0841, 0x0841, 0x0841, 0x0841, 0x0841, 0x0841,
    0x0841, 0x0841, 0x0841, 0x0841, 0x0841, 0x0841, 0x0021, 0x20C2, 0xF58B, 0xFDAB, 0x20C2, 0x0841,
    0xED6B, 0x0841, 0x0841, 0x0841, 0x0841, 0x0841, 0x0841, 0x0841, 0x0841, 0x0841, 0x0841, 0x0841,
    0x0841, 0x0841, 0x0841, 0x0841, 0x0841, 0x0841, 0x0841, 0x0841, 0x0841, 0x0841, 0x0841, 0x0841,
    0x0841, 0x0841, 0x0841, 0x0841, 0x0841, 0x0841, 0x0841, 0x0021, 0x20C2, 0xFDEC, 0xED6B, 0x0020,
    0x20E2, 0xF58B, 0x0841, 0x0841, 0x0841, 0x0841, 0x0841, 0x0841, 0x0841, 0x0841, 0x0841, 0x0841,
    0x0841, 0x0841, 0x0841, 0x0841, 0x0841, 0x0841, 0x0841, 0x0841, 0x0841, 0x0841, 0x0841, 0x0841,
    0x0841, 0x0841, 0x0841, 0x0841, 0x0841, 0x0841, 0x0841, 0x0861, 0x0020, 0x10C1, 0xF42A, 0xF2A8,
    0xB247, 0xC4A9, 0xCCA9, 0x0841, 0x0841, 0x0841, 0x0841, 0x0841, 0x0841, 0x0841, 0x0841, 0x0841,
    0x0841, 0x0841, 0x0841, 0x0841, 0x0841, 0x0841, 0x0841, 0x0841, 0x0841, 0x0841, 0x0841, 0x0841,
    0x0841, 0x0020, 0x0020, 0x0020, 0x0020, 0x0020, 0x0020, 0x0841, 0x0020, 0x1041, 0x9986, 0xFA08,
    0xE1C8, 0xE268, 0xF5AB, 0xED6B, 0x0841, 0x0841, 0x0841, 0x0841, 0x0841, 0x0841, 0x0841, 0x0841,
    0x0841, 0x0841, 0x0841, 0x0841, 0x0841, 0x0841, 0x0841, 0x0841, 0x0841, 0x0841, 0x0841, 0x0841,
    0x0841, 0x0841, 0x58E3, 0xB1A6, 0xC1C7, 0xC9C7, 0xA186, 0x50E3, 0x0041, 0x2882, 0xD1E7, 0xF228,
    0x50E3, 0xA1A6, 0x9125, 0x7306, 0xFDEC, 0x0841, 0x0841, 0x0841, 0x0841, 0x0841, 0x0841, 0x0841,
    0x0841, 0x0841, 0x0841, 0x0841, 0x0841, 0x0841, 0x0841, 0x0841, 0x0841, 0x0841, 0x0841, 0x0841,
    0x0841, 0x0041, 0x8965, 0xFA49, 0xE208, 0x7924, 0x7924, 0xC9C7, 0xFA49, 0xC9E7, 0xE208, 0xFA28,
    0x8145, 0x3082, 0xDA07, 0x9125, 0x5A65, 0xE52A, 0x0841, 0x0841, 0x0841, 0x0841, 0x0841, 0x0841,
    0x0841, 0x0841, 0x0841, 0x0841, 0x0841, 0x0841, 0x0841, 0x0841, 0x0841, 0x0841, 0x0841, 0x0841,
    0x0841, 0x0841, 0x0041, 0xC1C7, 0xFA49, 0xD9E7, 0xC1C7, 0x7924, 0x1061, 0x3082, 0xC1C7, 0xF228,
    0xD9E7, 0xD1E7, 0xFA28, 0xFA49, 0xB986, 0x3163, 0xFDCC, 0x0841, 0x0841, 0x0841, 0x0841, 0x0841,
    0x0841, 0x0841, 0x0841, 0x0841, 0x0841, 0x0841, 0x0841, 0x0841, 0x0841, 0x0841, 0x0841, 0x0841,
    0x0841, 0x0841, 0x0841, 0x0041, 0x38A2, 0xDA08, 0xFA28, 0xC1C7, 0xE208, 0xDA08, 0x38A2, 0x0020,
    0x1861, 0x2061, 0xA986, 0xF228, 0xE208, 0xD1E7, 0x0000, 0xE52A, 0x0841, 0x0841, 0x0841, 0x0841,
    0x0841, 0x0841, 0x0841, 0x0841, 0x0841, 0x0841, 0x0841, 0x0841, 0x0841, 0x0841, 0x0841, 0x0841,
    0x0841, 0x0841, 0x0841, 0x0841, 0x0841, 0x0041, 0x1861, 0x9965, 0xEA08, 0xD9E7, 0xFA49, 0xF228,
    0xB9A6, 0x38A2, 0xA986, 0xFA49, 0xE208, 0xEA08, 0xB1C6, 0x7B06, 0xF5CC, 0x0841, 0x0841, 0x0841,
    0x0841, 0x0841, 0x0841, 0x0841, 0x0841, 0x0841, 0x0841, 0x0841, 0x0841, 0x0841, 0x0841, 0x0841,
    0x0841, 0x0841, 0x0841, 0x0841, 0x0841, 0x0841, 0x0841, 0x0020, 0x6104, 0xFA49, 0xD1E7, 0x8945,
    0xD9E7, 0xFA49, 0xF228, 0xF228, 0xEA08, 0xF228, 0xFA29, 0xCA47, 0xF5CB, 0xBC69, 0x0841, 0x0841,
    0x0841, 0x0841, 0x0841, 0x0841, 0x0841, 0x0841, 0x0841, 0x0841, 0x0841, 0x0841, 0x0841, 0x0841,
    0x0841, 0x0841, 0x0841, 0x0841, 0x0841, 0x0841, 0x0020, 0x1061, 0xA986, 0xFA69, 0x9965, 0x1861,
    0x8145, 0xEA28, 0xF228, 0xEA28, 0xEA28, 0xFA28, 0xC9E7, 0x8145, 0xFA69, 0xE48A, 0x10A1, 0x0841,
    0x0841, 0x0841, 0x0841, 0x0841, 0x0841, 0x0841, 0x0841, 0x0841, 0x0841, 0x0841, 0x0841, 0x0841,
    0x0841, 0x0841, 0x0841, 0x0841, 0x0841, 0x0841, 0x0020, 0x38A2, 0xDA08, 0xFA49, 0x50E3, 0x1861,
    0xC1C7, 0xFA49, 0xEA28, 0xC9C7, 0xEA08, 0xD9E7, 0xF228, 0x38A2, 0x50E3, 0xFA29, 0xEC8A, 0x0881,
    0x0841, 0x0841, 0x0841, 0x0841, 0x0841, 0x0841, 0x0841, 0x0841, 0x0841, 0x0841, 0x0841, 0x0841,
    0x0841, 0x0841, 0x0841, 0x0841, 0x0841, 0x0041, 0x0020, 0x6904, 0xFA49, 0xC9E7, 0x1861, 0x40A2,
    0xE208, 0xFA49, 0xE208, 0x7124, 0xB1A6, 0xD9E7, 0xC1C7, 0xE208, 0xA9A6, 0xF1E8, 0xEA48, 0xED4B,
    0x0861, 0x0841, 0x0841, 0x0841, 0x0841, 0x0841, 0x0841, 0x0841, 0x0841, 0x0841, 0x0841, 0x0841,
    0x0841, 0x0841, 0x0841, 0x0841, 0x0841, 0x0020, 0x1061, 0xA986, 0xFA69, 0x9165, 0x0841, 0x8145,
    0xFA28, 0xFA49, 0xC1C7, 0x7124, 0xC9C7, 0xFA28, 0xF228, 0xF228, 0xEA28, 0xFA29, 0xF289, 0xE44A,
    0xE54A, 0x0861, 0x0841, 0x0841, 0x0841, 0x0841, 0x0841, 0x0841, 0x0841, 0x0841, 0x0841, 0x0841,
    0x0841, 0x0841, 0x0841, 0x0841, 0x0841, 0x0020, 0x38A2, 0xDA08, 0xFA49, 0x58E3, 0x1041, 0xB9A6,
    0xFA49, 0xFA49, 0x9965, 0x6904, 0xEA08, 0xFA49, 0xEA08, 0xEA28, 0xEA08, 0xFA49, 0xB966, 0x8AE6,
    0xF5CB, 0xDD0A, 0x0861, 0x0841, 0x0841, 0x0841, 0x0841, 0x0841, 0x0841, 0x0841, 0x0841, 0x0841,
    0x0841, 0x0841, 0x0841, 0x0841, 0x0041, 0x0020, 0x6904, 0xFA49, 0xD1E7, 0x2061, 0x3082, 0xD9E7,
    0xFA49, 0xF228, 0x7124, 0x7924, 0xFA49, 0xEA08, 0xD1E7, 0xF228, 0xEA08, 0xFA49, 0xC9E7, 0x1021,
    0x6285, 0xFDAB, 0xDD0A, 0x0861, 0x0841, 0x0841, 0x0841, 0x0841, 0x0841, 0x0841, 0x0841, 0x0841,
    0x0841, 0x0841, 0x0841, 0x0841, 0x0020, 0x1061, 0xA986, 0xFA69, 0x9986, 0x0820, 0x6904, 0xF228,
    0xFA49, 0xD9E7, 0x50E3, 0x9986, 0xFA49, 0xC1C7, 0x50E3, 0xDA08, 0xEA28, 0xFA49, 0xA9A6, 0x1061,
    0x0000, 0x72A5, 0xFDAB, 0xDD0A, 0x0841, 0x0841, 0x0841, 0x0841, 0x0841, 0x0841, 0x0841, 0x0841,
    0x0841, 0x0841, 0x0841, 0x0841, 0x0020, 0x3082, 0xD9E7, 0xFA49, 0x6104, 0x0841, 0x9986, 0xFA49,
    0xFA49, 0xA986, 0x30A2, 0xC1C7, 0xFA49, 0xF228, 0xA986, 0xB1A6, 0xFA49, 0xFA28, 0x9165, 0x0041,
    0x0861, 0x0000, 0x72A5, 0xFDAB, 0xDD0A, 0x0841, 0x0841, 0x0841, 0x0841, 0x0841, 0x0841, 0x0841,
    0x0841, 0x0841, 0x0841, 0x0041, 0x0020, 0x6104, 0xFA49, 0xDA08, 0x2882, 0x2061, 0xD1E7, 0xFA49,
    0xFA49, 0x8145, 0x2882, 0xDA08, 0xEA08, 0xA9A6, 0xEA28, 0xF228, 0xFA28, 0xF228, 0x6904, 0x0020,
    0x0841, 0x1061, 0x0000, 0x72A5, 0xFDAB, 0xDD0A, 0x0841, 0x0841, 0x0841, 0x0841, 0x0841, 0x0841,
    0x0841, 0x0841, 0x0020, 0x0020, 0x1061, 0x9965, 0xFA69, 0xA986, 0x0020, 0x50C3, 0xEA08, 0xFA49,
    0xEA28, 0x58E3, 0x40C3, 0xF228, 0xC1C7, 0x8145, 0xE208, 0xEA28, 0xF228, 0xEA28, 0x48C3, 0x0020,
    0x0841, 0x0841, 0x0861, 0x0000, 0x72A5, 0xFDAB, 0xDD0A, 0x0841, 0x0841, 0x0841, 0x0841, 0x0841,
    0x0841, 0x0041, 0x0020, 0x38A2, 0x8945, 0xD9E7, 0xFA49, 0x6104, 0x0020, 0x9145, 0xFA28, 0xFA49,
    0xC9C7, 0x2882, 0x7124, 0xFA49, 0x9986, 0x8945, 0xF228, 0xF228, 0xFA28, 0xE208, 0x40C3, 0x0020,
    0x0841, 0x0841, 0x0841, 0x0861, 0x0000, 0x72A5, 0xFDAB, 0xDD0A, 0x0841, 0x0841, 0x0841, 0x0841,
    0x0841, 0x0020, 0x2082, 0xA986, 0xF228, 0xFA49, 0xFA28, 0x3082, 0x0841, 0xB9A6, 0xFA49, 0xFA49,
    0xA186, 0x1861, 0x9965, 0xF228, 0x8965, 0xA986, 0xFA28, 0xEA08, 0xFA49, 0xC1C7, 0x2082, 0x0020,
    0x0841, 0x0841, 0x0841, 0x0841, 0x0861, 0x0000, 0x72A5, 0xFDAB, 0xDD0A, 0x0841, 0x0841, 0x0841,
    0x0841, 0x0020, 0x50E3, 0xE208, 0xFA28, 0xFA28, 0xEA28, 0x38A2, 0x38A2, 0xDA08, 0xFA49, 0xFA28,
    0x6904, 0x2882, 0xD1E7, 0xFA69, 0xD1E7, 0xC9C7, 0xFA49, 0xEA08, 0xFA49, 0xA986, 0x0841, 0x0041,
    0x0841, 0x0841, 0x0841, 0x0841, 0x0841, 0x0861, 0x0000, 0x72A5, 0xFDAB, 0xDD0A, 0x0841, 0x0841,
    0x0841, 0x0020, 0x58E3, 0xFA49, 0xEA28, 0xFA49, 0xC9C7, 0x2082, 0x6904, 0xFA28, 0xFA49, 0xE208,
    0x38A2, 0x48C3, 0xFA49, 0xD1E7, 0x3082, 0xA186, 0xFA28, 0xEA28, 0xFA49, 0x8145, 0x0020, 0x0841,
    0x0841, 0x0841, 0x0841, 0x0841, 0x0841, 0x0841, 0x0861, 0x0000, 0x72A5, 0xFDAB, 0xDD0A, 0x0841,
    0x0841, 0x0841, 0x1861, 0xD9E7, 0xF228, 0xFA49, 0xA186, 0x1041, 0x9165, 0xFA49, 0xFA49, 0xB9A6,
    0x2061, 0x8145, 0xFA69, 0xA186, 0x0020, 0x48C3, 0xD1E7, 0xFA28, 0xEA08, 0x58E3, 0x0020, 0x0841,
    0x0841, 0x0841, 0x0841, 0x0841, 0x0841, 0x0841, 0x0841, 0x0861, 0x0000, 0x72A5, 0xFDAB, 0xDD0A,
    0x0841, 0x0841, 0x0841, 0x7124, 0xFA49, 0xF228, 0x6904, 0x2882, 0xC1C7, 0xFA49, 0xFA49, 0x8945,
    0x2882, 0xB9C7, 0xFA49, 0x58E3, 0x0020, 0x8145, 0xFA28, 0xFA49, 0xD1E7, 0x30A2, 0x0020, 0x0841,
    0x0841, 0x0841, 0x0841, 0x0841, 0x0841, 0x0841, 0x0841, 0x0841, 0x0861, 0x0000, 0x72A5, 0xFDAB,
    0xDD0A, 0x0841, 0x0841, 0x0841, 0xEA08, 0xD9E7, 0x2882, 0x48C3, 0xEA28, 0xFA49, 0xEA08, 0x50E3,
    0x48C3, 0xF228, 0xEA28, 0x3082, 0x0820, 0xB1A6, 0xFA49, 0xFA49, 0xB9A6, 0x1861, 0x0020, 0x0841,
    0x0841, 0x0841, 0x0841, 0x0841, 0x0841, 0x0841, 0x0841, 0x0841, 0x0841, 0x0861, 0x0000, 0x72A5,
    0xFDAB, 0xDD0A, 0x0841, 0x0841, 0x0841, 0xF228, 0xD9E7, 0x9965, 0xF228, 0xF228, 0xEA28, 0x40C3,
    0x6104, 0xFA69, 0xDA08, 0x1061, 0x2882, 0xD1E7, 0xFA49, 0xFA28, 0x9165, 0x0841, 0x0041, 0x0841,
    0x0841, 0x0841, 0x0841, 0x0841, 0x0841, 0x0841, 0x0841, 0x0841, 0x0841, 0x0841, 0x0861, 0x0000,
    0x72A5, 0xFDAB, 0xDD0A, 0x0841, 0x0841, 0x0841, 0xE208, 0xEA28, 0xFA69, 0xB1A6, 0xB1A6, 0xFA28,
    0xC1C7, 0xFA49, 0xB9A6, 0x1041, 0x6104, 0xF228, 0xFA49, 0xF228, 0x6904, 0x0020, 0x0841, 0x0841,
    0x0841, 0x0841, 0x0841, 0x0841, 0x0841, 0x0841, 0x0841, 0x0841, 0x0841, 0x0841, 0x0841, 0x0861,
    0x0000, 0x72A5, 0xFDAB, 0xDD0A, 0x0841, 0x0841, 0x0841, 0x8945, 0xE208, 0x9165, 0xF228, 0xEA08,
    0xEA08, 0xFA28, 0xEA08, 0x38A2, 0x7924, 0xFA49, 0xFA28, 0xDA08, 0x40C3, 0x0020, 0x0841, 0x0841,
    0x0841, 0x0841, 0x0841, 0x0841, 0x0841, 0x0841, 0x0841, 0x0841, 0x0841, 0x0841, 0x0841, 0x0841,
    0x0861, 0x0000, 0x72A5, 0xFDAB, 0xDD0A, 0x0841, 0x0841, 0x0841, 0x2082, 0xFA28, 0x6904, 0x9986,
    0xFA49, 0xEA08, 0xF228, 0xFA49, 0xFA28, 0xFA49, 0xFA49, 0xB9A6, 0x2082, 0x0020, 0x0841, 0x0841,
    0x0841, 0x0841, 0x0841, 0x0841, 0x0841, 0x0841, 0x0841, 0x0841, 0x0841, 0x0841, 0x0841, 0x0841,
    0x0841, 0x0861, 0x0000, 0x72A5, 0xFDAB, 0xDD0A, 0x0841, 0x0841, 0x0841, 0x0020, 0x9965, 0xFA49,
    0xEA28, 0xC1C7, 0x30A2, 0x38A2, 0x7124, 0xB1A6, 0xD1E7, 0x8145, 0x0841, 0x0041, 0x0841, 0x0841,
    0x0841, 0x0841, 0x0841, 0x0841, 0x0841, 0x0841, 0x0841, 0x0841, 0x0841, 0x0841, 0x0841, 0x0841,
    0x0841, 0x0841, 0x0861, 0x0000, 0x72A5, 0xFDAB, 0xDD0A, 0x0841, 0x0841, 0x0841, 0x0041, 0x2082,
    0xA986, 0x8145, 0x0841, 0x0020, 0x0041, 0x0020, 0x0041, 0x0841, 0x0020, 0x0841, 0x0841, 0x0841,
    0x0841, 0x0841, 0x0841, 0x0841, 0x0841, 0x0841, 0x0841, 0x0841, 0x0841, 0x0841, 0x0841, 0x0841,
    0x0841, 0x0841, 0x0841, 0x0861, 0x0000, 0x72A5, 0xFDAB, 0xDD0A, 0x0841, 0x0841, 0x0841, 0x0841,
    0x0041, 0x0020, 0x0020, 0x0841, 0x0841, 0x0841, 0x0841, 0x0841, 0x0841, 0x0841, 0x0841, 0x0841,
    0x0841, 0x0841, 0x0841, 0x0841, 0x0841, 0x0841, 0x0841, 0x0841, 0x0841, 0x0841, 0x0841, 0x0841,
    0x0841, 0x0841, 0x0841, 0x0841, 0x0861, 0x0000, 0x72A5, 0xFDAB, 0xDD0A, 0x0841, 0x0841, 0x0841,
    0x0841, 0x0841, 0x0841, 0x0841, 0x0841, 0x0841, 0x0841, 0x0841, 0x0841, 0x0841, 0x0841, 0x0841,
    0x0841, 0x0841, 0x0841, 0x0841, 0x0841, 0x0841, 0x0841, 0x0841, 0x0841, 0x0841, 0x0841, 0x0841,
    0x0841, 0x0841, 0x0841, 0x0841, 0x0841, 0x0861, 0x0000, 0x72A5, 0xFDAB, 0xDD0A, 0x0841,
};
static const uint16_t panel_fr_closed[] PROGMEM = {
    0xF56B, 0x10A1, 0x1061, 0xE54B, 0xFDAB, 0x20C2, 0x0021, 0x0841, 0x0841, 0x0841, 0x0841, 0x0841,
    0x0841, 0x0841, 0x0841, 0x0841, 0x0841, 0x0841, 0x0841, 0x0841, 0x0841, 0x0841, 0x0841, 0x0841,
    0x0841, 0x0841, 0x0841, 0x0841, 0x0841, 0x0841, 0x0841, 0x0841, 0x0841, 0x0841, 0x0841, 0x0841,
    0x0841, 0xED4B, 0x3943, 0x0000, 0xF56B, 0xFDEC, 0x20C2, 0x0021, 0x0841, 0x0841, 0x0841, 0x0841,
    0x0841, 0x0841, 0x0841, 0x0841, 0x0841, 0x0841, 0x0841, 0x0841, 0x0841, 0x0841, 0x0841, 0x0841,
    0x0841, 0x0841, 0x0841, 0x0841, 0x0841, 0x0841, 0x0841, 0x0841, 0x0841, 0x0841, 0x0841, 0x0841,
    0x0841, 0x0841, 0xBC49, 0xCCCA, 0xB428, 0xBC69, 0xD4CA, 0x18C2, 0x0021, 0x0841, 0x0841, 0x0841,
    0x0841, 0x0841, 0x0841, 0x0841, 0x0841, 0x0841, 0x0841, 0x0841, 0x0841, 0x0841, 0x0841, 0x0841,
    0x0841, 0x0841, 0x0841, 0x0841, 0x0841, 0x0841, 0x0841, 0x0841, 0x0841, 0x0841, 0x0841, 0x0841,
    0x0841, 0x0841, 0x0841, 0xE52A, 0xF5EC, 0x72A6, 0x0000, 0x0861, 0x0841, 0x0841, 0x0841, 0x0841,
    0x0841, 0x0841, 0x0841, 0x0841, 0x0841, 0x0841, 0x0841, 0x0841, 0x0841, 0x0841, 0x0841, 0x0841,
    0x0841, 0x0841, 0x0841, 0x0841, 0x0841, 0x0841, 0x0841, 0x0841, 0x0841, 0x0841, 0x0841, 0x0841,
    0x0841, 0x0841, 0x0841, 0x0841, 0xF5CC, 0x9B87, 0x0000, 0x1061, 0x0841, 0x0841, 0x0841, 0x0841,
    0x0841, 0x0841, 0x0841, 0x0841, 0x0841, 0x0841, 0x0841, 0x0841, 0x0841, 0x0841, 0x0841, 0x0841,
    0x0841, 0x0841, 0x0841, 0x0841, 0x0841, 0x0841, 0x0841, 0x0841, 0x0841, 0x0841, 0x0841, 0x0841,
    0x0841, 0x0841, 0x0841, 0x0841, 0x0841, 0xD4EA, 0x8306, 0x0000, 0x0861, 0x0841, 0x0841, 0x0841,
    0x0841, 0x0841, 0x0841, 0x0841, 0x0841, 0x0841, 0x0841, 0x0841, 0x0841, 0x0841, 0x0841, 0x0841,
    0x0841, 0x0841, 0x0841, 0x0841, 0x0841, 0x0841, 0x0841, 0x0841, 0x0841, 0x0841, 0x0841, 0x0841,
    0x0841, 0x0841, 0x0841, 0x0841, 0x0841, 0x0841, 0xFDCB, 0x49C4, 0x0000, 0x0861, 0x0841, 0x0841,
    0x0841, 0x0841, 0x0841, 0x0841, 0x0841, 0x0841, 0x0841, 0x0841, 0x0841, 0x0841, 0x0841, 0x0841,
    0x0841, 0x0841, 0x0841, 0x0841, 0x0841, 0x0841, 0x0841, 0x0841, 0x0841, 0x0841, 0x0841, 0x0841,
    0x0841, 0x0841, 0x0841, 0x0841, 0x0841, 0x0841, 0x0841, 0xED4B, 0x0000, 0x0020, 0x0841, 0x0841,
    0x0841, 0x0841, 0x0841, 0x0841, 0x0841, 0x0841, 0x0841, 0x0841, 0x0841, 0x0841, 0x0841, 0x0841,
    0x0841, 0x0841, 0x0841, 0x0841, 0x0841, 0x0841, 0x0841, 0x0841, 0x0841, 0x0841, 0x0841, 0x0841,
    0x0841, 0x0841, 0x0841, 0x0841, 0x0841, 0x0841, 0x0841, 0x0841, 0xF5CC, 0x8B47, 0x20C2, 0x0021,
    0x0841, 0x0841, 0x0841, 0x0841, 0x0841, 0x0841, 0x0841, 0x0841, 0x0841, 0x0841, 0x0841, 0x0841,
    0x0841, 0x0841, 0x0841, 0x0841, 0x0841, 0x0841, 0x0841, 0x0841, 0x0841, 0x0841, 0x0841, 0x0841,
    0x0841, 0x0841, 0x0841, 0x0841, 0x0841, 0x0841, 0x0841, 0x0841, 0x0841, 0xC489, 0xFDEC, 0x3943,
    0x0000, 0x0861, 0x0841, 0x0841, 0x0841, 0x0841, 0x0841, 0x0841, 0x0841, 0x0841, 0x0841, 0x0841,
    0x0841, 0x0841, 0x0841, 0x0841, 0x0841, 0x0841, 0x0841, 0x0841, 0x0841, 0x0841, 0x0841, 0x0841,
    0x0841, 0x0841, 0x0841, 0x0841, 0x0841, 0x0841, 0x0841, 0x0841, 0x0841, 0x0841, 0x18A1, 0xED6B,
    0x51E4, 0x0000, 0x0861, 0x0841, 0x0841, 0x0841, 0x0841, 0x0841, 0x0841, 0x0841, 0x0841, 0x0841,
    0x0841, 0x0841, 0x0841, 0x0841, 0x0841, 0x0841, 0x0841, 0x0841, 0x0841, 0x0841, 0x0841, 0x0841,
    0x0841, 0x0841, 0x0841, 0x0841, 0x0841, 0x0841, 0x0841, 0x0841, 0x0841, 0x0841, 0x0841, 0x0841,
    0xFDCC, 0x6245, 0x0000, 0x0861, 0x0841, 0x0841, 0x0841, 0x0841, 0x0841, 0x0841, 0x0841, 0x0841,
    0x0841, 0x0841, 0x0841, 0x0841, 0x0841, 0x0841, 0x0841, 0x0841, 0x0841, 0x0841, 0x0841, 0x0841,
    0x0841, 0x0841, 0x0841, 0x0841, 0x0841, 0x0841, 0x0841, 0x0841, 0x0841, 0x0841, 0x0841, 0x0841,
    0x0841, 0xF5AB, 0x49C4, 0x0000, 0x0861, 0x0841, 0x0841, 0x0841, 0x0841, 0x0841, 0x0841, 0x0841,
    0x0841, 0x0841, 0x0841, 0x0841, 0x0841, 0x0841, 0x0841, 0x0841, 0x0841, 0x0841, 0x0841, 0x0841,
    0x0841, 0x0841, 0x0841, 0x0841, 0x0841, 0x0841, 0x0841, 0x0841, 0x0841, 0x0841, 0x0841, 0x0841,
    0x0841, 0x0841, 0xED6B, 0xEDCC, 0x7AE6, 0x0000, 0x0861, 0x0841, 0x0841, 0x0841, 0x0841, 0x0841,
    0x0841, 0x0841, 0x0841, 0x0841, 0x0841, 0x0841, 0x0841, 0x0841, 0x0841, 0x0841, 0x0841, 0x0841,
    0x0841, 0x0841, 0x0841, 0x0841, 0x0841, 0x0841, 0x0841, 0x0841, 0x0841, 0x0841, 0x0841, 0x0841,
    0x0841, 0x0841, 0x0841, 0xED6B, 0xFE6D, 0x9367, 0x0000, 0x0861, 0x0841, 0x0841, 0x0841, 0x0841,
    0x0841, 0x0841, 0x0841, 0x0841, 0x0841, 0x0841, 0x0841, 0x0841, 0x0841, 0x0841, 0x0841, 0x0841,
    0x0841, 0x0841, 0x0841, 0x0841, 0x0841, 0x0841, 0x0841, 0x0841, 0x0841, 0x0841, 0x0841, 0x0841,
    0x0841, 0x0841, 0x0841, 0x0841, 0xED6B, 0xFE4D, 0x8B47, 0x0000, 0x0861, 0x0841, 0x0841, 0x0841,
    0x0841, 0x0841, 0x0841, 0x0841, 0x0841, 0x0841, 0x0841, 0x0841, 0x0841, 0x0841, 0x0841, 0x0841,
    0x0841, 0x0841, 0x0841, 0x0841, 0x0841, 0x0841, 0x0841, 0x0841, 0x0841, 0x0841, 0x0841, 0x0841,
    0x0841, 0x0841, 0x0841, 0x0841, 0x0041, 0xED6B, 0xFE4D, 0x9347, 0x0000, 0x0861, 0x0841, 0x0841,
    0x0841, 0x0841, 0x0841, 0x0841, 0x0841, 0x0841, 0x0841, 0x0841, 0x0841, 0x0841, 0x0841, 0x0841,
    0x0841, 0x0841, 0x0841, 0x0841, 0x0841, 0x0841, 0x0841, 0x0841, 0x0841, 0x0841, 0x0841, 0x0841,
    0x0841, 0x0841, 0x0841, 0x0841, 0x0841, 0x0041, 0xED6B, 0xFE4D, 0x9347, 0x0000, 0x0861, 0x0841,
    0x0841, 0x0841, 0x0841, 0x0841, 0x0841, 0x0841, 0x0841, 0x0841, 0x0841, 0x0841, 0x0841, 0x0841,
    0x0841, 0x0841, 0x0841, 0x0841, 0x0841, 0x0841, 0x0841, 0x0841, 0x0841, 0x0841, 0x0841, 0x0841,
    0x0841, 0x0841, 0x0841, 0x0841, 0x0841, 0x0841, 0x0041, 0xED6B, 0xFE4D, 0x9347, 0x0000, 0x0861,
    0x0841, 0x0841, 0x0841, 0x0841, 0x0841, 0x0841, 0x0841, 0x0841, 0x0841, 0x0841, 0x0841, 0x0841,
    0x0841, 0x0841, 0x0841, 0x0841, 0x0841, 0x0841, 0x0841, 0x0841, 0x0841, 0x0841, 0x0841, 0x0841,
    0x0841, 0x0841, 0x0841, 0x0841, 0x0841, 0x0841, 0x0841, 0x0041, 0xED6B, 0xFE4D, 0x9347, 0x0000,
    0x0861, 0x0841, 0x0841, 0x0841, 0x0841, 0x0841, 0x0841, 0x0841, 0x0841, 0x0841, 0x0841, 0x0841,
    0x0841, 0x0841, 0x0841, 0x0841, 0x0841, 0x0841, 0x0841, 0x0841, 0x0841, 0x0841, 0x0841, 0x0841,
    0x0841, 0x0841, 0x0841, 0x0841, 0x0841, 0x0841, 0x0841, 0x0841, 0x0041, 0xED6B, 0xFE4D, 0x9347,
    0x0000, 0x0861, 0x0841, 0x0841, 0x0841, 0x0841, 0x0841, 0x0841, 0x0841, 0x0841, 0x0841, 0x0841,
    0x0841, 0x0841, 0x0841, 0x0841, 0x0841, 0x0841, 0x0841, 0x0841, 0x0841, 0x0841, 0x0841, 0x0841,
    0x0841, 0x0841, 0x0841, 0x0841, 0x0841, 0x0841, 0x0841, 0x0841, 0x0841, 0x0041, 0xED6B, 0xFE4D,
    0x8306, 0x0000, 0x0861, 0x0841, 0x0841, 0x0841, 0x0841, 0x0841, 0x0841, 0x0841, 0x0841, 0x0841,
    0x0841, 0x0841, 0x0841, 0x0841, 0x0841, 0x0841, 0x0841, 0x0841, 0x0841, 0x0841, 0x0841, 0x0841,
    0x0841, 0x0841, 0x0841, 0x0841, 0x0841, 0x0841, 0x0841, 0x0841, 0x0841, 0x0841, 0x0041, 0xED6B,
    0xFE4D, 0x6A65, 0x0000, 0x0861, 0x0841, 0x0841, 0x0841, 0x0841, 0x0841, 0x0841, 0x0841, 0x0841,
    0x0841, 0x0841, 0x0841, 0x0841, 0x0841, 0x0841, 0x0841, 0x0841, 0x0841, 0x0841, 0x0841, 0x0841,
    0x0841, 0x0841, 0x0841, 0x0841, 0x0841, 0x0841, 0x0841, 0x0841, 0x0841, 0x0841, 0x0841, 0x0041,
    0xED6B, 0xFE4D, 0x6A85, 0x0000, 0x0861, 0x0841, 0x0841, 0x0841, 0x0841, 0x0841, 0x0841, 0x0841,
    0x0841, 0x0841, 0x0841, 0x0841, 0x0841, 0x0841, 0x0841, 0x0841, 0x0841, 0x0841, 0x0841, 0x0841,
    0x0841, 0x0841, 0x0841, 0x0841, 0x0841, 0x0841, 0x0841, 0x0841, 0x0841, 0x0841, 0x0841, 0x0841,
    0x0041, 0xED6B, 0xFE4D, 0x6A85, 0x0000, 0x0861, 0x0841, 0x0841, 0x0841, 0x0841, 0x0841, 0x0841,
    0x0841, 0x0841, 0x0841, 0x0841, 0x0841, 0x0841, 0x0841, 0x0841, 0x0841, 0x0841, 0x0841, 0x0841,
    0x0841, 0x0841, 0x0841, 0x0841, 0x0841, 0x0841, 0x0841, 0x0841, 0x0841, 0x0841, 0x0841, 0x0841,
    0x0841, 0x0041, 0xED6B, 0xFE4D, 0x6A85, 0x0000, 0x0861, 0x0841, 0x0841, 0x0841, 0x0841, 0x0841,
    0x0841, 0x0841, 0x0841, 0x0841, 0x0841, 0x0841, 0x0841, 0x0841, 0x0841, 0x0841, 0x0841, 0x0841,
    0x0841, 0x0841, 0x0841, 0x0841, 0x0841, 0x0841, 0x0841, 0x0841, 0x0841, 0x0841, 0x0841, 0x0841,
    0x0841, 0x0841, 0x0041, 0xED6B, 0xFE4D, 0x6A85, 0x0000, 0x0861, 0x0841, 0x0841, 0x0841, 0x0841,
    0x0841, 0x0841, 0x0841, 0x0841, 0x0841, 0x0841, 0x0841, 0x0841, 0x0841, 0x0841, 0x0841, 0x0841,
    0x0841, 0x0841, 0x0841, 0x0841, 0x0841, 0x0841, 0x0841, 0x0841, 0x0841, 0x0841, 0x0841, 0x0841,
    0x0841, 0x0841, 0x0841, 0x0041, 0xED6B, 0xFE4D, 0x6A85, 0x0000, 0x0861, 0x0841, 0x0841, 0x0841,
    0x0841, 0x0841, 0x0841, 0x0841, 0x0841, 0x0841, 0x0841, 0x0841, 0x0841, 0x0841, 0x0841, 0x0841,
    0x0841, 0x0841, 0x0841, 0x0841, 0x0841, 0x0841, 0x0841, 0x0841, 0x0841, 0x0841, 0x0841, 0x0841,
    0x0841, 0x0841, 0x0841, 0x0841, 0x0041, 0xED6B, 0xFE4D, 0x6A85, 0x0000, 0x0861, 0x0841, 0x0841,
    0x0841, 0x0841, 0x0841, 0x0841, 0x0841, 0x0841, 0x0841, 0x0841, 0x0841, 0x0841, 0x0841, 0x0841,
    0x0841, 0x0841, 0x0841, 0x0841, 0x0841, 0x0841, 0x0841, 0x0841, 0x0841, 0x0841, 0x0841, 0x0841,
    0x0841, 0x0841, 0x0841, 0x0841, 0x0841, 0x0041, 0xED6B, 0xFE4D, 0x6A65, 0x0000, 0x0861, 0x0841,
    0x0841, 0x0841, 0x0841, 0x0841, 0x0841, 0x0841, 0x0841, 0x0841, 0x0841, 0x0841, 0x0841, 0x0841,
    0x0841, 0x0841, 0x0841, 0x0841, 0x0841, 0x0841, 0x0841, 0x0841, 0x0841, 0x0841, 0x0841, 0x0841,
    0x0841, 0x0841, 0x0841, 0x0841, 0x0841, 0x0841, 0x0041, 0xED6B, 0xFE4D, 0x7AE6, 0x0000, 0x0861,
    0x0841, 0x0841, 0x0841, 0x0841, 0x0841, 0x0841, 0x0841, 0x0841, 0x0841, 0x0841, 0x0841, 0x0841,
    0x0841, 0x0841, 0x0841, 0x0841, 0x0841, 0x0841, 0x0841, 0x0841, 0x0841, 0x0841, 0x0841, 0x0841,
    0x0841, 0x0841, 0x0841, 0x0841, 0x0841, 0x0841, 0x0841, 0x0041, 0xED6B, 0xFE4D, 0x9367, 0x0000,
    0x0861, 0x0841, 0x0841, 0x0841, 0x0841, 0x0841, 0x0841, 0x0841, 0x0841, 0x0841, 0x0841, 0x0841,
    0x0841, 0x0841, 0x0841, 0x0841, 0x0841, 0x0841, 0x0841, 0x0841, 0x0841, 0x0841, 0x0841, 0x0841,
    0x0841, 0x0841, 0x0841, 0x0841, 0x0841, 0x0841, 0x0841, 0x0841, 0x0041, 0xED6B, 0xFE4D, 0x8B47,
    0x0000, 0x0861, 0x0841, 0x0841, 0x0841, 0x0841, 0x0841, 0x0841, 0x0841, 0x0841, 0x0841, 0x0841,
    0x0841, 0x0841, 0x0841, 0x0841, 0x0841, 0x0841, 0x0841, 0x0841, 0x0841, 0x0841, 0x0841, 0x0841,
    0x0841, 0x0841, 0x0841, 0x0841, 0x0841, 0x0841, 0x0841, 0x0841, 0x0841, 0x0041, 0xED6B, 0xFE4D,
    0x7285, 0x0000, 0x0861, 0x0841, 0x0841, 0x0841, 0x0841, 0x0841, 0x0841, 0x0841, 0x0841, 0x0841,
    0x0841, 0x0841, 0x0841, 0x0841, 0x0841, 0x0841, 0x0841, 0x0841, 0x0841, 0x0841, 0x0841, 0x0841,
    0x0841, 0x0841, 0x0841, 0x0841, 0x0841, 0x0841, 0x0841, 0x0841, 0x0841, 0x0841, 0x0041, 0xED6B,
    0xFE4D, 0x8B26, 0x0000, 0x0861, 0x0841, 0x0841, 0x0841, 0x0841, 0x0841, 0x0841, 0x0841, 0x0841,
    0x0841, 0x0841, 0x0841, 0x0841, 0x0841, 0x0841, 0x0841, 0x0841, 0x0841, 0x0841, 0x0841, 0x0841,
    0x0841, 0x0841, 0x0841, 0x0841, 0x0841, 0x0841, 0x0841, 0x0841, 0x0841, 0x0841, 0x0841,
};
static const uint16_t panel_fr_open[] PROGMEM = {
    0xF56B, 0x10A1, 0x1061, 0xED4B, 0xFDAB, 0x20C2, 0x0021, 0x0841, 0x0841, 0x0841, 0x0841, 0x0841,
    0x0841, 0x0841, 0x0841, 0x0841, 0x0841, 0x0841, 0x0841, 0x0841, 0x0841, 0x0841, 0x0841, 0x0841,
    0x0841, 0x0841, 0x0841, 0x0841, 0x0841, 0x0841, 0x0841, 0x0841, 0x0841, 0x0841, 0x0841, 0x0841,
    0x0841, 0xED4B, 0x3943, 0x0000, 0xE56B, 0xFE0C, 0x20C2, 0x0021, 0x0841, 0x0841, 0x0841, 0x0841,
    0x0841, 0x0841, 0x0841, 0x0841, 0x0841, 0x0841, 0x0841, 0x0841, 0x0841, 0x0841, 0x0841, 0x0841,
    0x0841, 0x0841, 0x0841, 0x0841, 0x0841, 0x0841, 0x0841, 0x0841, 0x0841, 0x0841, 0x0841, 0x0841,
    0x0841, 0x0841, 0xBC49, 0xCCEA, 0xB2E7, 0xF309, 0xEBA9, 0x1081, 0x0020, 0x0841, 0x0841, 0x0841,
    0x0841, 0x0841, 0x0841, 0x0841, 0x0841, 0x0841, 0x0841, 0x0841, 0x0841, 0x0841, 0x0841, 0x0841,
    0x0841, 0x0841, 0x0841, 0x0841, 0x0841, 0x0841, 0x0841, 0x0841, 0x0841, 0x0841, 0x0841, 0x0841,
    0x0841, 0x0841, 0x0841, 0xE52B, 0xF5EB, 0xE2E8, 0xE1A7, 0xFA08, 0xA986, 0x1061, 0x0020, 0x0841,
    0x0020, 0x0020, 0x0020, 0x0020, 0x0020, 0x0020, 0x0841, 0x0841, 0x0841, 0x0841, 0x0841, 0x0841,
    0x0841, 0x0841, 0x0841, 0x0841, 0x0841, 0x0841, 0x0841, 0x0841, 0x0841, 0x0841, 0x0841, 0x0841,
    0x0841, 0x0841, 0x0841, 0x0841, 0xF5CC, 0x8B67, 0x8905, 0xB1C6, 0x48E3, 0xF228, 0xD1E7, 0x38A2,
    0x0020, 0x48C3, 0xA186, 0xC9C7, 0xC1C7, 0xB1A6, 0x6104, 0x0841, 0x0841, 0x0841, 0x0841, 0x0841,
    0x0841, 0x0841, 0x0841, 0x0841, 0x0841, 0x0841, 0x0841, 0x0841, 0x0841, 0x0841, 0x0841, 0x0841,
    0x0841, 0x0841, 0x0841, 0x0841, 0x0841, 0xDCEA, 0x72E6, 0x78E4, 0xE228, 0x2882, 0x7924, 0xFA28,
    0xE208, 0xC1C7, 0xFA49, 0xC9C7, 0x7924, 0x7924, 0xE208, 0xFA49, 0xA186, 0x0041, 0x0841, 0x0841,
    0x0841, 0x0841, 0x0841, 0x0841, 0x0841, 0x0841, 0x0841, 0x0841, 0x0841, 0x0841, 0x0841, 0x0841,
    0x0841, 0x0841, 0x0841, 0x0841, 0x0841, 0x0841, 0xFDCC, 0x41A3, 0xA966, 0xFA49, 0xFA28, 0xD1E7,
    0xDA08, 0xF228, 0xD1E7, 0x40C3, 0x1061, 0x7924, 0xC1C7, 0xDA08, 0xFA28, 0xC9C7, 0x0041, 0x0841,
    0x0841, 0x0841, 0x0841, 0x0841, 0x0841, 0x0841, 0x0841, 0x0841, 0x0841, 0x0841, 0x0841, 0x0841,
    0x0841, 0x0841, 0x0841, 0x0841, 0x0841, 0x0841, 0x0841, 0xED4B, 0x0000, 0xB9A6, 0xE208, 0xEA08,
    0xB9A6, 0x2882, 0x1861, 0x0020, 0x2061, 0xD9E7, 0xEA08, 0xC1C7, 0xFA28, 0xE208, 0x40A2, 0x0041,
    0x0841, 0x0841, 0x0841, 0x0841, 0x0841, 0x0841, 0x0841, 0x0841, 0x0841, 0x0841, 0x0841, 0x0841,
    0x0841, 0x0841, 0x0841, 0x0841, 0x0841, 0x0841, 0x0841, 0x0841, 0xF5CC, 0x8326, 0xB1E6, 0xEA08,
    0xE208, 0xFA49, 0xB1A6, 0x38A2, 0xB1A6, 0xEA08, 0xFA49, 0xD9E7, 0xEA08, 0x9986, 0x2061, 0x0020,
    0x0841, 0x0841, 0x0841, 0x0841, 0x0841, 0x0841, 0x0841, 0x0841, 0x0841, 0x0841, 0x0841, 0x0841,
    0x0841, 0x0841, 0x0841, 0x0841, 0x0841, 0x0841, 0x0841, 0x0841, 0x0841, 0xC489, 0xFDEC, 0xCA88,
    0xFA28, 0xF228, 0xEA08, 0xF228, 0xF228, 0xFA49, 0xD9E7, 0x8945, 0xC1C7, 0xFA49, 0x7124, 0x0020,
    0x0041, 0x0841, 0x0841, 0x0841, 0x0841, 0x0841, 0x0841, 0x0841, 0x0841, 0x0841, 0x0841, 0x0841,
    0x0841, 0x0841, 0x0841, 0x0841, 0x0841, 0x0841, 0x0841, 0x0841, 0x0841, 0x0841, 0x18C2, 0xDCCA,
    0xFA69, 0x9145, 0xC9C7, 0xFA28, 0xEA08, 0xEA28, 0xF228, 0xEA28, 0x8945, 0x1061, 0x8145, 0xFA69,
    0xB9A6, 0x1861, 0x0020, 0x0841, 0x0841, 0x0841, 0x0841, 0x0841, 0x0841, 0x0841, 0x0841, 0x0841,
    0x0841, 0x0841, 0x0841, 0x0841, 0x0841, 0x0841, 0x0841, 0x0841, 0x0841, 0x0841, 0x0841, 0x0861,
    0xED0A, 0xFA69, 0x6904, 0x2882, 0xF228, 0xD1E7, 0xE208, 0xD9E7, 0xEA08, 0xFA69, 0xC9C7, 0x2061,
    0x48C3, 0xFA28, 0xEA08, 0x40C3, 0x0020, 0x0841, 0x0841, 0x0841, 0x0841, 0x0841, 0x0841, 0x0841,
    0x0841, 0x0841, 0x0841, 0x0841, 0x0841, 0x0841, 0x0841, 0x0841, 0x0841, 0x0841, 0x0841, 0x0841,
    0x0841, 0xF58B, 0xF289, 0xF1E8, 0xA9A6, 0xD9E7, 0xB9C7, 0xD1E7, 0xC9C7, 0x7924, 0xDA08, 0xFA49,
    0xEA08, 0x48C3, 0x1861, 0xC1C7, 0xFA69, 0x7945, 0x0041, 0x0041, 0x0841, 0x0841, 0x0841, 0x0841,
    0x0841, 0x0841, 0x0841, 0x0841, 0x0841, 0x0841, 0x0841, 0x0841, 0x0841, 0x0841, 0x0841, 0x0841,
    0x0841, 0x0841, 0xF58B, 0xFC8A, 0xF289, 0xFA29, 0xEA28, 0xF228, 0xF228, 0xFA28, 0xD1E7, 0x8145,
    0xB9C7, 0xFA49, 0xFA49, 0x8945, 0x0841, 0x8945, 0xFA69, 0xB1A6, 0x1861, 0x0020, 0x0841, 0x0841,
    0x0841, 0x0841, 0x0841, 0x0841, 0x0841, 0x0841, 0x0841, 0x0841, 0x0841, 0x0841, 0x0841, 0x0841,
    0x0841, 0x0841, 0x0841, 0xED6B, 0xFE8D, 0xAB88, 0xB966, 0xFA49, 0xEA08, 0xEA28, 0xEA08, 0xFA28,
    0xF228, 0x7924, 0x9165, 0xFA28, 0xFA49, 0xB9C7, 0x1861, 0x48C3, 0xFA28, 0xE208, 0x40C3, 0x0020,
    0x0841, 0x0841, 0x0841, 0x0841, 0x0841, 0x0841, 0x0841, 0x0841, 0x0841, 0x0841, 0x0841, 0x0841,
    0x0841, 0x0841, 0x0841, 0x0841, 0xED6B, 0xFE4D, 0x8346, 0x0800, 0xB9C7, 0xFA49, 0xEA08, 0xF228,
    0xD9E7, 0xEA08, 0xFA49, 0x8145, 0x7124, 0xEA28, 0xFA49, 0xE208, 0x38A2, 0x1061, 0xC9C7, 0xFA69,
    0x7124, 0x0020, 0x0041, 0x0841, 0x0841, 0x0841, 0x0841, 0x0841, 0x0841, 0x0841, 0x0841, 0x0841,
    0x0841, 0x0841, 0x0841, 0x0841, 0x0041, 0xED6B, 0xFE4D, 0x9347, 0x0000, 0x1061, 0xA986, 0xFA49,
    0xF228, 0xE208, 0x58E3, 0xB9A6, 0xFA49, 0xA186, 0x50E3, 0xD1E7, 0xFA49, 0xF228, 0x7124, 0x0020,
    0x8945, 0xFA69, 0xA9A6, 0x1061, 0x0020, 0x0841, 0x0841, 0x0841, 0x0841, 0x0841, 0x0841, 0x0841,
    0x0841, 0x0841, 0x0841, 0x0841, 0x0841, 0x0041, 0xED6B, 0xFE4D, 0x9347, 0x0000, 0x0861, 0x0020,
    0x8145, 0xFA28, 0xFA28, 0xC1C7, 0x9165, 0xF228, 0xFA49, 0xC1C7, 0x30A2, 0xA986, 0xFA49, 0xFA49,
    0xA9A6, 0x1041, 0x50C3, 0xFA49, 0xE208, 0x38A2, 0x0020, 0x0841, 0x0841, 0x0841, 0x0841, 0x0841,
    0x0841, 0x0841, 0x0841, 0x0841, 0x0841, 0x0841, 0x0041, 0xED6B, 0xFE4D, 0x9347, 0x0000, 0x1061,
    0x0841, 0x0020, 0x6104, 0xFA28, 0xFA28, 0xF228, 0xF228, 0xC1C7, 0xE208, 0xDA08, 0x2882, 0x8145,
    0xFA49, 0xFA49, 0xDA08, 0x2882, 0x1861, 0xD1E7, 0xFA49, 0x7124, 0x0020, 0x0041, 0x0841, 0x0841,
    0x0841, 0x0841, 0x0841, 0x0841, 0x0841, 0x0841, 0x0841, 0x0041, 0xED6B, 0xFE4D, 0x9347, 0x0000,
    0x0861, 0x0841, 0x0841, 0x0020, 0x48C3, 0xEA28, 0xF228, 0xEA08, 0xEA08, 0x8945, 0xB9C7, 0xF228,
    0x48E3, 0x50E3, 0xEA28, 0xFA49, 0xF228, 0x6104, 0x0020, 0x9965, 0xFA69, 0xA186, 0x1861, 0x0020,
    0x0020, 0x0841, 0x0841, 0x0841, 0x0841, 0x0841, 0x0841, 0x0841, 0x0041, 0xED6B, 0xFE4D, 0x9347,
    0x0000, 0x0861, 0x0841, 0x0841, 0x0841, 0x0020, 0x40C3, 0xE208, 0xFA28, 0xEA28, 0xF228, 0x8945,
    0x9165, 0xFA49, 0x7945, 0x2882, 0xC1C7, 0xFA49, 0xFA49, 0x9965, 0x0020, 0x58E3, 0xFA49, 0xE208,
    0x8945, 0x38A2, 0x0020, 0x0041, 0x0841, 0x0841, 0x0841, 0x0841, 0x0841, 0x0041, 0xED6B, 0xFE4D,
    0x8306, 0x0000, 0x0861, 0x0841, 0x0841, 0x0841, 0x0841, 0x0020, 0x2082, 0xB9A6, 0xFA49, 0xEA08,
    0xFA49, 0xB1A6, 0x8945, 0xF228, 0xA186, 0x1061, 0x9165, 0xFA49, 0xFA49, 0xC9C7, 0x1861, 0x2082,
    0xEA08, 0xFA49, 0xF228, 0xA986, 0x2082, 0x0020, 0x0841, 0x0841, 0x0841, 0x0841, 0x0041, 0xED6B,
    0xFE4D, 0x6A65, 0x0000, 0x0861, 0x0841, 0x0841, 0x0841, 0x0841, 0x0841, 0x0041, 0x0841, 0x9965,
    0xFA49, 0xEA08, 0xFA28, 0xD1E7, 0xD1E7, 0xFA69, 0xD9E7, 0x2882, 0x6104, 0xF228, 0xFA49, 0xE208,
    0x48C3, 0x1861, 0xDA08, 0xFA28, 0xFA28, 0xEA08, 0x58E3, 0x0020, 0x0841, 0x0841, 0x0841, 0x0041,
    0xED6B, 0xFE4D, 0x6A85, 0x0000, 0x0861, 0x0841, 0x0841, 0x0841, 0x0841, 0x0841, 0x0841, 0x0841,
    0x0020, 0x7124, 0xFA28, 0xEA28, 0xFA28, 0xB1A6, 0x3082, 0xC1C7, 0xFA49, 0x58E3, 0x30A2, 0xD9E7,
    0xFA49, 0xFA28, 0x7124, 0x1861, 0xB1A6, 0xFA49, 0xEA28, 0xFA49, 0x5904, 0x0020, 0x0841, 0x0841,
    0x0041, 0xED6B, 0xFE4D, 0x6A85, 0x0000, 0x0861, 0x0841, 0x0841, 0x0841, 0x0841, 0x0841, 0x0841,
    0x0841, 0x0841, 0x0020, 0x48C3, 0xE208, 0xFA28, 0xD1E7, 0x50E3, 0x0000, 0x8945, 0xFA69, 0x9165,
    0x1861, 0xB1A6, 0xFA49, 0xFA49, 0xA186, 0x1041, 0x8145, 0xFA49, 0xF228, 0xE208, 0x1861, 0x0841,
    0x0841, 0x0041, 0xED6B, 0xFE4D, 0x6A85, 0x0000, 0x0861, 0x0841, 0x0841, 0x0841, 0x0841, 0x0841,
    0x0841, 0x0841, 0x0841, 0x0841, 0x0020, 0x2882, 0xC9E7, 0xFA49, 0xFA28, 0x9165, 0x0020, 0x48C3,
    0xFA49, 0xC1C7, 0x2082, 0x8145, 0xFA49, 0xFA49, 0xD1E7, 0x2882, 0x58E3, 0xEA08, 0xFA49, 0x7924,
    0x0841, 0x0841, 0x0041, 0xED6B, 0xFE4D, 0x6A85, 0x0000, 0x0861, 0x0841, 0x0841, 0x0841, 0x0841,
    0x0841, 0x0841, 0x0841, 0x0841, 0x0841, 0x0841, 0x0041, 0x1061, 0xA986, 0xFA28, 0xFA49, 0xB9A6,
    0x0841, 0x1861, 0xEA08, 0xF228, 0x48C3, 0x48C3, 0xEA08, 0xFA49, 0xF228, 0x50E3, 0x1861, 0xC9C7,
    0xEA28, 0x0841, 0x0841, 0x0041, 0xED6B, 0xFE4D, 0x6A85, 0x0000, 0x0861, 0x0841, 0x0841, 0x0841,
    0x0841, 0x0841, 0x0841, 0x0841, 0x0841, 0x0841, 0x0841, 0x0841, 0x0041, 0x0020, 0x8145, 0xFA28,
    0xFA49, 0xD9E7, 0x38A2, 0x1041, 0xC9E7, 0xFA69, 0x7124, 0x38A2, 0xE208, 0xF228, 0xF228, 0xA186,
    0xD1E7, 0xF228, 0x0841, 0x0841, 0x0041, 0xED6B, 0xFE4D, 0x6A85, 0x0000, 0x0861, 0x0841, 0x0841,
    0x0841, 0x0841, 0x0841, 0x0841, 0x0841, 0x0841, 0x0841, 0x0841, 0x0841, 0x0841, 0x0841, 0x0020,
    0x58E3, 0xEA08, 0xFA49, 0xF228, 0x6904, 0x0841, 0xB1A6, 0xFA49, 0xC1C7, 0xF228, 0xB9A6, 0xB1A6,
    0xFA69, 0xEA08, 0xEA08, 0x0841, 0x0841, 0x0041, 0xED6B, 0xFE4D, 0x6A65, 0x0000, 0x0861, 0x0841,
    0x0841, 0x0841, 0x0841, 0x0841, 0x0841, 0x0841, 0x0841, 0x0841, 0x0841, 0x0841, 0x0841, 0x0841,
    0x0841, 0x0020, 0x30A2, 0xD1E7, 0xFA28, 0xFA49, 0x8945, 0x38A2, 0xE208, 0xFA28, 0xEA28, 0xEA08,
    0xF228, 0x9986, 0xD9E7, 0xA186, 0x0841, 0x0841, 0x0041, 0xED6B, 0xFE4D, 0x7AE6, 0x0000, 0x0861,
    0x0841, 0x0841, 0x0841, 0x0841, 0x0841, 0x0841, 0x0841, 0x0841, 0x0841, 0x0841, 0x0841, 0x0841,
    0x0841, 0x0841, 0x0841, 0x0020, 0x1861, 0xB9A6, 0xFA49, 0xFA49, 0xFA28, 0xFA49, 0xF228, 0xEA08,
    0xFA49, 0xA986, 0x6904, 0xFA28, 0x30A2, 0x0841, 0x0841, 0x0041, 0xED6B, 0xFE4D, 0x9367, 0x0000,
    0x0861, 0x0841, 0x0841, 0x0841, 0x0841, 0x0841, 0x0841, 0x0841, 0x0841, 0x0841, 0x0841, 0x0841,
    0x0841, 0x0841, 0x0841, 0x0841, 0x0841, 0x0041, 0x0041, 0x8145, 0xD1E7, 0xB1A6, 0x7124, 0x38A2,
    0x2882, 0xB1A6, 0xF228, 0xFA49, 0xA986, 0x0020, 0x0841, 0x0841, 0x0041, 0xED6B, 0xFE4D, 0x8B47,
    0x0000, 0x0861, 0x0841, 0x0841, 0x0841, 0x0841, 0x0841, 0x0841, 0x0841, 0x0841, 0x0841, 0x0841,
    0x0841, 0x0841, 0x0841, 0x0841, 0x0841, 0x0841, 0x0841, 0x0841, 0x0020, 0x0841, 0x0041, 0x0020,
    0x0041, 0x0041, 0x0041, 0x7124, 0xA986, 0x2882, 0x0041, 0x0841, 0x0841, 0x0041, 0xED6B, 0xFE4D,
    0x7285, 0x0000, 0x0861, 0x0841, 0x0841, 0x0841, 0x0841, 0x0841, 0x0841, 0x0841, 0x0841, 0x0841,
    0x0841, 0x0841, 0x0841, 0x0841, 0x0841, 0x0841, 0x0841, 0x0841, 0x0841, 0x0841, 0x0841, 0x0841,
    0x0841, 0x0841, 0x0841, 0x0841, 0x0020, 0x0020, 0x0041, 0x0841, 0x0841, 0x0841, 0x0041, 0xED6B,
    0xFE4D, 0x8B26, 0x0000, 0x0861, 0x0841, 0x0841, 0x0841, 0x0841, 0x0841, 0x0841, 0x0841, 0x0841,
    0x0841, 0x0841, 0x0841, 0x0841, 0x0841, 0x0841, 0x0841, 0x0841, 0x0841, 0x0841, 0x0841, 0x0841,
    0x0841, 0x0841, 0x0841, 0x0841, 0x0841, 0x0841, 0x0841, 0x0841, 0x0841, 0x0841, 0x0841,
};
static const uint16_t panel_rl_closed[] PROGMEM = {
    0x0841, 0x0841, 0x0841, 0x0841, 0x0841, 0x0841, 0x0841, 0x0841, 0x0841, 0x0841, 0x0841, 0x0841,
    0x0841, 0x0841, 0x0841, 0x0841, 0x0841, 0x0841, 0x0841, 0x0841, 0x0841, 0x0841, 0x0841, 0x0841,
    0x0841, 0x0841, 0x0841, 0x0861, 0x0000, 0x7285, 0xF5AB, 0xED4B, 0x1081, 0xABE8, 0x0841, 0x0841,
    0x0841, 0x0841, 0x0841, 0x0841, 0x0841, 0x0841, 0x0841, 0x0841, 0x0841, 0x0841, 0x0841, 0x0841,
    0x0841, 0x0841, 0x0841, 0x0841, 0x0841, 0x0841, 0x0841, 0x0841, 0x0841, 0x0841, 0x0841, 0x0841,
    0x0841, 0x0861, 0x0000, 0x7AC6, 0xE52A, 0xF58B, 0x5A24, 0x6A85, 0x0841, 0x0841, 0x0841, 0x0841,
    0x0841, 0x0841, 0x0841, 0x0841, 0x0841, 0x0841, 0x0841, 0x0841, 0x0841, 0x0841, 0x0841, 0x0841,
    0x0841, 0x0841, 0x0841, 0x0841, 0x0841, 0x0841, 0x0841, 0x0841, 0x0841, 0x0841, 0x0841, 0x0861,
    0x0000, 0x6245, 0xC489, 0xA3C8, 0xFE2C, 0xED6B, 0x0841, 0x0841, 0x0841, 0x0841, 0x0841, 0x0841,
    0x0841, 0x0841, 0x0841, 0x0841, 0x0841, 0x0841, 0x0841, 0x0841, 0x0841, 0x0841, 0x0841, 0x0841,
    0x0841, 0x0841, 0x0841, 0x0841, 0x0841, 0x0841, 0x0841, 0x0841, 0x0841, 0x0841, 0x0841, 0x0861,
    0x1881, 0xB408, 0xCCCA, 0x9BA7, 0x0841, 0x0841, 0x0841, 0x0841, 0x0841, 0x0841, 0x0841, 0x0841,
    0x0841, 0x0841, 0x0841, 0x0841, 0x0841, 0x0841, 0x0841, 0x0841, 0x0841, 0x0841, 0x0841, 0x0841,
    0x0841, 0x0841, 0x0841, 0x0841, 0x0841, 0x0841, 0x0841, 0x0841, 0x0841, 0x0041, 0x1881, 0xED8B,
    0x7AE6, 0x0000, 0x0841, 0x0841, 0x0841, 0x0841, 0x0841, 0x0841, 0x0841, 0x0841, 0x0841, 0x0841,
    0x0841, 0x0841, 0x0841, 0x0841, 0x0841, 0x0841, 0x0841, 0x0841, 0x0841, 0x0841, 0x0841, 0x0841,
    0x0841, 0x0841, 0x0841, 0x0841, 0x0841, 0x0841, 0x0861, 0x0000, 0x41A3, 0xF5CC, 0xF5CB, 0xF58B,
    0x0841, 0x0841, 0x0841, 0x0841, 0x0841, 0x0841, 0x0841, 0x0841, 0x0841, 0x0841, 0x0841, 0x0841,
    0x0841, 0x0841, 0x0841, 0x0841, 0x0841, 0x0841, 0x0841, 0x0841, 0x0841, 0x0841, 0x0841, 0x0841,
    0x0841, 0x0841, 0x0841, 0x0841, 0x0841, 0x0041, 0x1061, 0xF58B, 0x7AC6, 0x49A3, 0x0841, 0x0841,
    0x0841, 0x0841, 0x0841, 0x0841, 0x0841, 0x0841, 0x0841, 0x0841, 0x0841, 0x0841, 0x0841, 0x0841,
    0x0841, 0x0841, 0x0841, 0x0841, 0x0841, 0x0841, 0x0841, 0x0841, 0x0841, 0x0841, 0x0841, 0x0841,
    0x0841, 0x0841, 0x0841, 0x0861, 0x0000, 0xCCA9, 0xAC08, 0x3963, 0x0841, 0x0841, 0x0841, 0x0841,
    0x0841, 0x0841, 0x0841, 0x0841, 0x0841, 0x0841, 0x0841, 0x0841, 0x0841, 0x0841, 0x0841, 0x0841,
    0x0841, 0x0841, 0x0841, 0x0841, 0x0841, 0x0841, 0x0841, 0x0841, 0x0841, 0x0841, 0x0841, 0x0841,
    0x0841, 0x0841, 0x0041, 0xD4CA, 0xF5CC, 0xFDEC, 0x0841, 0x0841, 0x0841, 0x0841, 0x0841, 0x0841,
    0x0841, 0x0841, 0x0841, 0x0841, 0x0841, 0x0841, 0x0841, 0x0841, 0x0841, 0x0841, 0x0841, 0x0841,
    0x0841, 0x0841, 0x0841, 0x0841, 0x0841, 0x0841, 0x0841, 0x0841, 0x0841, 0x0841, 0x0841, 0x0021,
    0x20E2, 0xFDAB, 0x3122, 0xB408, 0x0841, 0x0841, 0x0841, 0x0841, 0x0841, 0x0841, 0x0841, 0x0841,
    0x0841, 0x0841, 0x0841, 0x0841, 0x0841, 0x0841, 0x0841, 0x0841, 0x0841, 0x0841, 0x0841, 0x0841,
    0x0841, 0x0841, 0x0841, 0x0841, 0x0841, 0x0841, 0x0841, 0x0841, 0x0861, 0x0000, 0x2902, 0xF58B,
    0x0020, 0xB428, 0x0841, 0x0841, 0x0841, 0x0841, 0x0841, 0x0841, 0x0841, 0x0841, 0x0841, 0x0841,
    0x0841, 0x0841, 0x0841, 0x0841, 0x0841, 0x0841, 0x0841, 0x0841, 0x0841, 0x0841, 0x0841, 0x0841,
    0x0841, 0x0841, 0x0841, 0x0841, 0x0841, 0x0841, 0x0841, 0x1081, 0x9367, 0xF5AB, 0x0041, 0xB428,
    0x0841, 0x0841, 0x0841, 0x0841, 0x0841, 0x0841, 0x0841, 0x0841, 0x0841, 0x0841, 0x0841, 0x0841,
    0x0841, 0x0841, 0x0841, 0x0841, 0x0841, 0x0841, 0x0841, 0x0841, 0x0841, 0x0841, 0x0841, 0x0841,
    0x0841, 0x0841, 0x0841, 0x0861, 0x0000, 0x6A85, 0xFE8D, 0xED6B, 0x0041, 0xB428, 0x0841, 0x0841,
    0x0841, 0x0841, 0x0841, 0x0841, 0x0841, 0x0841, 0x0841, 0x0841, 0x0841, 0x0841, 0x0841, 0x0841,
    0x0841, 0x0841, 0x0841, 0x0841, 0x0841, 0x0841, 0x0841, 0x0841, 0x0841, 0x0841, 0x0841, 0x0841,
    0x0841, 0x0861, 0x0000, 0x6A85, 0xFE2C, 0xED6B, 0x0041, 0xB428, 0x0841, 0x0841, 0x0841, 0x0841,
    0x0841, 0x0841, 0x0841, 0x0841, 0x0841, 0x0841, 0x0841, 0x0841, 0x0841, 0x0841, 0x0841, 0x0841,
    0x0841, 0x0841, 0x0841, 0x0841, 0x0841, 0x0841, 0x0841, 0x0841, 0x0841, 0x0841, 0x0841, 0x0861,
    0x0000, 0x6A85, 0xFE4D, 0xED6B, 0x0041, 0xB428, 0x0841, 0x0841, 0x0841, 0x0841, 0x0841, 0x0841,
    0x0841, 0x0841, 0x0841, 0x0841, 0x0841, 0x0841, 0x0841, 0x0841, 0x0841, 0x0841, 0x0841, 0x0841,
    0x0841, 0x0841, 0x0841, 0x0841, 0x0841, 0x0841, 0x0841, 0x0841, 0x0841, 0x0861, 0x0000, 0x6A85,
    0xFE4D, 0xED6B, 0x0041, 0xB428, 0x0841, 0x0841, 0x0841, 0x0841, 0x0841, 0x0841, 0x0841, 0x0841,
    0x0841, 0x0841, 0x0841, 0x0841, 0x0841, 0x0841, 0x0841, 0x0841, 0x0841, 0x0841, 0x0841, 0x0841,
    0x0841, 0x0841, 0x0841, 0x0841, 0x0841, 0x0841, 0x0841, 0x0861, 0x0000, 0x6A85, 0xFE4D, 0xED6B,
    0x0041, 0xB428, 0x0841, 0x0841, 0x0841, 0x0841, 0x0841, 0x0841, 0x0841, 0x0841, 0x0841, 0x0841,
    0x0841, 0x0841, 0x0841, 0x0841, 0x0841, 0x0841, 0x0841, 0x0841, 0x0841, 0x0841, 0x0841, 0x0841,
    0x0841, 0x0841, 0x0841, 0x0841, 0x0841, 0x0861, 0x0000, 0x6A85, 0xFE4D, 0xED6B, 0x0041, 0xB428,
    0x0841, 0x0841, 0x0841, 0x0841, 0x0841, 0x0841, 0x0841, 0x0841, 0x0841, 0x0841, 0x0841, 0x0841,
    0x0841, 0x0841, 0x0841, 0x0841, 0x0841, 0x0841, 0x0841, 0x0841, 0x0841, 0x0841, 0x0841, 0x0841,
    0x0841, 0x0841, 0x0841, 0x0861, 0x0000, 0x6A85, 0xFE4D, 0xED6B, 0x0041, 0xB428, 0x0841, 0x0841,
    0x0841, 0x0841, 0x0841, 0x0841, 0x0841, 0x0841, 0x0841, 0x0841, 0x0841, 0x0841, 0x0841, 0x0841,
    0x0841, 0x0841, 0x0841, 0x0841, 0x0841, 0x0841, 0x0841, 0x0841, 0x0841, 0x0841, 0x0841, 0x0841,
    0x0841, 0x0861, 0x0000, 0x6A85, 0xFE4D, 0xED6B, 0x0041, 0xB428, 0x0841, 0x0841, 0x0841, 0x0841,
    0x0841, 0x0841, 0x0841, 0x0841, 0x0841, 0x0841, 0x0841, 0x0841, 0x0841, 0x0841, 0x0841, 0x0841,
    0x0841, 0x0841, 0x0841, 0x0841, 0x0841, 0x0841, 0x0841, 0x0841, 0x0841, 0x0841, 0x0841, 0x0861,
    0x0000, 0x6A85, 0xFE4D, 0xED6B, 0x0041, 0xB428, 0x0841, 0x0841, 0x0841, 0x0841, 0x0841, 0x0841,
    0x0841, 0x0841, 0x0841, 0x0841, 0x0841, 0x0841, 0x0841, 0x0841, 0x0841, 0x0841, 0x0841, 0x0841,
    0x0841, 0x0841, 0x0841, 0x0841, 0x0841, 0x0841, 0x0841, 0x0841, 0x0841, 0x0861, 0x0000, 0x6A85,
    0xFE4D, 0xED6B, 0x0041, 0xB428, 0x0841, 0x0841, 0x0841, 0x0841, 0x0841, 0x0841, 0x0841, 0x0841,
    0x0841, 0x0841, 0x0841, 0x0841, 0x0841, 0x0841, 0x0841, 0x0841, 0x0841, 0x0841, 0x0841, 0x0841,
    0x0841, 0x0841, 0x0841, 0x0841, 0x0841, 0x0841, 0x0841, 0x0861, 0x0000, 0x6A85, 0xFE2C, 0xED4B,
    0x0841, 0xB428, 0x0841, 0x0841, 0x0841, 0x0841, 0x0841, 0x0841, 0x0841, 0x0841, 0x0841, 0x0841,
    0x0841, 0x0841, 0x0841, 0x0841, 0x0841, 0x0841, 0x0841, 0x0841, 0x0841, 0x0841, 0x0841, 0x0841,
    0x0841, 0x0841, 0x0841, 0x0841, 0x0841, 0x0861, 0x0000, 0x7AC6, 0xFDAB, 0xDD0A, 0x0841, 0xBC28,
    0x0841, 0x0841, 0x0841, 0x0841, 0x0841, 0x0841, 0x0841, 0x0841, 0x0841, 0x0841, 0x0841, 0x0841,
    0x0841, 0x0841, 0x0841, 0x0841, 0x0841, 0x0841, 0x0841, 0x0841, 0x0841, 0x0841, 0x0841, 0x0841,
    0x0841, 0x0841, 0x0841, 0x0861, 0x0000, 0x9367, 0xFDAB, 0xDD0A, 0x0021, 0xB408, 0x0841, 0x0841,
    0x0841, 0x0841, 0x0841, 0x0841, 0x0841, 0x0841, 0x0841, 0x0841, 0x0841, 0x0841, 0x0841, 0x0841,
    0x0841, 0x0841, 0x0841, 0x0841, 0x0841, 0x0841, 0x0841, 0x0841, 0x0841, 0x0841, 0x0841, 0x0841,
    0x0841, 0x0861, 0x0000, 0x9367, 0xF58B, 0xED6B, 0x4183, 0xBC69, 0x0841, 0x0841, 0x0841, 0x0841,
    0x0841, 0x0841, 0x0841, 0x0841, 0x0841, 0x0841, 0x0841, 0x0841, 0x0841, 0x0841, 0x0841, 0x0841,
    0x0841, 0x0841, 0x0841, 0x0841, 0x0841, 0x0841, 0x0841, 0x0841, 0x0841, 0x0841, 0x0841, 0x0861,
    0x0000, 0xAC08, 0xC469, 0xD4CA, 0xED8B, 0xF5EC, 0x0841, 0x0841, 0x0841, 0x0841, 0x0841, 0x0841,
    0x0841, 0x0841, 0x0841, 0x0841, 0x0841, 0x0841, 0x0841, 0x0841, 0x0841, 0x0841, 0x0841, 0x0841,
    0x0841, 0x0841, 0x0841, 0x0841, 0x0841, 0x0841, 0x0841, 0x0841, 0x0841, 0x0841, 0x0000, 0xD4EA,
    0xA3C8, 0xC489, 0x72A5, 0xABE8, 0x0841, 0x0841, 0x0841, 0x0841, 0x0841, 0x0841, 0x0841, 0x0841,
    0x0841, 0x0841, 0x0841, 0x0841, 0x0841, 0x0841, 0x0841, 0x0841, 0x0841, 0x0841, 0x0841, 0x0841,
    0x0841, 0x0841, 0x0841, 0x0841, 0x0841, 0x0841, 0x0841, 0x0021, 0x1081, 0xFDCC, 0x6A65, 0xB408,
    0x8B26, 0xABC8,
};
static const uint16_t panel_rl_open[] PROGMEM = {
    0x0841, 0x0841, 0x0841, 0x0841, 0x0841, 0x0841, 0x0841, 0x0841, 0x0841, 0x0841, 0x0841, 0x0841,
    0x0841, 0x0841, 0x0841, 0x0841, 0x0841, 0x0841, 0x0841, 0x0841, 0x0841, 0x0841, 0x0841, 0x0841,
    0x0841, 0x0841, 0x0841, 0x1061, 0x0000, 0x72A5, 0xFDAB, 0xED4B, 0x1081, 0xABE8, 0x0841, 0x0841,
    0x0841, 0x0841, 0x0841, 0x0841, 0x0841, 0x0841, 0x0841, 0x0841, 0x0841, 0x0841, 0x0841, 0x0841,
    0x0841, 0x0841, 0x0841, 0x0841, 0x0841, 0x0841, 0x0841, 0x0841, 0x0841, 0x0841, 0x0841, 0x0841,
    0x0020, 0x0040, 0x0000, 0x72A5, 0xE54A, 0xF58B, 0x5A24, 0x6A85, 0x0841, 0x0841, 0x0841, 0x0841,
    0x0841, 0x0841, 0x0841, 0x0841, 0x0841, 0x0841, 0x0841, 0x0841, 0x0841, 0x0841, 0x0841, 0x0841,
    0x0841, 0x0841, 0x0841, 0x0841, 0x0841, 0x0841, 0x0841, 0x0841, 0x0041, 0x0841, 0x6104, 0x8945,
    0xA986, 0xF269, 0xB2A7, 0xA408, 0xFE0C, 0xED6B, 0x0841, 0x0841, 0x0841, 0x0841, 0x0841, 0x0841,
    0x0841, 0x0841, 0x0841, 0x0841, 0x0841, 0x0841, 0x0841, 0x0841, 0x0841, 0x0841, 0x0841, 0x0841,
    0x0841, 0x0841, 0x0841, 0x0841, 0x0841, 0x0020, 0x2082, 0xB9C7, 0xFA28, 0xFA49, 0xEA08, 0xB9A6,
    0xE1A7, 0xDC09, 0xC4C9, 0xA3A7, 0x0841, 0x0841, 0x0841, 0x0841, 0x0841, 0x0841, 0x0841, 0x0841,
    0x0841, 0x0841, 0x0841, 0x0841, 0x0841, 0x0841, 0x0841, 0x0841, 0x0841, 0x0841, 0x0841, 0x0841,
    0x0841, 0x0841, 0x0020, 0x48C3, 0xEA08, 0xF228, 0xFA28, 0xD1E7, 0x30A2, 0x9986, 0xF9E8, 0xFBCA,
    0x72E6, 0x0000, 0x0841, 0x0841, 0x0841, 0x0841, 0x0841, 0x0841, 0x0841, 0x0841, 0x0841, 0x0841,
    0x0841, 0x0841, 0x0841, 0x0841, 0x0841, 0x0841, 0x0841, 0x0841, 0x0841, 0x0841, 0x0841, 0x0041,
    0x40C3, 0xF228, 0xF228, 0xFA49, 0xB1A6, 0x38A2, 0xC1C7, 0xFA49, 0xE1E8, 0xECEA, 0xFDEC, 0xF58B,
    0x0841, 0x0841, 0x0841, 0x0841, 0x0841, 0x0841, 0x0841, 0x0841, 0x0841, 0x0841, 0x0841, 0x0841,
    0x0841, 0x0841, 0x0841, 0x0841, 0x0841, 0x0841, 0x0841, 0x0841, 0x0841, 0x0041, 0xC9C7, 0xFA28,
    0xFA49, 0x8945, 0x40C3, 0xD9E7, 0xFA49, 0xB9C7, 0xE1E8, 0xFBEA, 0x72C6, 0x49A3, 0x0841, 0x0841,
    0x0841, 0x0841, 0x0841, 0x0841, 0x0841, 0x0841, 0x0841, 0x0841, 0x0841, 0x0841, 0x0841, 0x0841,
    0x0841, 0x0841, 0x0841, 0x0841, 0x0841, 0x0841, 0x0020, 0x6104, 0xFA49, 0xF228, 0x6104, 0x50E3,
    0xEA28, 0xFA49, 0xEA08, 0xC9E7, 0xE1C7, 0xEC4A, 0xA3E8, 0x3963, 0x0841, 0x0841, 0x0841, 0x0841,
    0x0841, 0x0841, 0x0841, 0x0841, 0x0841, 0x0841, 0x0841, 0x0841, 0x0841, 0x0841, 0x0841, 0x0841,
    0x0841, 0x0841, 0x0041, 0x0020, 0x7924, 0xFA49, 0xB1A6, 0x2882, 0x8145, 0xFA49, 0xFA49, 0xB1A6,
    0xC1C7, 0xFA49, 0xB9A6, 0xCCE9, 0xFDEC, 0xFDEC, 0x0841, 0x0841, 0x0841, 0x0841, 0x0841, 0x0841,
    0x0841, 0x0841, 0x0841, 0x0841, 0x0841, 0x0841, 0x0841, 0x0841, 0x0841, 0x0841, 0x0841, 0x0041,
    0x1041, 0xA186, 0xFA69, 0x8145, 0x0841, 0xA186, 0xFA49, 0xF228, 0xA986, 0x9965, 0xF228, 0xF208,
    0xE268, 0xFDCC, 0x2922, 0xB408, 0x0841, 0x0841, 0x0841, 0x0841, 0x0841, 0x0841, 0x0841, 0x0841,
    0x0841, 0x0841, 0x0841, 0x0841, 0x0841, 0x0841, 0x0841, 0x0841, 0x0020, 0x2082, 0xD1E7, 0xFA49,
    0x58E3, 0x1061, 0xC1C7, 0xFA49, 0xE208, 0xC9C7, 0xC9C7, 0xFA28, 0xEA28, 0xE1E8, 0xFA89, 0xF54B,
    0x0020, 0xB428, 0x0841, 0x0841, 0x0841, 0x0841, 0x0841, 0x0841, 0x0841, 0x0841, 0x0841, 0x0841,
    0x0841, 0x0841, 0x0841, 0x0841, 0x0841, 0x0020, 0x40C3, 0xEA28, 0xEA28, 0x30A2, 0x3082, 0xE208,
    0xFA28, 0xE208, 0xD1E7, 0xE208, 0xF228, 0xEA28, 0xD207, 0xE1A7, 0xFAE9, 0xF5AB, 0x0841, 0xB428,
    0x0841, 0x0841, 0x0841, 0x0841, 0x0841, 0x0841, 0x0841, 0x0841, 0x0841, 0x0841, 0x0841, 0x0841,
    0x0841, 0x0841, 0x0020, 0x6104, 0xFA49, 0xC9C7, 0x1061, 0x58E3, 0xFA28, 0xF228, 0xEA08, 0xF228,
    0xC9C7, 0xC9C7, 0xF228, 0xE208, 0xF208, 0xE2A8, 0xFD6B, 0xF58B, 0x0021, 0xB428, 0x0841, 0x0841,
    0x0841, 0x0841, 0x0841, 0x0841, 0x0841, 0x0841, 0x0841, 0x0841, 0x0841, 0x0841, 0x0041, 0x0041,
    0x8965, 0xFA69, 0xA186, 0x0020, 0x7924, 0xFA49, 0xEA08, 0xF228, 0xF228, 0xA186, 0xB1A6, 0xF228,
    0xEA08, 0xFA69, 0x9925, 0x72A5, 0xFE6D, 0xED6B, 0x0041, 0xB428, 0x0841, 0x0841, 0x0841, 0x0841,
    0x0841, 0x0841, 0x0841, 0x0841, 0x0841, 0x0841, 0x0841, 0x0041, 0x1041, 0xB1A6, 0xFA69, 0x7924,
    0x0841, 0xA186, 0xFA49, 0xEA08, 0xFA49, 0xDA08, 0x8145, 0xB9A6, 0xF228, 0xE208, 0xFA49, 0x9165,
    0x0000, 0x6265, 0xFE4D, 0xED6B, 0x0041, 0xB428, 0x0841, 0x0841, 0x0841, 0x0841, 0x0841, 0x0841,
    0x0841, 0x0841, 0x0841, 0x0841, 0x0020, 0x2882, 0xD1E7, 0xFA49, 0x48C3, 0x1041, 0xC9C7, 0xFA49,
    0xEA08, 0xFA49, 0xA986, 0x50E3, 0xC9C7, 0xFA28, 0xEA28, 0xF228, 0x6904, 0x0040, 0x0000, 0x6A85,
    0xFE4D, 0xED6B, 0x0041, 0xB428, 0x0841, 0x0841, 0x0841, 0x0841, 0x0841, 0x0841, 0x0841, 0x0841,
    0x0841, 0x0020, 0x48C3, 0xF228, 0xE208, 0x2882, 0x2082, 0xD9E7, 0xFA28, 0xF228, 0xFA28, 0x7124,
    0x48C3, 0xE208, 0xF228, 0xF228, 0xEA28, 0x50E3, 0x0020, 0x1061, 0x0000, 0x6A85, 0xFE4D, 0xED6B,
    0x0041, 0xB428, 0x0841, 0x0841, 0x0841, 0x0841, 0x0841, 0x0841, 0x0841, 0x0020, 0x0020, 0x6104,
    0xFA49, 0xB9C7, 0x0841, 0x40C3, 0xEA08, 0xFA28, 0xFA49, 0xD1E7, 0x38A2, 0x6104, 0xFA28, 0xEA08,
    0xFA28, 0xE208, 0x38A2, 0x0020, 0x0841, 0x0861, 0x0000, 0x6A85, 0xFE4D, 0xED6B, 0x0041, 0xB428,
    0x0841, 0x0841, 0x0841, 0x0841, 0x0841, 0x0041, 0x0041, 0x38A2, 0x9965, 0xFA69, 0x9165, 0x0020,
    0x6904, 0xF228, 0xFA49, 0xC9E7, 0x48C3, 0x1041, 0x8945, 0xFA49, 0xD9E7, 0xFA28, 0xC1C7, 0x2061,
    0x0020, 0x0841, 0x0841, 0x0861, 0x0000, 0x6A85, 0xFE4D, 0xED6B, 0x0041, 0xB428, 0x0841, 0x0841,
    0x0841, 0x0841, 0x0020, 0x3082, 0xB9A6, 0xFA28, 0xFA69, 0x7124, 0x0000, 0x8945, 0xFA28, 0xFA49,
    0xC1C7, 0x1061, 0x0841, 0xB9A6, 0xFA28, 0xD1E7, 0xFA49, 0xB1A6, 0x1041, 0x0041, 0x0841, 0x0841,
    0x0841, 0x0861, 0x0000, 0x6A85, 0xFE4D, 0xED6B, 0x0041, 0xB428, 0x0841, 0x0841, 0x0841, 0x0020,
    0x50E3, 0xEA28, 0xFA28, 0xFA49, 0x6104, 0x0020, 0xA186, 0xFA49, 0xFA49, 0xA186, 0x0020, 0x38A2,
    0xE208, 0xE208, 0xC9C7, 0xFA49, 0x9165, 0x0041, 0x0041, 0x0841, 0x0841, 0x0841, 0x0841, 0x0861,
    0x0000, 0x6A85, 0xFE4D, 0xED6B, 0x0041, 0xB428, 0x0841, 0x0841, 0x0020, 0x40C3, 0xF228, 0xF228,
    0xFA49, 0x6104, 0x1041, 0xC9C7, 0xFA49, 0xE208, 0x6904, 0x0020, 0x7104, 0xF228, 0xD1E7, 0xC9E7,
    0xFA49, 0x7124, 0x0020, 0x0841, 0x0841, 0x0841, 0x0841, 0x0841, 0x0841, 0x0861, 0x0000, 0x6A85,
    0xFE4D, 0xED6B, 0x0041, 0xB428, 0x0841, 0x0841, 0x0041, 0xC1C7, 0xFA49, 0xF228, 0x50E3, 0x2061,
    0xE208, 0xFA49, 0xF228, 0xD9E7, 0x50E3, 0xA186, 0xFA49, 0xB9A6, 0xD9E7, 0xF228, 0x50E3, 0x0020,
    0x0841, 0x0841, 0x0841, 0x0841, 0x0841, 0x0841, 0x0841, 0x0861, 0x0000, 0x6A85, 0xFE2C, 0xED4B,
    0x0841, 0xB428, 0x0841, 0x0041, 0x30A2, 0xEA28, 0xD9E7, 0x30A2, 0x38A2, 0xEA08, 0xFA49, 0xB1A6,
    0x8945, 0xEA28, 0xFA49, 0xEA08, 0xC1C7, 0xF228, 0xD9E7, 0x30A2, 0x0020, 0x0841, 0x0841, 0x0841,
    0x0841, 0x0841, 0x0841, 0x0841, 0x0841, 0x0861, 0x0000, 0x7AC6, 0xFDAB, 0xDD0A, 0x0841, 0xBC28,
    0x0841, 0x0020, 0xA186, 0xFA69, 0x40C3, 0x48C3, 0xFA49, 0xF228, 0xEA08, 0xD1E7, 0xDA08, 0xEA28,
    0xF228, 0xF228, 0xEA28, 0xA186, 0x1861, 0x0020, 0x0841, 0x0841, 0x0841, 0x0841, 0x0841, 0x0841,
    0x0841, 0x0841, 0x0841, 0x0861, 0x0000, 0x9367, 0xFDAB, 0xDD0A, 0x0021, 0xB408, 0x0841, 0x0041,
    0x48C3, 0xD9E7, 0xF228, 0xFA28, 0xFA28, 0xEA08, 0xD1E7, 0xE208, 0xFA49, 0xFA28, 0xB9C7, 0x7924,
    0x2882, 0x0020, 0x0041, 0x0841, 0x0841, 0x0841, 0x0841, 0x0841, 0x0841, 0x0841, 0x0841, 0x0841,
    0x0841, 0x0861, 0x0000, 0x9367, 0xF58B, 0xED6B, 0x4183, 0xBC69, 0x0841, 0x0841, 0x0020, 0x1861,
    0x9965, 0xC1C7, 0xD9E7, 0xD9E7, 0xD1E7, 0xB9A6, 0x8945, 0x40C3, 0x0041, 0x0020, 0x0041, 0x0841,
    0x0841, 0x0841, 0x0841, 0x0841, 0x0841, 0x0841, 0x0841, 0x0841, 0x0841, 0x0841, 0x0841, 0x0861,
    0x0000, 0xAC08, 0xC469, 0xD4CA, 0xED8B, 0xF5EC, 0x0841, 0x0841, 0x0841, 0x0041, 0x0020, 0x0041,
    0x1061, 0x1061, 0x1061, 0x0041, 0x0020, 0x0020, 0x0841, 0x0841, 0x0841, 0x0841, 0x0841, 0x0841,
    0x0841, 0x0841, 0x0841, 0x0841, 0x0841, 0x0841, 0x0841, 0x0841, 0x0841, 0x0841, 0x0000, 0xD4EA,
    0xA3C8, 0xC489, 0x72A5, 0xABE8, 0x0841, 0x0841, 0x0841, 0x0841, 0x0841, 0x0841, 0x0041, 0x0041,
    0x0841, 0x0841, 0x0841, 0x0841, 0x0841, 0x0841, 0x0841, 0x0841, 0x0841, 0x0841, 0x0841, 0x0841,
    0x0841, 0x0841, 0x0841, 0x0841, 0x0841, 0x0841, 0x0841, 0x0021, 0x1081, 0xFDCC, 0x6A65, 0xB408,
    0x8B26, 0xABC8,
};
static const uint16_t panel_rr_closed[] PROGMEM = {
    0xB428, 0x0021, 0xED6B, 0xFE2C, 0x9347, 0x0000, 0x0861, 0x0841, 0x0841, 0x0841, 0x0841, 0x0841,
    0x0841, 0x0841, 0x0841, 0x0841, 0x0841, 0x0841, 0x0841, 0x0841, 0x0841, 0x0841, 0x0841, 0x0841,
    0x0841, 0x0841, 0x0841, 0x0841, 0x0841, 0x0841, 0x0841, 0x0841, 0x0841, 0x0841, 0x7AE6, 0x3143,
    0xED6B, 0xF58B, 0x9B87, 0x0000, 0x0861, 0x0841, 0x0841, 0x0841, 0x0841, 0x0841, 0x0841, 0x0841,
    0x0841, 0x0841, 0x0841, 0x0841, 0x0841, 0x0841, 0x0841, 0x0841, 0x0841, 0x0841, 0x0841, 0x0841,
    0x0841, 0x0841, 0x0841, 0x0841, 0x0841, 0x0841, 0x0841, 0x0841, 0xED6B, 0xEDAB, 0xBC49, 0xB408,
    0x7AE6, 0x0000, 0x0861, 0x0841, 0x0841, 0x0841, 0x0841, 0x0841, 0x0841, 0x0841, 0x0841, 0x0841,
    0x0841, 0x0841, 0x0841, 0x0841, 0x0841, 0x0841, 0x0841, 0x0841, 0x0841, 0x0841, 0x0841, 0x0841,
    0x0841, 0x0841, 0x0841, 0x0841, 0x0841, 0x0841, 0xABE8, 0xC489, 0xCCA9, 0x0000, 0x0841, 0x0841,
    0x0841, 0x0841, 0x0841, 0x0841, 0x0841, 0x0841, 0x0841, 0x0841, 0x0841, 0x0841, 0x0841, 0x0841,
    0x0841, 0x0841, 0x0841, 0x0841, 0x0841, 0x0841, 0x0841, 0x0841, 0x0841, 0x0841, 0x0841, 0x0841,
    0x0841, 0x0841, 0x0841, 0x0841, 0x0000, 0x72A5, 0xCC89, 0x0000, 0x0861, 0x0841, 0x0841, 0x0841,
    0x0841, 0x0841, 0x0841, 0x0841, 0x0841, 0x0841, 0x0841, 0x0841, 0x0841, 0x0841, 0x0841, 0x0841,
    0x0841, 0x0841, 0x0841, 0x0841, 0x0841, 0x0841, 0x0841, 0x0841, 0x0841, 0x0841, 0x0841, 0x0841,
    0x0841, 0x0841, 0xED6B, 0xFDEC, 0xD4CA, 0x0861, 0x0841, 0x0841, 0x0841, 0x0841, 0x0841, 0x0841,
    0x0841, 0x0841, 0x0841, 0x0841, 0x0841, 0x0841, 0x0841, 0x0841, 0x0841, 0x0841, 0x0841, 0x0841,
    0x0841, 0x0841, 0x0841, 0x0841, 0x0841, 0x0841, 0x0841, 0x0841, 0x0841, 0x0841, 0x0841, 0x0841,
    0x49C3, 0x72A5, 0xE54A, 0x0841, 0x0841, 0x0841, 0x0841, 0x0841, 0x0841, 0x0841, 0x0841, 0x0841,
    0x0841, 0x0841, 0x0841, 0x0841, 0x0841, 0x0841, 0x0841, 0x0841, 0x0841, 0x0841, 0x0841, 0x0841,
    0x0841, 0x0841, 0x0841, 0x0841, 0x0841, 0x0841, 0x0841, 0x0841, 0x0841, 0x0841, 0x3963, 0xA3C8,
    0xE52A, 0x0841, 0x0841, 0x0841, 0x0841, 0x0841, 0x0841, 0x0841, 0x0841, 0x0841, 0x0841, 0x0841,
    0x0841, 0x0841, 0x0841, 0x0841, 0x0841, 0x0841, 0x0841, 0x0841, 0x0841, 0x0841, 0x0841, 0x0841,
    0x0841, 0x0841, 0x0841, 0x0841, 0x0841, 0x0841, 0x0841, 0x0841, 0xFDCB, 0xEDAB, 0xDD2A, 0x0861,
    0x0841, 0x0841, 0x0841, 0x0841, 0x0841, 0x0841, 0x0841, 0x0841, 0x0841, 0x0841, 0x0841, 0x0841,
    0x0841, 0x0841, 0x0841, 0x0841, 0x0841, 0x0841, 0x0841, 0x0841, 0x0841, 0x0841, 0x0841, 0x0841,
    0x0841, 0x0841, 0x0841, 0x0841, 0x0841, 0x0841, 0xABE8, 0x20C2, 0xFE0C, 0x3963, 0x0000, 0x0861,
    0x0841, 0x0841, 0x0841, 0x0841, 0x0841, 0x0841, 0x0841, 0x0841, 0x0841, 0x0841, 0x0841, 0x0841,
    0x0841, 0x0841, 0x0841, 0x0841, 0x0841, 0x0841, 0x0841, 0x0841, 0x0841, 0x0841, 0x0841, 0x0841,
    0x0841, 0x0841, 0x0841, 0x0841, 0xBC28, 0x0020, 0xFDAB, 0x3943, 0x0000, 0x0861, 0x0841, 0x0841,
    0x0841, 0x0841, 0x0841, 0x0841, 0x0841, 0x0841, 0x0841, 0x0841, 0x0841, 0x0841, 0x0841, 0x0841,
    0x0841, 0x0841, 0x0841, 0x0841, 0x0841, 0x0841, 0x0841, 0x0841, 0x0841, 0x0841, 0x0841, 0x0841,
    0x0841, 0x0841, 0xB428, 0x0041, 0xF58B, 0x9367, 0x1081, 0x0841, 0x0841, 0x0841, 0x0841, 0x0841,
    0x0841, 0x0841, 0x0841, 0x0841, 0x0841, 0x0841, 0x0841, 0x0841, 0x0841, 0x0841, 0x0841, 0x0841,
    0x0841, 0x0841, 0x0841, 0x0841, 0x0841, 0x0841, 0x0841, 0x0841, 0x0841, 0x0841, 0x0841, 0x0841,
    0xB428, 0x0041, 0xED6B, 0xFE8D, 0x8306, 0x0000, 0x0861, 0x0841, 0x0841, 0x0841, 0x0841, 0x0841,
    0x0841, 0x0841, 0x0841, 0x0841, 0x0841, 0x0841, 0x0841, 0x0841, 0x0841, 0x0841, 0x0841, 0x0841,
    0x0841, 0x0841, 0x0841, 0x0841, 0x0841, 0x0841, 0x0841, 0x0841, 0x0841, 0x0841, 0xB428, 0x0041,
    0xED6B, 0xFE4C, 0x9367, 0x0000, 0x0861, 0x0841, 0x0841, 0x0841, 0x0841, 0x0841, 0x0841, 0x0841,
    0x0841, 0x0841, 0x0841, 0x0841, 0x0841, 0x0841, 0x0841, 0x0841, 0x0841, 0x0841, 0x0841, 0x0841,
    0x0841, 0x0841, 0x0841, 0x0841, 0x0841, 0x0841, 0x0841, 0x0841, 0xB428, 0x0041, 0xED6B, 0xFE4D,
    0x8B47, 0x0000, 0x0861, 0x0841, 0x0841, 0x0841, 0x0841, 0x0841, 0x0841, 0x0841, 0x0841, 0x0841,
    0x0841, 0x0841, 0x0841, 0x0841, 0x0841, 0x0841, 0x0841, 0x0841, 0x0841, 0x0841, 0x0841, 0x0841,
    0x0841, 0x0841, 0x0841, 0x0841, 0x0841, 0x0841, 0xB428, 0x0041, 0xED6B, 0xFE4D, 0x9347, 0x0000,
    0x0861, 0x0841, 0x0841, 0x0841, 0x0841, 0x0841, 0x0841, 0x0841, 0x0841, 0x0841, 0x0841, 0x0841,
    0x0841, 0x0841, 0x0841, 0x0841, 0x0841, 0x0841, 0x0841, 0x0841, 0x0841, 0x0841, 0x0841, 0x0841,
    0x0841, 0x0841, 0x0841, 0x0841, 0xB428, 0x0041, 0xED6B, 0xFE4D, 0x9347, 0x0000, 0x0861, 0x0841,
    0x0841, 0x0841, 0x0841, 0x0841, 0x0841, 0x0841, 0x0841, 0x0841, 0x0841, 0x0841, 0x0841, 0x0841,
    0x0841, 0x0841, 0x0841, 0x0841, 0x0841, 0x0841, 0x0841, 0x0841, 0x0841, 0x0841, 0x0841, 0x0841,
    0x0841, 0x0841, 0xB428, 0x0041, 0xED6B, 0xFE4D, 0x9347, 0x0000, 0x0861, 0x0841, 0x0841, 0x0841,
    0x0841, 0x0841, 0x0841, 0x0841, 0x0841, 0x0841, 0x0841, 0x0841, 0x0841, 0x0841, 0x0841, 0x0841,
    0x0841, 0x0841, 0x0841, 0x0841, 0x0841, 0x0841, 0x0841, 0x0841, 0x0841, 0x0841, 0x0841, 0x0841,
    0xB428, 0x0041, 0xED6B, 0xFE4D, 0x9347, 0x0000, 0x0861, 0x0841, 0x0841, 0x0841, 0x0841, 0x0841,
    0x0841, 0x0841, 0x0841, 0x0841, 0x0841, 0x0841, 0x0841, 0x0841, 0x0841, 0x0841, 0x0841, 0x0841,
    0x0841, 0x0841, 0x0841, 0x0841, 0x0841, 0x0841, 0x0841, 0x0841, 0x0841, 0x0841, 0xB428, 0x0041,
    0xED6B, 0xFE4D, 0x9347, 0x0000, 0x0861, 0x0841, 0x0841, 0x0841, 0x0841, 0x0841, 0x0841, 0x0841,
    0x0841, 0x0841, 0x0841, 0x0841, 0x0841, 0x0841, 0x0841, 0x0841, 0x0841, 0x0841, 0x0841, 0x0841,
    0x0841, 0x0841, 0x0841, 0x0841, 0x0841, 0x0841, 0x0841, 0x0841, 0xB428, 0x0041, 0xED6B, 0xFE4D,
    0x9347, 0x0000, 0x0861, 0x0841, 0x0841, 0x0841, 0x0841, 0x0841, 0x0841, 0x0841, 0x0841, 0x0841,
    0x0841, 0x0841, 0x0841, 0x0841, 0x0841, 0x0841, 0x0841, 0x0841, 0x0841, 0x0841, 0x0841, 0x0841,
    0x0841, 0x0841, 0x0841, 0x0841, 0x0841, 0x0841, 0xB428, 0x0041, 0xED6B, 0xFE4D, 0x9347, 0x0000,
    0x0861, 0x0841, 0x0841, 0x0841, 0x0841, 0x0841, 0x0841, 0x0841, 0x0841, 0x0841, 0x0841, 0x0841,
    0x0841, 0x0841, 0x0841, 0x0841, 0x0841, 0x0841, 0x0841, 0x0841, 0x0841, 0x0841, 0x0841, 0x0841,
    0x0841, 0x0841, 0x0841, 0x0841, 0xB428, 0x0041, 0xED6B, 0xFE4D, 0x9347, 0x0000, 0x0861, 0x0841,
    0x0841, 0x0841, 0x0841, 0x0841, 0x0841, 0x0841, 0x0841, 0x0841, 0x0841, 0x0841, 0x0841, 0x0841,
    0x0841, 0x0841, 0x0841, 0x0841, 0x0841, 0x0841, 0x0841, 0x0841, 0x0841, 0x0841, 0x0841, 0x0841,
    0x0841, 0x0841, 0xB428, 0x0841, 0xED6B, 0xFE4C, 0x8306, 0x0000, 0x0861, 0x0841, 0x0841, 0x0841,
    0x0841, 0x0841, 0x0841, 0x0841, 0x0841, 0x0841, 0x0841, 0x0841, 0x0841, 0x0841, 0x0841, 0x0841,
    0x0841, 0x0841, 0x0841, 0x0841, 0x0841, 0x0841, 0x0841, 0x0841, 0x0841, 0x0841, 0x0841, 0x0841,
    0xB428, 0x0000, 0xED6B, 0xFE6D, 0x8B26, 0x0000, 0x0861, 0x0841, 0x0841, 0x0841, 0x0841, 0x0841,
    0x0841, 0x0841, 0x0841, 0x0841, 0x0841, 0x0841, 0x0841, 0x0841, 0x0841, 0x0841, 0x0841, 0x0841,
    0x0841, 0x0841, 0x0841, 0x0841, 0x0841, 0x0841, 0x0841, 0x0841, 0x0841, 0x0841, 0xC469, 0x4183,
    0xED6B, 0xED8B, 0x9B87, 0x0000, 0x0861, 0x0841, 0x0841, 0x0841, 0x0841, 0x0841, 0x0841, 0x0841,
    0x0841, 0x0841, 0x0841, 0x0841, 0x0841, 0x0841, 0x0841, 0x0841, 0x0841, 0x0841, 0x0841, 0x0841,
    0x0841, 0x0841, 0x0841, 0x0841, 0x0841, 0x0841, 0x0841, 0x0841, 0xF5EC, 0xF58B, 0xE52A, 0xCCA9,
    0xBC49, 0x0000, 0x0861, 0x0841, 0x0841, 0x0841, 0x0841, 0x0841, 0x0841, 0x0841, 0x0841, 0x0841,
    0x0841, 0x0841, 0x0841, 0x0841, 0x0841, 0x0841, 0x0841, 0x0841, 0x0841, 0x0841, 0x0841, 0x0841,
    0x0841, 0x0841, 0x0841, 0x0841, 0x0841, 0x0841, 0xAC08, 0x5A04, 0xD4EA, 0x9387, 0xDD0A, 0x0020,
    0x0841, 0x0841, 0x0841, 0x0841, 0x0841, 0x0841, 0x0841, 0x0841, 0x0841, 0x0841, 0x0841, 0x0841,
    0x0841, 0x0841, 0x0841, 0x0841, 0x0841, 0x0841, 0x0841, 0x0841, 0x0841, 0x0841, 0x0841, 0x0841,
    0x0841, 0x0841, 0x0841, 0x0841, 0xA3C8, 0x72A5, 0xC489, 0x5204, 0xFE0C, 0x18C2, 0x0021, 0x0841,
    0x0841, 0x0841, 0x0841, 0x0841, 0x0841, 0x0841, 0x0841, 0x0841, 0x0841, 0x0841, 0x0841, 0x0841,
    0x0841, 0x0841, 0x0841, 0x0841, 0x0841, 0x0841, 0x0841, 0x0841, 0x0841, 0x0841, 0x0841, 0x0841,
    0x0841, 0x0841,
};
static const uint16_t panel_rr_open[] PROGMEM = {
    0xB428, 0x0021, 0xED6B, 0xFE2C, 0x9367, 0x0000, 0x1061, 0x0841, 0x0841, 0x0841, 0x0841, 0x0841,
    0x0841, 0x0841, 0x0841, 0x0841, 0x0841, 0x0841, 0x0841, 0x0841, 0x0841, 0x0841, 0x0841, 0x0841,
    0x0841, 0x0841, 0x0841, 0x0841, 0x0841, 0x0841, 0x0841, 0x0841, 0x0841, 0x0841, 0x7AE6, 0x3143,
    0xED6B, 0xED8B, 0x9367, 0x0000, 0x0040, 0x0020, 0x0841, 0x0841, 0x0841, 0x0841, 0x0841, 0x0841,
    0x0841, 0x0841, 0x0841, 0x0841, 0x0841, 0x0841, 0x0841, 0x0841, 0x0841, 0x0841, 0x0841, 0x0841,
    0x0841, 0x0841, 0x0841, 0x0841, 0x0841, 0x0841, 0x0841, 0x0841, 0xED6B, 0xEDAB, 0xBC69, 0xBAA7,
    0xFAA9, 0xA986, 0x8945, 0x5904, 0x0841, 0x0041, 0x0841, 0x0841, 0x0841, 0x0841, 0x0841, 0x0841,
    0x0841, 0x0841, 0x0841, 0x0841, 0x0841, 0x0841, 0x0841, 0x0841, 0x0841, 0x0841, 0x0841, 0x0841,
    0x0841, 0x0841, 0x0841, 0x0841, 0x0841, 0x0841, 0xB408, 0xBC89, 0xECEA, 0xE1A7, 0xC1A7, 0xEA08,
    0xFA49, 0xFA28, 0xB9C7, 0x2882, 0x0020, 0x0841, 0x0841, 0x0841, 0x0841, 0x0841, 0x0841, 0x0841,
    0x0841, 0x0841, 0x0841, 0x0841, 0x0841, 0x0841, 0x0841, 0x0841, 0x0841, 0x0841, 0x0841, 0x0841,
    0x0841, 0x0841, 0x0841, 0x0841, 0x0000, 0x6285, 0xFBAA, 0xFA08, 0x9986, 0x30A2, 0xD1E7, 0xFA28,
    0xF228, 0xEA28, 0x50E3, 0x0020, 0x0841, 0x0841, 0x0841, 0x0841, 0x0841, 0x0841, 0x0841, 0x0841,
    0x0841, 0x0841, 0x0841, 0x0841, 0x0841, 0x0841, 0x0841, 0x0841, 0x0841, 0x0841, 0x0841, 0x0841,
    0x0841, 0x0841, 0xED8B, 0xFDCB, 0xEC6A, 0xDA08, 0xFA49, 0xB9C7, 0x40C3, 0xB1A6, 0xFA49, 0xF228,
    0xF228, 0x48C3, 0x0041, 0x0841, 0x0841, 0x0841, 0x0841, 0x0841, 0x0841, 0x0841, 0x0841, 0x0841,
    0x0841, 0x0841, 0x0841, 0x0841, 0x0841, 0x0841, 0x0841, 0x0841, 0x0841, 0x0841, 0x0841, 0x0841,
    0x49A3, 0x6AA5, 0xFC0A, 0xE1C8, 0xB9C6, 0xFA28, 0xE208, 0x40C3, 0x8145, 0xFA28, 0xFA28, 0xC9E7,
    0x0041, 0x0841, 0x0841, 0x0841, 0x0841, 0x0841, 0x0841, 0x0841, 0x0841, 0x0841, 0x0841, 0x0841,
    0x0841, 0x0841, 0x0841, 0x0841, 0x0841, 0x0841, 0x0841, 0x0841, 0x0841, 0x0841, 0x3963, 0x9BC8,
    0xF52B, 0xE1E8, 0xD1E7, 0xEA28, 0xFA49, 0xF228, 0x50E3, 0x58E3, 0xF228, 0xFA49, 0x6904, 0x0020,
    0x0841, 0x0841, 0x0841, 0x0841, 0x0841, 0x0841, 0x0841, 0x0841, 0x0841, 0x0841, 0x0841, 0x0841,
    0x0841, 0x0841, 0x0841, 0x0841, 0x0841, 0x0841, 0x0841, 0x0841, 0xFDCB, 0xF5AB, 0xDD2A, 0xB9C7,
    0xFA49, 0xC9E7, 0xA986, 0xFA28, 0xFA49, 0x8945, 0x2082, 0xB1A6, 0xFA69, 0x8145, 0x0020, 0x0041,
    0x0841, 0x0841, 0x0841, 0x0841, 0x0841, 0x0841, 0x0841, 0x0841, 0x0841, 0x0841, 0x0841, 0x0841,
    0x0841, 0x0841, 0x0841, 0x0841, 0x0841, 0x0841, 0xABE8, 0x20C2, 0xFDEC, 0xEAC8, 0xF1E8, 0xF228,
    0xA186, 0xA986, 0xF228, 0xFA49, 0xA186, 0x0841, 0x8145, 0xFA69, 0xB1A6, 0x1041, 0x0020, 0x0841,
    0x0841, 0x0841, 0x0841, 0x0841, 0x0841, 0x0841, 0x0841, 0x0841, 0x0841, 0x0841, 0x0841, 0x0841,
    0x0841, 0x0841, 0x0841, 0x0841, 0xBC28, 0x0021, 0xF58B, 0xFB09, 0xE1E8, 0xEA28, 0xFA49, 0xC9C7,
    0xB1A6, 0xE208, 0xFA49, 0xC9E7, 0x1861, 0x50E3, 0xFA49, 0xD1E7, 0x2882, 0x0020, 0x0841, 0x0841,
    0x0841, 0x0841, 0x0841, 0x0841, 0x0841, 0x0841, 0x0841, 0x0841, 0x0841, 0x0841, 0x0841, 0x0841,
    0x0841, 0x0841, 0xB428, 0x0841, 0xF5AB, 0xFB09, 0xE1A7, 0xC1E7, 0xEA08, 0xF228, 0xD9E7, 0xD1E7,
    0xD9E7, 0xFA28, 0xEA08, 0x38A2, 0x2882, 0xEA08, 0xF228, 0x40C3, 0x0020, 0x0841, 0x0841, 0x0841,
    0x0841, 0x0841, 0x0841, 0x0841, 0x0841, 0x0841, 0x0841, 0x0841, 0x0841, 0x0841, 0x0841, 0x0841,
    0xB428, 0x0021, 0xF58B, 0xFD2B, 0xF2C9, 0xF208, 0xE208, 0xEA28, 0xC9C7, 0xC9C7, 0xEA08, 0xEA08,
    0xF228, 0xFA28, 0x58E3, 0x0841, 0xC1C7, 0xFA49, 0x6904, 0x0020, 0x0841, 0x0841, 0x0841, 0x0841,
    0x0841, 0x0841, 0x0841, 0x0841, 0x0841, 0x0841, 0x0841, 0x0841, 0x0841, 0x0841, 0xB428, 0x0041,
    0xED6B, 0xFE6D, 0x9367, 0x8105, 0xFA69, 0xDA08, 0xEA08, 0xB1A6, 0xA186, 0xF228, 0xF228, 0xEA08,
    0xFA49, 0x8145, 0x0020, 0x9165, 0xFA69, 0x9965, 0x0841, 0x0041, 0x0841, 0x0841, 0x0841, 0x0841,
    0x0841, 0x0841, 0x0841, 0x0841, 0x0841, 0x0841, 0x0841, 0x0841, 0xB428, 0x0041, 0xED6B, 0xFE4D,
    0x8B47, 0x0000, 0x8145, 0xFA49, 0xD1E7, 0xF228, 0xB9A6, 0x7924, 0xDA08, 0xFA49, 0xEA08, 0xFA49,
    0xA986, 0x0020, 0x6904, 0xFA69, 0xB9A6, 0x1861, 0x0020, 0x0841, 0x0841, 0x0841, 0x0841, 0x0841,
    0x0841, 0x0841, 0x0841, 0x0841, 0x0841, 0x0841, 0xB428, 0x0041, 0xED6B, 0xFE4D, 0x9347, 0x0000,
    0x0040, 0x6104, 0xFA28, 0xEA08, 0xFA28, 0xD1E7, 0x58E3, 0xA986, 0xFA49, 0xEA08, 0xFA49, 0xC9C7,
    0x1041, 0x38A2, 0xFA49, 0xE208, 0x30A2, 0x0020, 0x0841, 0x0841, 0x0841, 0x0841, 0x0841, 0x0841,
    0x0841, 0x0841, 0x0841, 0x0841, 0xB428, 0x0041, 0xED6B, 0xFE4D, 0x9347, 0x0000, 0x1061, 0x0020,
    0x40C3, 0xEA08, 0xF228, 0xEA28, 0xEA08, 0x50E3, 0x6904, 0xF228, 0xF228, 0xF228, 0xDA08, 0x2882,
    0x2061, 0xDA08, 0xFA49, 0x50E3, 0x0020, 0x0841, 0x0841, 0x0841, 0x0841, 0x0841, 0x0841, 0x0841,
    0x0841, 0x0841, 0xB428, 0x0041, 0xED6B, 0xFE4D, 0x9347, 0x0000, 0x0861, 0x0841, 0x0020, 0x30A2,
    0xD9E7, 0xF228, 0xE208, 0xFA28, 0x6904, 0x30A2, 0xD1E7, 0xFA49, 0xFA28, 0xEA28, 0x50C3, 0x0820,
    0xB1A6, 0xFA49, 0x7124, 0x0020, 0x0020, 0x0841, 0x0841, 0x0841, 0x0841, 0x0841, 0x0841, 0x0841,
    0xB428, 0x0041, 0xED6B, 0xFE4D, 0x9347, 0x0000, 0x0861, 0x0841, 0x0841, 0x0020, 0x1861, 0xC1C7,
    0xFA28, 0xE208, 0xFA49, 0x9965, 0x1861, 0x60E3, 0xC9E7, 0xFA49, 0xFA28, 0x7124, 0x0020, 0x8945,
    0xFA69, 0xA986, 0x40C3, 0x0841, 0x0020, 0x0841, 0x0841, 0x0841, 0x0841, 0x0841, 0xB428, 0x0041,
    0xED6B, 0xFE4D, 0x9347, 0x0000, 0x0861, 0x0841, 0x0841, 0x0841, 0x0041, 0x0841, 0xA986, 0xFA49,
    0xD9E7, 0xFA28, 0xC1C7, 0x1041, 0x0841, 0xB1A6, 0xFA49, 0xFA49, 0x9165, 0x0000, 0x6904, 0xFA49,
    0xFA28, 0xC9C7, 0x40C3, 0x0020, 0x0841, 0x0841, 0x0841, 0x0841, 0xB428, 0x0041, 0xED6B, 0xFE4D,
    0x9347, 0x0000, 0x0861, 0x0841, 0x0841, 0x0841, 0x0841, 0x0841, 0x0020, 0x8945, 0xFA49, 0xC9E7,
    0xEA08, 0xEA28, 0x40C3, 0x0000, 0x9165, 0xFA49, 0xFA49, 0xB1A6, 0x0020, 0x6104, 0xFA49, 0xF228,
    0xF228, 0x6904, 0x0020, 0x0841, 0x0841, 0x0841, 0xB428, 0x0041, 0xED6B, 0xFE4D, 0x9347, 0x0000,
    0x0861, 0x0841, 0x0841, 0x0841, 0x0841, 0x0841, 0x0841, 0x0020, 0x7124, 0xFA49, 0xC9E7, 0xC9C7,
    0xFA49, 0x7924, 0x0020, 0x58E3, 0xE208, 0xFA49, 0xC9E7, 0x1861, 0x6104, 0xFA49, 0xF228, 0xFA28,
    0x50E3, 0x0020, 0x0841, 0x0841, 0xB428, 0x0041, 0xED6B, 0xFE4D, 0x9347, 0x0000, 0x0861, 0x0841,
    0x0841, 0x0841, 0x0841, 0x0841, 0x0841, 0x0841, 0x0020, 0x50E3, 0xEA28, 0xDA08, 0xA9A6, 0xF228,
    0xB1A6, 0x48C3, 0xC9C7, 0xF228, 0xFA49, 0xE208, 0x2082, 0x48C3, 0xF228, 0xFA49, 0xD1E7, 0x0841,
    0x0841, 0x0841, 0xB428, 0x0841, 0xED6B, 0xFE4C, 0x8306, 0x0000, 0x0861, 0x0841, 0x0841, 0x0841,
    0x0841, 0x0841, 0x0841, 0x0841, 0x0841, 0x0020, 0x2882, 0xD1E7, 0xEA28, 0xA986, 0xDA08, 0xFA49,
    0xF228, 0x9965, 0xB1A6, 0xFA28, 0xEA28, 0x40C3, 0x30A2, 0xD9E7, 0xF228, 0x40C3, 0x0020, 0x0841,
    0xB428, 0x0000, 0xED6B, 0xFE6D, 0x8B26, 0x0000, 0x0861, 0x0841, 0x0841, 0x0841, 0x0841, 0x0841,
    0x0841, 0x0841, 0x0841, 0x0841, 0x0041, 0x1041, 0x9965, 0xEA28, 0xF228, 0xF228, 0xEA28, 0xE208,
    0xD1E7, 0xEA08, 0xF228, 0xFA49, 0x48C3, 0x2882, 0xFA49, 0xA986, 0x0020, 0x0841, 0xC469, 0x4183,
    0xED6B, 0xED8B, 0x9B87, 0x0000, 0x0861, 0x0841, 0x0841, 0x0841, 0x0841, 0x0841, 0x0841, 0x0841,
    0x0841, 0x0841, 0x0841, 0x0841, 0x0020, 0x2882, 0x7924, 0xB9A6, 0xF228, 0xFA49, 0xEA08, 0xD1E7,
    0xEA08, 0xFA28, 0xFA28, 0xEA08, 0xE208, 0x50E3, 0x0041, 0x0841, 0xF5EC, 0xF58B, 0xE52A, 0xCCA9,
    0xBC49, 0x0000, 0x0861, 0x0841, 0x0841, 0x0841, 0x0841, 0x0841, 0x0841, 0x0841, 0x0841, 0x0841,
    0x0841, 0x0841, 0x0841, 0x0041, 0x0020, 0x0041, 0x38A2, 0x8145, 0xB9A6, 0xD1E7, 0xD9E7, 0xD9E7,
    0xC9C7, 0xA186, 0x2082, 0x0020, 0x0841, 0x0841, 0xAC08, 0x5A04, 0xD4EA, 0x9387, 0xDD0A, 0x0020,
    0x0841, 0x0841, 0x0841, 0x0841, 0x0841, 0x0841, 0x0841, 0x0841, 0x0841, 0x0841, 0x0841, 0x0841,
    0x0841, 0x0841, 0x0841, 0x0841, 0x0020, 0x0020, 0x0041, 0x1061, 0x1061, 0x1061, 0x0841, 0x0020,
    0x0041, 0x0841, 0x0841, 0x0841, 0xA3C8, 0x72A5, 0xC489, 0x5204, 0xFE0C, 0x18C2, 0x0021, 0x0841,
    0x0841, 0x0841, 0x0841, 0x0841, 0x0841, 0x0841, 0x0841, 0x0841, 0x0841, 0x0841, 0x0841, 0x0841,
    0x0841, 0x0841, 0x0841, 0x0841, 0x0841, 0x0841, 0x0041, 0x0041, 0x0841, 0x0841, 0x0841, 0x0841,
    0x0841, 0x0841,
};
static const uint16_t panel_trunk_closed[] PROGMEM = {
    0x0000, 0xD4CA, 0xDD2A, 0xCC89, 0xED8B, 0x3143, 0x0000, 0x0000, 0x0841, 0x0861, 0x0841, 0x0841,
    0x0841, 0x0841, 0x0841, 0x0841, 0x0861, 0x0841, 0x0000, 0x0000, 0x0000, 0x0000, 0x0000, 0x0000,
    0x0000, 0x0000, 0x0000, 0x0000, 0x0000, 0x0000, 0x0041, 0x0861, 0x0841, 0x0841, 0x0841, 0x0841,
    0x0841, 0x0841, 0x0861, 0x0841, 0x0000, 0x0000, 0x2922, 0xD50A, 0xD4CA, 0xDD0A, 0xD4EA, 0x0821,
    0x0000, 0x4183, 0xFE2C, 0xCCA9, 0xB449, 0xFE2C, 0xB449, 0x41A3, 0x0841, 0x0000, 0x0000, 0x0841,
    0x0841, 0x0841, 0x0841, 0x0841, 0x0000, 0x0841, 0x3963, 0x49C4, 0x49C4, 0x49C4, 0x49C4, 0x49C4,
    0x49C4, 0x49C4, 0x49C4, 0x49C4, 0x49C4, 0x3983, 0x1061, 0x0000, 0x0841, 0x0841, 0x0841, 0x0841,
    0x0841, 0x0020, 0x0000, 0x0021, 0x3963, 0xA3E8, 0xFE0C, 0xDD2A, 0xE54B, 0xFE0C, 0x5204, 0x0000,
    0x0841, 0x0000, 0x41A3, 0x7AE6, 0x0020, 0x49C4, 0xCCA9, 0xFE0C, 0xE54B, 0xA3E8, 0x41A3, 0x0020,
    0x0841, 0x0841, 0x0841, 0x0020, 0x51E4, 0xE56B, 0xF5CB, 0xED6B, 0xD4EA, 0xDCEA, 0xDCEA, 0xDCEA,
    0xDCEA, 0xDCEA, 0xD4EA, 0xDCEA, 0xED6B, 0xFDCB, 0xEDAB, 0x5A04, 0x0020, 0x0861, 0x0841, 0x0841,
    0x0020, 0x3123, 0x9BC8, 0xD4CA, 0xFE4D, 0xD4EA, 0x49C4, 0x20C2, 0x9387, 0xDCEA, 0x1081, 0x0021,
    0x0841, 0x0861, 0x0000, 0x0000, 0x0841, 0x0000, 0x0000, 0x3143, 0x72A5, 0x72C6, 0x49C4, 0x0020,
    0x0841, 0x0841, 0x0841, 0x0861, 0xC489, 0x93A7, 0x20C2, 0x1061, 0x0021, 0x0021, 0x0021, 0x0021,
    0x0021, 0x0021, 0x0021, 0x0021, 0x1081, 0x20C2, 0xAC28, 0xABE8, 0x0000, 0x0841, 0x0841, 0x0841,
    0x0020, 0x3963, 0x72C6, 0x49A3, 0x49C4, 0x0021, 0x0000, 0x0041, 0x0000, 0x20E2, 0x1081, 0x0841,
    0x0841, 0x0841, 0x0861, 0x0861, 0x0841, 0x0861, 0x0861, 0x0000, 0x0000, 0x0000, 0x0000, 0x0841,
    0x0841, 0x0841, 0x0841, 0x0841, 0x0841, 0x0000, 0x0020, 0x0841, 0x0841, 0x0841, 0x0841, 0x0841,
    0x0841, 0x0841, 0x0841, 0x0841, 0x0841, 0x0020, 0x0000, 0x0021, 0x0841, 0x0841, 0x0841, 0x0841,
    0x0841, 0x0020, 0x0000, 0x0000, 0x0000, 0x0841, 0x0861, 0x0841, 0x0861, 0x0000, 0x0021, 0x0841,
    0x0841, 0x0841, 0x0861, 0x0841, 0x0841, 0x0841, 0x0841, 0x0861, 0x0861, 0x0861, 0x0861, 0x0841,
    0x0841, 0x0841, 0x0841, 0x0841, 0x0841, 0x0861, 0x0841, 0x0841, 0x0841, 0x0841, 0x0841, 0x0841,
    0x0841, 0x0841, 0x0841, 0x0841, 0x0841, 0x0841, 0x0861, 0x0841, 0x0841, 0x0841, 0x0841, 0x0841,
    0x0841, 0x0841, 0x0861, 0x0861, 0x0861, 0x0841, 0x0841, 0x0841, 0x0021, 0x4183, 0x20C2, 0x0021,
    0x0841, 0x0841, 0x0000, 0x0021, 0x0841, 0x0841, 0x0841, 0x0841, 0x0841, 0x0841, 0x0841, 0x0841,
    0x0841, 0x0841, 0x0841, 0x0841, 0x0841, 0x0841, 0x0841, 0x0841, 0x0841, 0x0841, 0x0841, 0x0841,
    0x0841, 0x0841, 0x0841, 0x0841, 0x0841, 0x0841, 0x0841, 0x0841, 0x0841, 0x0841, 0x0841, 0x0841,
    0x0841, 0x0841, 0x0841, 0x0841, 0x0841, 0x0841, 0x0841, 0x0841, 0x0021, 0xD4CA, 0x3943, 0x0000,
    0x0841, 0x0841, 0x7AC6, 0x28E2, 0x0021, 0x0841, 0x0841, 0x0841, 0x0841, 0x0841, 0x0841, 0x0841,
    0x0841, 0x0841, 0x0841, 0x0841, 0x0841, 0x0841, 0x0841, 0x0841, 0x0841, 0x0841, 0x0841, 0x0841,
    0x0841, 0x0841, 0x0841, 0x0841, 0x0841, 0x0841, 0x0841, 0x0841, 0x0841, 0x0841, 0x0841, 0x0841,
    0x0841, 0x0841, 0x0841, 0x0841, 0x0841, 0x0841, 0x0861, 0x0000, 0x49C4, 0xE54A, 0x0861, 0x0841,
    0x0841, 0x0000, 0xE52A, 0x8306, 0x0000, 0x0861, 0x0841, 0x0841, 0x0841, 0x0841, 0x0841, 0x0841,
    0x0841, 0x0841, 0x0841, 0x0841, 0x0841, 0x0841, 0x0841, 0x0841, 0x0841, 0x0841, 0x0841, 0x0841,
    0x0841, 0x0841, 0x0841, 0x0841, 0x0841, 0x0841, 0x0841, 0x0841, 0x0841, 0x0841, 0x0841, 0x0841,
    0x0841, 0x0841, 0x0841, 0x0841, 0x0841, 0x0841, 0x0861, 0x0000, 0x72A5, 0xDD0A, 0x0020, 0x0841,
    0x0861, 0x0000, 0xB408, 0xA3A7, 0x0000, 0x0861, 0x0841, 0x0841, 0x0841, 0x0841, 0x0841, 0x0841,
    0x0841, 0x0841, 0x0841, 0x0841, 0x0841, 0x0841, 0x0841, 0x0841, 0x0841, 0x0841, 0x0841, 0x0841,
    0x0841, 0x0841, 0x0841, 0x0841, 0x0841, 0x0841, 0x0841, 0x0841, 0x0841, 0x0841, 0x0841, 0x0841,
    0x0841, 0x0841, 0x0841, 0x0841, 0x0841, 0x0841, 0x0861, 0x0000, 0x9367, 0xC469, 0x0000, 0x0861,
    0x1061, 0x0000, 0x9367, 0xCCA9, 0x0000, 0x0861, 0x0841, 0x0841, 0x0841, 0x0841, 0x0841, 0x0841,
    0x0841, 0x0841, 0x0841, 0x0841, 0x0841, 0x0841, 0x0841, 0x0841, 0x0841, 0x0841, 0x0841, 0x0841,
    0x0841, 0x0841, 0x0841, 0x0841, 0x0841, 0x0841, 0x0841, 0x0841, 0x0841, 0x0841, 0x0841, 0x0841,
    0x0841, 0x0841, 0x0841, 0x0841, 0x0841, 0x0841, 0x0861, 0x0000, 0xBC29, 0xA3C7, 0x0000, 0x1061,
    0x1081, 0x0000, 0x6A85, 0xD4EA, 0x0000, 0x0841, 0x0841, 0x0841, 0x0841, 0x0841, 0x0841, 0x0841,
    0x0841, 0x0841, 0x0841, 0x0841, 0x0841, 0x0841, 0x0841, 0x0841, 0x0841, 0x0841, 0x0841, 0x0841,
    0x0841, 0x0841, 0x0841, 0x0841, 0x0841, 0x0841, 0x0841, 0x0841, 0x0841, 0x0841, 0x0841, 0x0841,
    0x0841, 0x0841, 0x0841, 0x0841, 0x0841, 0x0841, 0x0841, 0x0000, 0xD4CA, 0x8306, 0x0000, 0x1081,
    0x1061, 0x0000, 0x49C4, 0xED4B, 0x1061, 0x0841, 0x0841, 0x0841, 0x0841, 0x0841, 0x0841, 0x0841,
    0x0841, 0x0841, 0x0841, 0x0841, 0x0841, 0x0841, 0x0841, 0x0841, 0x0841, 0x0841, 0x0841, 0x0841,
    0x0841, 0x0841, 0x0841, 0x0841, 0x0841, 0x0841, 0x0841, 0x0841, 0x0841, 0x0841, 0x0841, 0x0841,
    0x0841, 0x0841, 0x0841, 0x0841, 0x0841, 0x0841, 0x0841, 0x20E2, 0xED6B, 0x5A25, 0x0000, 0x1061,
    0x0841, 0x0020, 0x2902, 0xFDAB, 0x2902, 0x0020, 0x0841, 0x0841, 0x0841, 0x0841, 0x0841, 0x0841,
    0x0841, 0x0841, 0x0841, 0x0841, 0x0841, 0x0841, 0x0841, 0x0841, 0x0841, 0x0841, 0x0841, 0x0841,
    0x0841, 0x0841, 0x0841, 0x0841, 0x0841, 0x0841, 0x0841, 0x0841, 0x0841, 0x0841, 0x0841, 0x0841,
    0x0841, 0x0841, 0x0841, 0x0841, 0x0841, 0x0841, 0x1081, 0xDCEA, 0xFDEC, 0x3963, 0x0000, 0x0861,
    0x0000, 0x0841, 0x1081, 0xF56B, 0x49C4, 0x0000, 0x0861, 0x0841, 0x0841, 0x0841, 0x0841, 0x0841,
    0x0841, 0x0841, 0x0841, 0x0841, 0x0841, 0x0841, 0x0841, 0x0841, 0x0841, 0x0841, 0x0841, 0x0841,
    0x0841, 0x0841, 0x0841, 0x0841, 0x0841, 0x0841, 0x0841, 0x0841, 0x0841, 0x0841, 0x0841, 0x0841,
    0x0841, 0x0841, 0x0841, 0x0841, 0x0861, 0x0000, 0x49C4, 0xFDEC, 0xED6B, 0x18C2, 0x0041, 0x0000,
    0x0000, 0x0861, 0x0000, 0xDD0A, 0x72A5, 0x0000, 0x0861, 0x0841, 0x0841, 0x0841, 0x0841, 0x0841,
    0x0841, 0x0841, 0x0841, 0x0841, 0x0841, 0x0841, 0x0841, 0x0841, 0x0841, 0x0841, 0x0841, 0x0841,
    0x0841, 0x0841, 0x0841, 0x0841, 0x0841, 0x0841, 0x0841, 0x0841, 0x0841, 0x0841, 0x0841, 0x0841,
    0x0841, 0x0841, 0x0841, 0x0841, 0x0861, 0x0000, 0x9347, 0xFE0C, 0xD4EA, 0x0861, 0x0861, 0x0000,
    0x0000, 0x1081, 0x0000, 0xC469, 0x9367, 0x0000, 0x0861, 0x0841, 0x0841, 0x0841, 0x0841, 0x0841,
    0x0841, 0x0841, 0x0841, 0x0841, 0x0841, 0x0841, 0x0841, 0x0841, 0x0841, 0x0841, 0x0841, 0x0841,
    0x0841, 0x0841, 0x0841, 0x0841, 0x0841, 0x0841, 0x0841, 0x0841, 0x0841, 0x0841, 0x0841, 0x0841,
    0x0841, 0x0841, 0x0841, 0x0841, 0x0861, 0x0000, 0xBC49, 0xFDEC, 0xBC49, 0x0020, 0x1081, 0x0000,
    0x20C2, 0x0000, 0x0000, 0xA3C8, 0xB408, 0x0000, 0x1061, 0x0841, 0x0841, 0x0841, 0x0841, 0x0841,
    0x0841, 0x0841, 0x0841, 0x0841, 0x0841, 0x0841, 0x0841, 0x0841, 0x0841, 0x0841, 0x0841, 0x0841,
    0x0841, 0x0841, 0x0841, 0x0841, 0x0841, 0x0841, 0x0841, 0x0841, 0x0841, 0x0841, 0x0841, 0x0841,
    0x0841, 0x0841, 0x0841, 0x0861, 0x0000, 0x51E4, 0xDD0A, 0xBC49, 0xB408, 0x0000, 0x0000, 0x18A2,
    0xF5CB, 0x7AE6, 0x18A1, 0x72A5, 0xED6B, 0x1061, 0x0000, 0x0861, 0x0841, 0x0841, 0x0861, 0x0861,
    0x0841, 0x0841, 0x0841, 0x0841, 0x0841, 0x0841, 0x0841, 0x0841, 0x0841, 0x0841, 0x0841, 0x0841,
    0x0841, 0x0841, 0x0841, 0x0841, 0x0841, 0x0841, 0x0841, 0x0841, 0x0841, 0x0841, 0x0841, 0x0841,
    0x0841, 0x0861, 0x0861, 0x0861, 0x0020, 0x5A24, 0x5A24, 0xCCCA, 0x8306, 0x1081, 0x72A5, 0xE54B,
    0x8B26, 0xFDEC, 0xF5AB, 0xDCEA, 0xFDEC, 0xE58B, 0x8306, 0x0000, 0x0861, 0x0841, 0x0000, 0x0000,
    0x0021, 0x0841, 0x0841, 0x0841, 0x0861, 0x0861, 0x0861, 0x0861, 0x0861, 0x0861, 0x0861, 0x0861,
    0x0861, 0x0861, 0x0861, 0x0861, 0x0861, 0x0861, 0x0861, 0x0861, 0x0841, 0x0841, 0x0841, 0x0021,
    0x0020, 0x0000, 0x0000, 0x0861, 0x0000, 0x7AE6, 0xE56B, 0xFDCC, 0xDD0A, 0xED6B, 0xFE2C, 0xFDEC,
    0xD4CA, 0xF58B, 0xFE0C, 0xFE0C, 0xFDCB, 0xFE0C, 0xFDCC, 0x49C4, 0x0000, 0x1081, 0x6265, 0x3143,
    0x20C2, 0x1081, 0x0841, 0x0020, 0x0000, 0x0000, 0x0000, 0x0000, 0x0000, 0x0000, 0x0000, 0x0000,
    0x0000, 0x0000, 0x0000, 0x0000, 0x0000, 0x0000, 0x0000, 0x0000, 0x0020, 0x0021, 0x1061, 0x20E2,
    0x2902, 0x5204, 0x51E4, 0x0000, 0x4183, 0xED8B, 0xFE0C, 0xFDCB, 0xFE0C, 0xFE0C, 0xFDEC, 0xFDCC,
    0xDD0A, 0xDD0A, 0xE54B, 0xF58B, 0xFDCB, 0xFDCC, 0xFDEC, 0xFE2C, 0x8B26, 0x6A85, 0xFE2C, 0xED6B,
    0xE54A, 0xDD0A, 0xCCA9, 0xC489, 0xB408, 0xA3C8, 0xA3C8, 0x8306, 0x8306, 0x8306, 0x82E6, 0x8306,
    0x8306, 0x82E6, 0x8306, 0x8306, 0x8306, 0xA3C8, 0xA3C8, 0xABE8, 0xC489, 0xC489, 0xDD0A, 0xE54B,
    0xED6B, 0xF5CC, 0xCCA9, 0xABE8, 0xFE0C, 0xFE0C, 0xFDCC, 0xFDCB, 0xF58B, 0xE54B, 0xD4EA, 0xCCA9,
    0xF5AB, 0xED4B, 0xDD0A, 0xD4EA, 0xCCCA, 0xD4CA, 0xD4EA, 0xE54B, 0xF58B, 0xE54B, 0xDD2A, 0xE52A,
    0xE54B, 0xED6B, 0xF58B, 0xF58B, 0xED6B, 0xF5AB, 0xF58B, 0xFDAB, 0xF58B, 0xFE0C, 0xFE4D, 0xF58B,
    0xFDEC, 0xFE6D, 0xFDEC, 0xF5AB, 0xFDAB, 0xF58B, 0xFDAB, 0xF58B, 0xF58B, 0xED6B, 0xED4B, 0xE54B,
    0xE52A, 0xDD2A, 0xDD0A, 0xF58B, 0xE54B, 0xDD0A, 0xD4EA, 0xD4EA, 0xD4EA, 0xD50A, 0xE52A, 0xFDAB,
    0xFDEC, 0xFE4D, 0xFE4D, 0xFE4C, 0xFE0C, 0xFDCC, 0xF58B, 0xED6B, 0xE52A, 0xDD0A, 0xDD0A, 0xDD0A,
    0xDD0A, 0xDD0A, 0xDD0A, 0xDCEA, 0xCCA9, 0xDD0A, 0xDCEA, 0xC469, 0xC469, 0xDD0A, 0xE52A, 0xD4EA,
    0xDD0A, 0xE54A, 0xD4CA, 0xBC49, 0xC489, 0xDCEA, 0xDD0A, 0xCCA9, 0xD4EA, 0xDD0A, 0xDD0A, 0xDCEA,
    0xDD0A, 0xDD2A, 0xDD0A, 0xE52A, 0xED6B, 0xF58B, 0xFDCC, 0xFE0C, 0xFE4C, 0xFE6D, 0xFE4D, 0xFE0C,
};
static const uint16_t panel_trunk_open[] PROGMEM = {
    0x0000, 0xD4CA, 0xE52A, 0xCCC9, 0xED8B, 0x3943, 0x0000, 0x0000, 0x0841, 0x0861, 0x0841, 0x0841,
    0x0841, 0x0841, 0x0841, 0x0841, 0x0861, 0x0841, 0x0000, 0x0000, 0x0000, 0x0000, 0x0000, 0x0000,
    0x0000, 0x0000, 0x0000, 0x0000, 0x0000, 0x0000, 0x0041, 0x0861, 0x0841, 0x0841, 0x0841, 0x0841,
    0x0841, 0x0841, 0x0861, 0x0841, 0x0000, 0x0000, 0x3122, 0xD50A, 0xDCEA, 0xDD0A, 0xD4EA, 0x0821,
    0x0000, 0x4183, 0xF5CC, 0xBC08, 0xC469, 0xF60C, 0xA428, 0x41C4, 0x0861, 0x0000, 0x0020, 0x0841,
    0x0841, 0x0841, 0x0841, 0x0861, 0x0000, 0x0841, 0x3963, 0x49C4, 0x51E4, 0x51E4, 0x51E4, 0x51E4,
    0x51E4, 0x51E4, 0x51E4, 0x51C4, 0x49C4, 0x4183, 0x1061, 0x0000, 0x0861, 0x0841, 0x0841, 0x0041,
    0x0041, 0x0021, 0x0000, 0x0061, 0x39A3, 0x9BE8, 0xF5EB, 0xD4EA, 0xD4CA, 0xFE2C, 0x5204, 0x0000,
    0x0841, 0x0020, 0x99C6, 0xFA89, 0xE1C7, 0xE308, 0xFCCB, 0xFD0B, 0xD469, 0x92E7, 0x3943, 0x0020,
    0x0041, 0x0041, 0x0020, 0x0000, 0x41C4, 0xD52A, 0xE5AB, 0xDD2A, 0xC4C9, 0xC4C9, 0xC4C9, 0xC4C9,
    0xC4C9, 0xC4C9, 0xC4C9, 0xC4C9, 0xDD4A, 0xE58B, 0xE58B, 0x49E4, 0x0000, 0x0020, 0x0020, 0x1061,
    0x1041, 0x28E2, 0x8A86, 0xC3A8, 0xFD0B, 0xFCEB, 0xDB29, 0xE208, 0xFAC9, 0xDB49, 0x10A1, 0x0021,
    0x0041, 0x30A2, 0xF208, 0xC1C7, 0x9165, 0xC186, 0xD187, 0xE9E8, 0xFA69, 0xFAA9, 0xFA69, 0xD1E7,
    0xD9E7, 0xD1E7, 0xB186, 0x9985, 0xFB29, 0xFB8A, 0x91E6, 0x7944, 0x7104, 0x7104, 0x7104, 0x7104,
    0x7104, 0x7104, 0x7104, 0x7104, 0x8145, 0x91C5, 0xFBEA, 0xFB09, 0x9965, 0xA986, 0xC9C7, 0xE208,
    0xEA08, 0xFA48, 0xFA89, 0xFA29, 0xEA08, 0xD1A7, 0xC187, 0x9965, 0xC9A7, 0xE208, 0x1881, 0x0041,
    0x0041, 0x30A2, 0xFA49, 0x58E3, 0x0000, 0x0041, 0x1061, 0x2882, 0x30A2, 0x48C3, 0x6904, 0x7945,
    0x8145, 0xA186, 0xA186, 0xB9A6, 0xB986, 0xB166, 0xC1A7, 0xC1C7, 0xC9C7, 0xC9C7, 0xC9C7, 0xC9C7,
    0xC9C7, 0xC9C7, 0xC9C7, 0xC9C7, 0xC1C7, 0xC1A7, 0xB166, 0xB186, 0xA986, 0xA186, 0xA186, 0x8945,
    0x7924, 0x7104, 0x48C3, 0x38A2, 0x28A2, 0x1061, 0x0841, 0x0000, 0x58E3, 0xF228, 0x1041, 0x0041,
    0x0041, 0x1861, 0xEA28, 0x9985, 0x0020, 0x0841, 0x0841, 0x0041, 0x0041, 0x0020, 0x0020, 0x0020,
    0x0020, 0x0020, 0x0020, 0x0020, 0x0041, 0x0041, 0x0040, 0x0020, 0x0020, 0x0020, 0x0020, 0x0020,
    0x0020, 0x0020, 0x0020, 0x0020, 0x0020, 0x0040, 0x0041, 0x0041, 0x0020, 0x0020, 0x0020, 0x0020,
    0x0020, 0x0020, 0x0020, 0x0020, 0x0041, 0x0041, 0x0841, 0x0020, 0x9145, 0xF268, 0x20A2, 0x0021,
    0x0841, 0x0020, 0x9945, 0xE208, 0x0841, 0x0841, 0x0841, 0x0841, 0x0841, 0x0841, 0x0841, 0x0841,
    0x0841, 0x0841, 0x0841, 0x0841, 0x0841, 0x0841, 0x0841, 0x0841, 0x0841, 0x0841, 0x0841, 0x0841,
    0x0841, 0x0841, 0x0841, 0x0841, 0x0841, 0x0841, 0x0841, 0x0841, 0x0841, 0x0841, 0x0841, 0x0841,
    0x0841, 0x0841, 0x0841, 0x0841, 0x0841, 0x0841, 0x0841, 0x0841, 0xC9A7, 0xF309, 0x2922, 0x0000,
    0x0841, 0x0041, 0xA2C7, 0xFA49, 0x30A2, 0x0020, 0x0841, 0x0841, 0x0841, 0x0841, 0x0841, 0x0841,
    0x0841, 0x0841, 0x0841, 0x0841, 0x0841, 0x0841, 0x0841, 0x0841, 0x0841, 0x0841, 0x0841, 0x0841,
    0x0841, 0x0841, 0x0841, 0x0841, 0x0841, 0x0841, 0x0841, 0x0841, 0x0841, 0x0841, 0x0841, 0x0841,
    0x0841, 0x0841, 0x0841, 0x0841, 0x0841, 0x0841, 0x0041, 0x30A2, 0xF208, 0xDB89, 0x10A1, 0x0821,
    0x0841, 0x0020, 0xC469, 0xFAE9, 0x7104, 0x0020, 0x1061, 0x0841, 0x0841, 0x0841, 0x0841, 0x0841,
    0x0841, 0x0841, 0x0841, 0x0841, 0x0841, 0x0841, 0x0841, 0x0841, 0x0841, 0x0841, 0x0841, 0x0841,
    0x0841, 0x0841, 0x0841, 0x0841, 0x0841, 0x0841, 0x0841, 0x0841, 0x0841, 0x0841, 0x0841, 0x0841,
    0x0841, 0x0841, 0x0841, 0x0841, 0x0841, 0x1061, 0x0020, 0x6904, 0xFAC9, 0xC469, 0x0021, 0x0841,
    0x0861, 0x0000, 0xA3E8, 0xFBEA, 0xB966, 0x0020, 0x0020, 0x0020, 0x0020, 0x0020, 0x0020, 0x0020,
    0x0020, 0x0020, 0x0020, 0x0020, 0x0020, 0x0020, 0x0020, 0x0020, 0x0020, 0x0041, 0x0041, 0x0841,
    0x0841, 0x0041, 0x0041, 0x0041, 0x0020, 0x0020, 0x0020, 0x0020, 0x0020, 0x0020, 0x0020, 0x0020,
    0x0020, 0x0020, 0x0020, 0x0020, 0x0020, 0x0020, 0x0020, 0xB166, 0xFB8A, 0xAC28, 0x0000, 0x0861,
    0x1061, 0x0000, 0x8346, 0xFCCB, 0xE1C8, 0x5904, 0x6104, 0x7924, 0x7124, 0x8945, 0x9965, 0x9965,
    0x9965, 0x9965, 0xA9A6, 0xB9A6, 0xB9A6, 0xB9A6, 0xB9A6, 0xB9A6, 0xB9A6, 0xD1E7, 0xC9C7, 0xC1C7,
    0xC1C7, 0xC9C7, 0xD1E7, 0xD1E7, 0xB9A6, 0xB1A6, 0xB9A6, 0xB9A6, 0xB9A6, 0xB1A6, 0x9965, 0x9965,
    0x9965, 0x9965, 0x9165, 0x7924, 0x7124, 0x6104, 0x5903, 0xE1A7, 0xFCAB, 0x93A7, 0x0000, 0x1061,
    0x1081, 0x0000, 0x6285, 0xF52B, 0xE9E8, 0xDA07, 0xC9C7, 0xB1A6, 0xA986, 0xB1A6, 0xB1A6, 0x9165,
    0x8965, 0x9165, 0x7124, 0x6104, 0x6104, 0x6104, 0x6104, 0x6104, 0x6904, 0x58E3, 0xA186, 0xFA49,
    0xFA69, 0xB1A6, 0x58E3, 0x6104, 0x6104, 0x6104, 0x6104, 0x6904, 0x6104, 0x7924, 0x9165, 0x8965,
    0x9165, 0xA9A6, 0xB1A6, 0xA986, 0xB1A6, 0xC1C7, 0xDA07, 0xE9E8, 0xFD2B, 0x72E6, 0x0000, 0x1081,
    0x1061, 0x0000, 0x49C4, 0xF56B, 0xEA28, 0xA186, 0x0020, 0x0020, 0x0000, 0x0000, 0x0000, 0x0000,
    0x0000, 0x0000, 0x0000, 0x0020, 0x0020, 0x0020, 0x0020, 0x0020, 0x0020, 0x0000, 0xB9A6, 0x8945,
    0x7924, 0xC9C7, 0x0020, 0x0020, 0x0020, 0x0020, 0x0020, 0x0020, 0x0020, 0x0000, 0x0000, 0x0000,
    0x0000, 0x0000, 0x0000, 0x0000, 0x0020, 0x0020, 0xA186, 0xDA07, 0xED6B, 0x5A24, 0x0000, 0x1061,
    0x0841, 0x0020, 0x3102, 0xED8B, 0xAA06, 0xFA08, 0xD1E7, 0xD9E7, 0xD1E7, 0xC1C7, 0xA9A6, 0x9965,
    0x9165, 0x7924, 0x50E3, 0x1861, 0x0841, 0x0841, 0x0841, 0x0841, 0x0841, 0x0041, 0xD1E7, 0x7124,
    0x50E3, 0xEA08, 0x1061, 0x0841, 0x0841, 0x0841, 0x0841, 0x0841, 0x1861, 0x50E3, 0x7124, 0x9165,
    0x9965, 0xA186, 0xB9A6, 0xC9C7, 0xDA08, 0xDA07, 0xF1E8, 0xE329, 0xFDEC, 0x3963, 0x0000, 0x0861,
    0x0000, 0x0841, 0x1081, 0xE54A, 0x9246, 0xFA08, 0x9165, 0x58E3, 0x8145, 0xA186, 0xA986, 0xB1A6,
    0xC9C7, 0xD1E7, 0xFA49, 0xA986, 0x0020, 0x0841, 0x0841, 0x0841, 0x0841, 0x0020, 0x6104, 0xE208,
    0xE208, 0x7124, 0x0020, 0x0841, 0x0841, 0x0841, 0x0841, 0x0020, 0x9165, 0xFA49, 0xC9E7, 0xC1C7,
    0xB1A6, 0xA986, 0xA186, 0x8945, 0x6904, 0x8145, 0xF208, 0xF48A, 0xEDAB, 0x18A2, 0x0041, 0x0000,
    0x0000, 0x0861, 0x0020, 0xDD0A, 0x6A85, 0xB166, 0xA186, 0x0000, 0x0020, 0x0020, 0x0020, 0x0020,
    0x0020, 0x58E3, 0xFA49, 0xA186, 0x0020, 0x0841, 0x0841, 0x0841, 0x0841, 0x0841, 0x0041, 0x0841,
    0x0841, 0x0041, 0x0841, 0x0841, 0x0841, 0x0841, 0x0841, 0x0020, 0x8945, 0xFA49, 0x6904, 0x0041,
    0x0020, 0x0020, 0x0020, 0x0020, 0x0000, 0x8125, 0xFAC9, 0xF5AB, 0xDD0A, 0x0861, 0x0861, 0x0000,
    0x0000, 0x1081, 0x0000, 0xC469, 0x8346, 0x70C4, 0xFA49, 0xD1E7, 0xD9E7, 0xD9E7, 0xD9E7, 0xD9E7,
    0xE208, 0xFA49, 0xA986, 0x1061, 0x0841, 0x0841, 0x0841, 0x0841, 0x0841, 0x0841, 0x0841, 0x0841,
    0x0841, 0x0841, 0x0841, 0x0841, 0x0841, 0x0841, 0x0841, 0x0841, 0x1061, 0xA186, 0xFA49, 0xEA08,
    0xD9E7, 0xD9E7, 0xD9E7, 0xD9E7, 0xDA07, 0xE9C8, 0xF3AA, 0xF5CB, 0xBC49, 0x0020, 0x1081, 0x0000,
    0x20C2, 0x0000, 0x0000, 0xA3C8, 0xA408, 0x58A3, 0xFA69, 0x9165, 0x58E3, 0x6104, 0x6104, 0x6104,
    0x6104, 0x38A2, 0x0041, 0x0041, 0x0841, 0x0841, 0x0841, 0x0841, 0x0841, 0x0841, 0x0841, 0x0841,
    0x0841, 0x0841, 0x0841, 0x0841, 0x0841, 0x0841, 0x0841, 0x0841, 0x0841, 0x0020, 0x38A2, 0x6104,
    0x6104, 0x6104, 0x6104, 0x58E3, 0x8965, 0xFA29, 0xD389, 0xBC89, 0xB408, 0x0000, 0x0000, 0x18A2,
    0xF5CB, 0x7AE6, 0x18A1, 0x72A6, 0xE56B, 0x2082, 0xEA08, 0x8965, 0x0000, 0x0020, 0x0000, 0x0000,
    0x0000, 0x0020, 0x0041, 0x0041, 0x0041, 0x0041, 0x0041, 0x0041, 0x0041, 0x0041, 0x0041, 0x0041,
    0x0041, 0x0041, 0x0041, 0x0041, 0x0041, 0x0041, 0x0041, 0x0041, 0x0041, 0x0041, 0x0020, 0x0000,
    0x0000, 0x0000, 0x0020, 0x0000, 0x7124, 0xF269, 0x49A4, 0xD4EA, 0x8306, 0x1081, 0x72A5, 0xE54B,
    0x8B26, 0xFDEC, 0xF5AB, 0xDCEA, 0xFDEC, 0xE56A, 0xEB69, 0xE1A7, 0x50E3, 0x48E3, 0x48C3, 0x48C3,
    0x48C3, 0x48C3, 0x30A2, 0x30A2, 0x30A2, 0x30A2, 0x30A2, 0x30A2, 0x30A2, 0x30A2, 0x30A2, 0x30A2,
    0x30A2, 0x30A2, 0x30A2, 0x30A2, 0x30A2, 0x30A2, 0x30A2, 0x30A2, 0x30A2, 0x30A2, 0x38A2, 0x50C3,
    0x48C3, 0x48C3, 0x48E3, 0x48E3, 0xD1A7, 0xF349, 0xE56A, 0xFDCC, 0xDD0A, 0xED6B, 0xFE2C, 0xFDEC,
    0xD4CA, 0xF58B, 0xFE0C, 0xFE0C, 0xFDCC, 0xFE0C, 0xFD4B, 0xEA68, 0xF208, 0xFA08, 0xFA29, 0xFA69,
    0xFA69, 0xFA49, 0xE208, 0xE1E7, 0xD9C7, 0xD9A7, 0xD1A7, 0xD1A7, 0xE1C7, 0xE1C8, 0xE1C8, 0xE1C7,
    0xE1C8, 0xE1C7, 0xD1A7, 0xD1A7, 0xD1A7, 0xD1A7, 0xD9A7, 0xD9C7, 0xE1E8, 0xE1E8, 0xF248, 0xFA69,
    0xFA69, 0xFA49, 0xFA29, 0xF208, 0xEA48, 0xFCEB, 0xFE2C, 0xFDCC, 0xFE0C, 0xFE0C, 0xFDEC, 0xFDCC,
    0xDD0A, 0xDD0A, 0xE54B, 0xF58B, 0xFDCB, 0xFDCC, 0xFDEC, 0xFE0C, 0xB388, 0xB287, 0xECAA, 0xED2B,
    0xED2B, 0xF54B, 0xE4CA, 0xDCCA, 0xCC29, 0xBC08, 0xBBE8, 0x9B27, 0xB368, 0xB368, 0xB368, 0xBB88,
    0xBB68, 0xAB47, 0x9B27, 0x9B27, 0x9B27, 0xBBE8, 0xBC08, 0xC429, 0xDCCA, 0xDCAA, 0xF54B, 0xED2B,
    0xED2B, 0xE4CA, 0xC328, 0xCC29, 0xFDEC, 0xFDEC, 0xFDCC, 0xFDCB, 0xF58B, 0xE54B, 0xD4EA, 0xCCA9,
    0xF5AB, 0xED4B, 0xDD0A, 0xD4EA, 0xCCCA, 0xD4CA, 0xD4EA, 0xE54B, 0xED6B, 0xDD6A, 0xE56B, 0xE52A,
    0xE56B, 0xE56B, 0xED6B, 0xED8B, 0xE56B, 0xF58B, 0xED6B, 0xF5AB, 0xED8B, 0xFDEC, 0xFE4C, 0xED8B,
    0xF5CB, 0xFE4C, 0xFDCC, 0xF58B, 0xF58B, 0xED6B, 0xF5AB, 0xED6B, 0xED6B, 0xED6B, 0xE54A, 0xE54B,
    0xE54A, 0xE56B, 0xDD4A, 0xED8B, 0xE56B, 0xDD2A, 0xD4EA, 0xD4EA, 0xD4EA, 0xD50A, 0xE52A, 0xFDAB,
    0xFDEC, 0xFE4D, 0xFE4D, 0xFE4C, 0xFE0C, 0xFDCC, 0xF58B, 0xED6B, 0xE52A, 0xDD0A, 0xDCEA, 0xDD0A,
    0xDD0A, 0xDD0A, 0xDD0A, 0xDD0A, 0xCCA9, 0xDD0A, 0xDCEA, 0xC469, 0xC469, 0xE52A, 0xE52A, 0xDCEA,
    0xDD0A, 0xE54B, 0xD4CA, 0xC449, 0xCC89, 0xDCEA, 0xDD0A, 0xCCA9, 0xDCEA, 0xDD0A, 0xDD0A, 0xDCEA,
    0xDD0A, 0xDD0A, 0xDD0A, 0xE52A, 0xED6B, 0xF58B, 0xFDCC, 0xFE0C, 0xFE4C, 0xFE6D, 0xFE4D, 0xFE0C,
};

static const PanelSprite PANELS[6] = {
    {  35,   1,  58,  50, panel_bonnet_closed, panel_bonnet_open },  // bonnet
    {   0,  49,  37,  35, panel_fl_closed, panel_fl_open },  // fl
    {  91,  49,  37,  35, panel_fr_closed, panel_fr_open },  // fr
    {   4,  84,  34,  29, panel_rl_closed, panel_rl_open },  // rl
    {  90,  84,  34,  29, panel_rr_closed, panel_rr_open },  // rr
    {  40, 134,  48,  24, panel_trunk_closed, panel_trunk_open },  // trunk
};

// --- kontrolki 26x26 ---
static const uint16_t telltale_abs_lit[] PROGMEM = {
    0x0000, 0x0000, 0x0000, 0x0000, 0x0000, 0x0000, 0x0000, 0x0000, 0x0000, 0x0000, 0x0000, 0x0000,
    0x0000, 0x0000, 0x0000, 0x0000, 0x0000, 0x0000, 0x0000, 0x0000, 0x0000, 0x0000, 0x0000, 0x0000,
    0x0000, 0x0000, 0x0000, 0x0000, 0x0000, 0x0000, 0x0000, 0x0000, 0x0000, 0x0000, 0x0000, 0x0000,
    0x0000, 0x0000, 0x0000, 0x0000, 0x0000, 0x0000, 0x0000, 0x0000, 0x0000, 0x0000, 0x0000, 0x0000,
    0x0000, 0x0000, 0x0000, 0x0000, 0x0000, 0x0000, 0x0000, 0x0000, 0x0000, 0x0000, 0x0000, 0x0000,
    0x0000, 0x0000, 0x0020, 0x0820, 0x0820, 0x0820, 0x0820, 0x0020, 0x0020, 0x0000, 0x0000, 0x0000,
    0x0000, 0x0000, 0x0000, 0x0000, 0x0000, 0x0000, 0x0000, 0x0000, 0x0000, 0x0000, 0x0020, 0x0820,
    0x0820, 0x0820, 0x0820, 0x1040, 0x1860, 0x1880, 0x1880, 0x1880, 0x1880, 0x1880, 0x1060, 0x0840,
    0x0820, 0x0820, 0x0820, 0x0020, 0x0000, 0x0000, 0x0000, 0x0000, 0x0000, 0x0000, 0x0000, 0x0820,
    0x1060, 0x1040, 0x1060, 0x1860, 0x2080, 0x2080, 0x2080, 0x28C0, 0x3900, 0x3900, 0x30E0, 0x28A0,
    0x2080, 0x20A0, 0x1880, 0x1860, 0x1040, 0x1060, 0x1040, 0x0020, 0x0000, 0x0000, 0x0000, 0x0000,
    0x0820, 0x1860, 0x20A0, 0x5182, 0x38E0, 0x30E0, 0x28A0, 0x4941, 0x9B04, 0xD466, 0xECE7, 0xECE7,
    0xE4C7, 0xBBE5, 0x6A02, 0x30C0, 0x30E0, 0x30C0, 0x4961, 0x3901, 0x1880, 0x1040, 0x0020, 0x0000,
    0x0000, 0x0020, 0x1860, 0x2080, 0x61C2, 0xF548, 0xAB65, 0x4100, 0x8AA3, 0xF507, 0xECE7, 0xB384,
    0x92E4, 0x8AC3, 0xA324, 0xD446, 0xFD27, 0xC405, 0x5981, 0x61C1, 0xF528, 0xBBC5, 0x30C0, 0x2080,
    0x0820, 0x0000, 0x0000, 0x0840, 0x20A0, 0x3900, 0xDC66, 0xFD67, 0x9AC3, 0xAB64, 0xFD88, 0xA324,
    0x4120, 0x28A0, 0x28A0, 0x28C0, 0x28A0, 0x38E0, 0x69E2, 0xE4C7, 0xED07, 0x8242, 0xDC66, 0xFDA8,
    0x8263, 0x2080, 0x1860, 0x0020, 0x0020, 0x1860, 0x28A0, 0x92C3, 0xFDA7, 0xB343, 0x92C2, 0xFDA9,
    0x92C3, 0x4100, 0x3900, 0x28E0, 0x28C0, 0x28C0, 0x28E0, 0x3900, 0x4100, 0x59A1, 0xE4C7, 0xE4A6,
    0x8A62, 0xF527, 0xDC86, 0x3900, 0x2080, 0x0840, 0x0820, 0x1880, 0x4100, 0xDC86, 0xF527, 0x7A21,
    0xECE6, 0xBBA4, 0x4940, 0x4120, 0x3900, 0x30E0, 0x2080, 0x2080, 0x28C0, 0x3900, 0x4120, 0x4920,
    0x7201, 0xFD68, 0xA323, 0xBB84, 0xFD87, 0x7A42, 0x20A0, 0x1060, 0x1040, 0x2080, 0x59A1, 0xFD67,
    0xD425, 0xA303, 0xFD27, 0x69E1, 0x4960, 0xB3A5, 0x7A63, 0x4940, 0xAB65, 0xBBC5, 0x8283, 0x59A1,
    0xC3E6, 0xC3E6, 0x61A1, 0xC3C4, 0xE4A6, 0x8A82, 0xFD87, 0xB384, 0x28C0, 0x1860, 0x1060, 0x2080,
    0x7A42, 0xFDA7, 0xB363, 0xCC05, 0xD445, 0x5160, 0x61C1, 0xF528, 0xB3A5, 0x69C1, 0xDC86, 0x92A2,
    0xCC26, 0xBBC5, 0xB384, 0xA324, 0x8AA3, 0x8262, 0xFD27, 0x9282, 0xFD27, 0xD466, 0x30E0, 0x1880,
    0x1860, 0x28A0, 0x92C3, 0xFDA8, 0xAB23, 0xE485, 0xBBC4, 0x4940, 0x8AA3, 0xB384, 0xB3A5, 0x8262,
    0xDCA7, 0xBBC4, 0xB384, 0x8AC3, 0xE4C7, 0x92C3, 0x5980, 0x7A21, 0xFD27, 0xA2E2, 0xECC6, 0xE4A6,
    0x38E0, 0x1880, 0x1860, 0x28A0, 0x92E3, 0xFDC8, 0xAB23, 0xDC85, 0xC3E4, 0x4920, 0xB364, 0xC3C4,
    0xD425, 0x92C2, 0xDC86, 0xB383, 0xCC05, 0x61C1, 0x8AA3, 0xE4E7, 0x92C3, 0x71E1, 0xFD27, 0xA302,
    0xECC6, 0xE4A6, 0x38E0, 0x1880, 0x1060, 0x28A0, 0x82A3, 0xFDC8, 0xB363, 0xCC04, 0xD445, 0x5160,
    0xD446, 0xBBA4, 0xDC66, 0xB384, 0xD446, 0x92A2, 0xD466, 0xB3A5, 0x92A2, 0xAB64, 0xB384, 0x8262,
    0xFD27, 0x9282, 0xF506, 0xD446, 0x30E0, 0x1880, 0x1040, 0x20A0, 0x69E2, 0xFD67, 0xCBE4, 0xA303,
    0xF507, 0x7201, 0xB385, 0x5140, 0x7A63, 0x92E4, 0xA344, 0xC426, 0x8AC3, 0x61A1, 0xBBE5, 0xBBE5,
    0x7201, 0xBBC4, 0xE4C6, 0x8A82, 0xFD67, 0xB385, 0x30C0, 0x1880, 0x0840, 0x20A0, 0x4120, 0xE486,
    0xF506, 0x8A61, 0xFD27, 0xBBA4, 0x5140, 0x51A1, 0x3900, 0x30C0, 0x28C0, 0x30C0, 0x30C0, 0x30E0,
    0x38E0, 0x4920, 0x71E1, 0xFD68, 0xAB63, 0xB363, 0xFD87, 0x7A62, 0x20A0, 0x1060, 0x0020, 0x1880,
    0x28A0, 0x92E4, 0xFDA7, 0xB384, 0xA303, 0xFDA8, 0x92C3, 0x4100, 0x3900, 0x30E0, 0x28C0, 0x28C0,
    0x28E0, 0x3100, 0x3900, 0x4940, 0xDC66, 0xE4C6, 0x8A62, 0xF526, 0xE4A6, 0x4120, 0x20A0, 0x0840,
    0x0000, 0x1040, 0x20A0, 0x4121, 0xE4C7, 0xFD67, 0x92A2, 0xBBC5, 0xFD88, 0x92E3, 0x3900, 0x30C0,
    0x28C0, 0x28C0, 0x28C0, 0x38E0, 0x61A1, 0xD465, 0xECE6, 0x8242, 0xD445, 0xFDA8, 0x8AA3, 0x28A0,
    0x1880, 0x0820, 0x0000, 0x0020, 0x1860, 0x28A0, 0x7222, 0xFD88, 0xBBA5, 0x5140, 0x9B03, 0xFD27,
    0xE4A6, 0xA344, 0x8263, 0x7A42, 0x92E3, 0xCC26, 0xFD68, 0xD466, 0x59A1, 0x61C1, 0xFD68, 0xC3E6,
    0x30C0, 0x2080, 0x0840, 0x0000, 0x0000, 0x0000, 0x0820, 0x1880, 0x28A0, 0x69E2, 0x4940, 0x3900,
    0x30C0, 0x5181, 0xAB65, 0xE4A7, 0xF4E7, 0xF4E7, 0xECC7, 0xCC26, 0x8283, 0x38E0, 0x30E0, 0x30C0,
    0x59A2, 0x4121, 0x2080, 0x1040, 0x0020, 0x0000, 0x0000, 0x0000, 0x0020, 0x0820, 0x1860, 0x1840,
    0x1880, 0x1880, 0x2080, 0x20A0, 0x28A0, 0x38E0, 0x4941, 0x4941, 0x3900, 0x28A0, 0x2080, 0x20A0,
    0x1880, 0x1860, 0x1040, 0x1040, 0x1040, 0x0820, 0x0000, 0x0000, 0x0000, 0x0000, 0x0000, 0x0000,
    0x0020, 0x0840, 0x0820, 0x0820, 0x1040, 0x1860, 0x2080, 0x20A0, 0x28A0, 0x20A0, 0x2080, 0x2080,
    0x1880, 0x1060, 0x1040, 0x0820, 0x0820, 0x0820, 0x0000, 0x0000, 0x0000, 0x0000, 0x0000, 0x0000,
    0x0000, 0x0000, 0x0000, 0x0000, 0x0020, 0x0820, 0x1040, 0x1060, 0x1860, 0x1880, 0x2080, 0x1880,
    0x1880, 0x1860, 0x1060, 0x1040, 0x1040, 0x0840, 0x0020, 0x0000, 0x0000, 0x0000, 0x0000, 0x0000,
    0x0000, 0x0000, 0x0000, 0x0000, 0x0000, 0x0000, 0x0820, 0x1060, 0x1880, 0x2080, 0x2080, 0x28A0,
    0x3901, 0x4141, 0x30E0, 0x28A0, 0x20A0, 0x4121, 0x28A0, 0x1060, 0x0840, 0x0000, 0x0000, 0x0000,
    0x0000, 0x0000, 0x0000, 0x0000, 0x0000, 0x0000, 0x0000, 0x0020, 0x1060, 0x1840, 0x7A84, 0x82A4,
    0x2060, 0x6A02, 0xB3A6, 0xA345, 0xAB86, 0x4940, 0x92E4, 0x9B05, 0x9B26, 0x30E1, 0x1040, 0x0020,
    0x0000, 0x0000, 0x0000, 0x0000,
};
static const uint16_t telltale_abs_off[] PROGMEM = {
    0x0000, 0x0000, 0x0000, 0x0000, 0x0000, 0x0000, 0x0000, 0x0000, 0x0000, 0x0000, 0x0000, 0x0000,
    0x0000, 0x0000, 0x0000, 0x0000, 0x0000, 0x0000, 0x0000, 0x0000, 0x0000, 0x0000, 0x0000, 0x0000,
    0x0000, 0x0000, 0x0000, 0x0000, 0x0000, 0x0000, 0x0000, 0x0000, 0x0000, 0x0000, 0x0000, 0x0000,
    0x0000, 0x0000, 0x0000, 0x0000, 0x0000, 0x0000, 0x0000, 0x0000, 0x0000, 0x0000, 0x0000, 0x0000,
    0x0000, 0x0000, 0x0000, 0x0000, 0x0000, 0x0000, 0x0000, 0x0000, 0x0000, 0x0000, 0x0000, 0x0000,
    0x0000, 0x0000, 0x0000, 0x0000, 0x0000, 0x0000, 0x0000, 0x0000, 0x0000, 0x0000, 0x0000, 0x0000,
    0x0000, 0x0000, 0x0000, 0x0000, 0x0000, 0x0000, 0x0000, 0x0000, 0x0000, 0x0000, 0x0000, 0x0000,
    0x0000, 0x0000, 0x0000, 0x0000, 0x0020, 0x0020, 0x0020, 0x0020, 0x0020, 0x0020, 0x0000, 0x0000,
    0x0000, 0x0000, 0x0000, 0x0000, 0x0000, 0x0000, 0x0000, 0x0000, 0x0000, 0x0000, 0x0000, 0x0000,
    0x0000, 0x0000, 0x0000, 0x0020, 0x0020, 0x0020, 0x0020, 0x0820, 0x0840, 0x0840, 0x0840, 0x0820,
    0x0020, 0x0020, 0x0020, 0x0020, 0x0000, 0x0000, 0x0000, 0x0000, 0x0000, 0x0000, 0x0000, 0x0000,
    0x0000, 0x0020, 0x0820, 0x1061, 0x0840, 0x0840, 0x0820, 0x1061, 0x20E2, 0x3143, 0x3964, 0x3964,
    0x3164, 0x2923, 0x1881, 0x0820, 0x0840, 0x0820, 0x1061, 0x0840, 0x0020, 0x0000, 0x0000, 0x0000,
    0x0000, 0x0000, 0x0020, 0x0020, 0x1081, 0x3984, 0x2902, 0x0840, 0x20C2, 0x3964, 0x3964, 0x2902,
    0x20C2, 0x20C2, 0x20E2, 0x3123, 0x3984, 0x2923, 0x1061, 0x1081, 0x3984, 0x2903, 0x0820, 0x0020,
    0x0000, 0x0000, 0x0000, 0x0000, 0x0820, 0x0840, 0x3143, 0x3984, 0x20C2, 0x2902, 0x3984, 0x20E2,
    0x0840, 0x0820, 0x0820, 0x0820, 0x0820, 0x0840, 0x1881, 0x3163, 0x3964, 0x18A1, 0x3143, 0x39A4,
    0x18A2, 0x0020, 0x0020, 0x0000, 0x0000, 0x0020, 0x0820, 0x20C2, 0x3984, 0x28E2, 0x20C2, 0x39A4,
    0x20C2, 0x0840, 0x0840, 0x0840, 0x0820, 0x0820, 0x0840, 0x0840, 0x0840, 0x1061, 0x3163, 0x3143,
    0x18A1, 0x3984, 0x3143, 0x0840, 0x0020, 0x0000, 0x0000, 0x0020, 0x0840, 0x3143, 0x3984, 0x18A1,
    0x3963, 0x2903, 0x1060, 0x0840, 0x0840, 0x0840, 0x0820, 0x0820, 0x0820, 0x0840, 0x0840, 0x1040,
    0x1881, 0x3984, 0x20E2, 0x2902, 0x3984, 0x18A1, 0x0820, 0x0000, 0x0000, 0x0020, 0x1081, 0x3984,
    0x3123, 0x20E2, 0x3984, 0x1881, 0x1061, 0x2903, 0x18A1, 0x1040, 0x2902, 0x2903, 0x18A1, 0x1061,
    0x2923, 0x2923, 0x1081, 0x2903, 0x3143, 0x20C1, 0x3984, 0x2902, 0x0820, 0x0020, 0x0000, 0x0020,
    0x18A1, 0x3984, 0x2902, 0x3123, 0x3143, 0x1061, 0x1081, 0x3984, 0x2903, 0x1081, 0x3143, 0x20C2,
    0x3123, 0x2903, 0x2902, 0x20E2, 0x20C2, 0x18A1, 0x3984, 0x20C2, 0x3964, 0x3143, 0x0840, 0x0020,
    0x0020, 0x0820, 0x20C2, 0x3984, 0x20E2, 0x3143, 0x2903, 0x1040, 0x20C2, 0x2902, 0x2902, 0x18A1,
    0x3143, 0x2903, 0x2902, 0x20C2, 0x3164, 0x20C2, 0x1061, 0x18A1, 0x3984, 0x20E2, 0x3163, 0x3163,
    0x0840, 0x0020, 0x0020, 0x0820, 0x20C2, 0x39A4, 0x20E2, 0x3143, 0x2923, 0x1040, 0x2902, 0x2923,
    0x3123, 0x20C2, 0x3143, 0x2902, 0x3123, 0x1081, 0x20C2, 0x3164, 0x20C2, 0x1881, 0x3984, 0x20E2,
    0x3163, 0x3143, 0x0840, 0x0020, 0x0000, 0x0820, 0x18C2, 0x39A4, 0x28E2, 0x2923, 0x3143, 0x1061,
    0x3143, 0x2902, 0x3143, 0x2902, 0x3143, 0x20C2, 0x3143, 0x2903, 0x20C2, 0x2902, 0x2902, 0x18A1,
    0x3984, 0x20C1, 0x3964, 0x3143, 0x0840, 0x0020, 0x0000, 0x0820, 0x1881, 0x3984, 0x2923, 0x20E2,
    0x3964, 0x1881, 0x2903, 0x1060, 0x18A1, 0x20C2, 0x20E2, 0x2923, 0x20C2, 0x1081, 0x2923, 0x2923,
    0x1881, 0x2903, 0x3163, 0x18A1, 0x3984, 0x2902, 0x0820, 0x0020, 0x0000, 0x0020, 0x0840, 0x3143,
    0x3964, 0x18A1, 0x3984, 0x2902, 0x1060, 0x1061, 0x0840, 0x0820, 0x0820, 0x0820, 0x0820, 0x0840,
    0x0840, 0x1040, 0x1881, 0x3984, 0x28E2, 0x2902, 0x3984, 0x18A1, 0x0820, 0x0000, 0x0000, 0x0020,
    0x0820, 0x20E2, 0x39A4, 0x2902, 0x20E2, 0x39A4, 0x20C2, 0x0840, 0x0840, 0x0840, 0x0820, 0x0820,
    0x0840, 0x0840, 0x0840, 0x1060, 0x3143, 0x3163, 0x18A1, 0x3984, 0x3143, 0x0840, 0x0820, 0x0000,
    0x0000, 0x0000, 0x0820, 0x1040, 0x3163, 0x3984, 0x20C2, 0x2903, 0x3984, 0x20C2, 0x0840, 0x0820,
    0x0820, 0x0820, 0x0820, 0x0840, 0x1081, 0x3143, 0x3964, 0x18A1, 0x3143, 0x39A4, 0x20C2, 0x0820,
    0x0020, 0x0000, 0x0000, 0x0000, 0x0020, 0x0820, 0x18A1, 0x3984, 0x2903, 0x1060, 0x20E2, 0x3984,
    0x3143, 0x20E2, 0x18A1, 0x18A1, 0x20C2, 0x3123, 0x3984, 0x3143, 0x1061, 0x1081, 0x3984, 0x2923,
    0x0840, 0x0020, 0x0000, 0x0000, 0x0000, 0x0000, 0x0000, 0x0020, 0x0820, 0x1881, 0x1040, 0x0840,
    0x0820, 0x1061, 0x2902, 0x3163, 0x3964, 0x3964, 0x3964, 0x3123, 0x18C2, 0x0840, 0x0840, 0x0820,
    0x1081, 0x0840, 0x0020, 0x0000, 0x0000, 0x0000, 0x0000, 0x0000, 0x0000, 0x0000, 0x0000, 0x0000,
    0x0020, 0x0020, 0x0020, 0x0820, 0x0820, 0x0840, 0x1061, 0x1061, 0x0840, 0x0820, 0x0820, 0x0820,
    0x0020, 0x0020, 0x0000, 0x0000, 0x0000, 0x0000, 0x0000, 0x0000, 0x0000, 0x0000, 0x0000, 0x0000,
    0x0000, 0x0000, 0x0000, 0x0000, 0x0000, 0x0020, 0x0020, 0x0820, 0x0820, 0x0820, 0x0020, 0x0020,
    0x0020, 0x0000, 0x0000, 0x0000, 0x0000, 0x0000, 0x0000, 0x0000, 0x0000, 0x0000, 0x0000, 0x0000,
    0x0000, 0x0000, 0x0000, 0x0000, 0x0000, 0x0000, 0x0000, 0x0000, 0x0020, 0x0020, 0x0020, 0x0020,
    0x0020, 0x0020, 0x0000, 0x0000, 0x0000, 0x0000, 0x0000, 0x0000, 0x0000, 0x0000, 0x0000, 0x0000,
    0x0000, 0x0000, 0x0000, 0x0000, 0x0000, 0x0000, 0x0000, 0x0000, 0x0020, 0x0020, 0x0020, 0x0820,
    0x0840, 0x0861, 0x0840, 0x0820, 0x0820, 0x0840, 0x0820, 0x0000, 0x0000, 0x0000, 0x0000, 0x0000,
    0x0000, 0x0000, 0x0000, 0x0000, 0x0000, 0x0000, 0x0000, 0x0000, 0x0000, 0x0000, 0x18A2, 0x18C2,
    0x0020, 0x1881, 0x2903, 0x20E2, 0x2903, 0x1060, 0x20C2, 0x20E2, 0x20E2, 0x0840, 0x0000, 0x0000,
    0x0000, 0x0000, 0x0000, 0x0000,
};
static const uint16_t telltale_brake_lit[] PROGMEM = {
    0x0000, 0x0000, 0x0000, 0x0000, 0x0000, 0x0000, 0x0000, 0x0000, 0x0000, 0x0000, 0x0000, 0x0000,
    0x0000, 0x0000, 0x0000, 0x0000, 0x0000, 0x0000, 0x0000, 0x0000, 0x0000, 0x0000, 0x0000, 0x0000,
    0x0000, 0x0000, 0x0000, 0x0000, 0x0000, 0x0000, 0x0000, 0x0000, 0x0000, 0x0000, 0x0000, 0x0000,
    0x0000, 0x0000, 0x0000, 0x0000, 0x0000, 0x0000, 0x0000, 0x0000, 0x0000, 0x0000, 0x0000, 0x0000,
    0x0000, 0x0000, 0x0000, 0x0000, 0x0000, 0x0000, 0x0000, 0x0000, 0x0000, 0x0000, 0x0000, 0x0000,
    0x0000, 0x0000, 0x0000, 0x0000, 0x0000, 0x0000, 0x0000, 0x0000, 0x0000, 0x0000, 0x0000, 0x0000,
    0x0000, 0x0000, 0x0000, 0x0000, 0x0000, 0x0000, 0x0000, 0x0000, 0x0000, 0x0000, 0x0000, 0x0800,
    0x0000, 0x0000, 0x0000, 0x0800, 0x0800, 0x1000, 0x1820, 0x1820, 0x1000, 0x0800, 0x0800, 0x0800,
    0x0000, 0x0000, 0x0800, 0x0000, 0x0000, 0x0000, 0x0000, 0x0000, 0x0000, 0x0000, 0x0000, 0x0800,
    0x1000, 0x0800, 0x1000, 0x1000, 0x1800, 0x1820, 0x1820, 0x1800, 0x2000, 0x2000, 0x1800, 0x1820,
    0x1820, 0x1800, 0x1000, 0x1000, 0x0800, 0x1000, 0x0800, 0x0000, 0x0000, 0x0000, 0x0000, 0x0000,
    0x0800, 0x1820, 0x2020, 0x4061, 0x2000, 0x2821, 0x2821, 0x2800, 0x4841, 0x70C3, 0x8904, 0x9104,
    0x78C3, 0x5062, 0x3020, 0x2821, 0x2841, 0x2000, 0x4061, 0x3021, 0x1820, 0x0800, 0x0000, 0x0000,
    0x0000, 0x0800, 0x1820, 0x2000, 0x78C3, 0xE9E8, 0x78C3, 0x3021, 0x4841, 0xA945, 0xF228, 0xF208,
    0xD9A7, 0xD9A7, 0xE9E8, 0xF228, 0xB965, 0x5042, 0x3021, 0x68A3, 0xEA08, 0x9124, 0x2000, 0x1820,
    0x0800, 0x0000, 0x0000, 0x1000, 0x2020, 0x4841, 0xE1C7, 0xFA28, 0xA125, 0x5841, 0xD9A7, 0xE9E7,
    0x9104, 0x6062, 0x4821, 0x4821, 0x6062, 0x88E4, 0xD9A7, 0xE1C7, 0x6862, 0x90E4, 0xFA28, 0xF1E7,
    0x5882, 0x2020, 0x1000, 0x0000, 0x0800, 0x1800, 0x2800, 0xA104, 0xF9E8, 0xD1A7, 0x6842, 0xD9C7,
    0xD186, 0x4841, 0x3821, 0x4041, 0x70A3, 0x80C4, 0x4842, 0x3821, 0x4021, 0xB945, 0xF208, 0x6862,
    0xB145, 0xF9E8, 0xB945, 0x3021, 0x1820, 0x0800, 0x0800, 0x2021, 0x5041, 0xE1A7, 0xF9E7, 0x80A3,
    0xA925, 0xEA08, 0x5041, 0x3021, 0x3841, 0x4041, 0xE1C7, 0xF208, 0x5062, 0x3041, 0x3041, 0x4021,
    0xD9C7, 0xC986, 0x6862, 0xE9C7, 0xF1E7, 0x6082, 0x2020, 0x1000, 0x1000, 0x2000, 0x80C3, 0xFA08,
    0xD986, 0x6862, 0xF1E8, 0x90E4, 0x3001, 0x3021, 0x2821, 0x4021, 0xD986, 0xF1C7, 0x5062, 0x2820,
    0x2820, 0x3021, 0x7083, 0xF1E8, 0x7082, 0xB945, 0xFA08, 0x9904, 0x2000, 0x1020, 0x1000, 0x2800,
    0xA125, 0xFA28, 0xB125, 0x80A3, 0xE9C7, 0x5862, 0x3021, 0x2020, 0x2020, 0x3821, 0xD987, 0xF1C7,
    0x5062, 0x2000, 0x2000, 0x2821, 0x4021, 0xD9A7, 0xA104, 0x9904, 0xFA29, 0xB145, 0x2820, 0x1820,
    0x1820, 0x2800, 0xA925, 0xFA28, 0xA104, 0xA0E4, 0xD9A7, 0x4021, 0x2821, 0x1800, 0x2020, 0x3821,
    0xD186, 0xE9C7, 0x5062, 0x2000, 0x1800, 0x2021, 0x3821, 0xC166, 0xC165, 0x90C3, 0xFA29, 0xC986,
    0x3021, 0x1820, 0x1820, 0x2800, 0xA925, 0xFA28, 0xA104, 0xA104, 0xD9A7, 0x4021, 0x2821, 0x1800,
    0x2020, 0x3021, 0xD987, 0xF1C7, 0x4041, 0x1800, 0x1800, 0x2821, 0x3821, 0xC166, 0xC145, 0x88C3,
    0xFA28, 0xC986, 0x3821, 0x1820, 0x1820, 0x2800, 0x9904, 0xFA28, 0xA925, 0x88C4, 0xE9E8, 0x5042,
    0x3021, 0x2020, 0x2020, 0x2820, 0x80C3, 0x8904, 0x2820, 0x1800, 0x1800, 0x2821, 0x4021, 0xD186,
    0xA104, 0x90E4, 0xFA28, 0xC166, 0x3020, 0x1820, 0x1000, 0x2000, 0x80C4, 0xF9E8, 0xC966, 0x7883,
    0xF228, 0x88C3, 0x3021, 0x2821, 0x2020, 0x3020, 0x78C3, 0x78C3, 0x2820, 0x2020, 0x2020, 0x3021,
    0x6882, 0xF1E8, 0x7882, 0xB125, 0xFA08, 0xA125, 0x2800, 0x1820, 0x1000, 0x2020, 0x5862, 0xE1A7,
    0xF1E8, 0x80A3, 0xB966, 0xE1E7, 0x4841, 0x3041, 0x3021, 0x3821, 0xE9E7, 0xFA08, 0x4041, 0x2820,
    0x3021, 0x3801, 0xC9A6, 0xD9C7, 0x6862, 0xE9A7, 0xF9C7, 0x68A3, 0x2000, 0x1000, 0x0800, 0x2020,
    0x3001, 0xB145, 0xFA28, 0xC166, 0x6842, 0xF208, 0xB966, 0x3821, 0x3821, 0x4041, 0x80C4, 0x88E4,
    0x4021, 0x3021, 0x3001, 0xA125, 0xFA49, 0x7882, 0xA925, 0xFA08, 0xC966, 0x3821, 0x2020, 0x0800,
    0x0000, 0x1000, 0x2821, 0x6082, 0xE9C7, 0xF9E7, 0x9905, 0x7082, 0xE9C7, 0xD1A6, 0x78A3, 0x5042,
    0x4021, 0x4021, 0x5041, 0x6882, 0xC165, 0xF208, 0x80C3, 0x88E4, 0xFA08, 0xFA08, 0x70A3, 0x2020,
    0x1820, 0x0800, 0x0000, 0x0800, 0x2020, 0x2800, 0x88E4, 0xFA28, 0x9924, 0x3821, 0x5862, 0xC166,
    0xFA28, 0xE1E7, 0xC986, 0xC986, 0xE1E7, 0xFA28, 0xD186, 0x6082, 0x3801, 0x80E4, 0xFA08, 0xA945,
    0x3000, 0x2020, 0x0800, 0x0000, 0x0000, 0x0000, 0x1000, 0x1820, 0x2821, 0x60A2, 0x2800, 0x3021,
    0x3021, 0x3001, 0x6082, 0x9104, 0xA925, 0xB145, 0x9924, 0x68A3, 0x3821, 0x2821, 0x3041, 0x2800,
    0x5882, 0x3821, 0x2000, 0x1000, 0x0000, 0x0000, 0x0000, 0x0000, 0x0000, 0x0800, 0x1000, 0x1000,
    0x1800, 0x1800, 0x1800, 0x2020, 0x2000, 0x1800, 0x2000, 0x2000, 0x2000, 0x2000, 0x2020, 0x1800,
    0x1000, 0x1800, 0x1000, 0x1000, 0x1000, 0x0800, 0x0000, 0x0000, 0x0000, 0x0000, 0x0000, 0x0000,
    0x0800, 0x0800, 0x0800, 0x0000, 0x0000, 0x0800, 0x1000, 0x1000, 0x1820, 0x1820, 0x1820, 0x1000,
    0x0800, 0x0800, 0x0000, 0x0000, 0x0800, 0x0800, 0x0000, 0x0000, 0x0000, 0x0000, 0x0000, 0x0000,
    0x0000, 0x0000, 0x0000, 0x0000, 0x0000, 0x0000, 0x0000, 0x0000, 0x0000, 0x0000, 0x0000, 0x0000,
    0x0000, 0x0000, 0x0000, 0x0000, 0x0000, 0x0000, 0x0000, 0x0000, 0x0000, 0x0000, 0x0000, 0x0000,
    0x0000, 0x0000, 0x0000, 0x0000, 0x0000, 0x0000, 0x0000, 0x0000, 0x0000, 0x0000, 0x0000, 0x0000,
    0x0000, 0x0000, 0x0000, 0x0000, 0x0000, 0x0000, 0x0000, 0x0000, 0x0000, 0x0000, 0x0000, 0x0000,
    0x0000, 0x0000, 0x0000, 0x0000, 0x0000, 0x0000, 0x0000, 0x0000, 0x0000, 0x0000, 0x0000, 0x0000,
    0x0000, 0x0000, 0x0000, 0x0000, 0x0000, 0x0000, 0x0000, 0x0000, 0x0000, 0x0000, 0x0000, 0x0000,
    0x0000, 0x0000, 0x0000, 0x0000,
};
static const uint16_t telltale_brake_off[] PROGMEM = {
    0x0000, 0x0000, 0x0000, 0x0000, 0x0000, 0x0000, 0x0000, 0x0000, 0x0000, 0x0000, 0x0000, 0x0000,
    0x0000, 0x0000, 0x0000, 0x0000, 0x0000, 0x0000, 0x0000, 0x0000, 0x0000, 0x0000, 0x0000, 0x0000,
    0x0000, 0x0000, 0x0000, 0x0000, 0x0000, 0x0000, 0x0000, 0x0000, 0x0000, 0x0000, 0x0000, 0x0000,
    0x0000, 0x0000, 0x0000, 0x0000, 0x0000, 0x0000, 0x0000, 0x0000, 0x0000, 0x0000, 0x0000, 0x0000,
    0x0000, 0x0000, 0x0000, 0x0000, 0x0000, 0x0000, 0x0000, 0x0000, 0x0000, 0x0000, 0x0000, 0x0000,
    0x0000, 0x0000, 0x0000, 0x0000, 0x0000, 0x0000, 0x0000, 0x0000, 0x0000, 0x0000, 0x0000, 0x0000,
    0x0000, 0x0000, 0x0000, 0x0000, 0x0000, 0x0000, 0x0000, 0x0000, 0x0000, 0x0000, 0x0000, 0x0000,
    0x0000, 0x0000, 0x0000, 0x0000, 0x0000, 0x0000, 0x0000, 0x0000, 0x0000, 0x0000, 0x0000, 0x0000,
    0x0000, 0x0000, 0x0000, 0x0000, 0x0000, 0x0000, 0x0000, 0x0000, 0x0000, 0x0000, 0x0000, 0x0000,
    0x0000, 0x0000, 0x0000, 0x0000, 0x0000, 0x0000, 0x0000, 0x0000, 0x0000, 0x0000, 0x0000, 0x0000,
    0x0000, 0x0000, 0x0000, 0x0000, 0x0000, 0x0000, 0x0000, 0x0000, 0x0000, 0x0000, 0x0000, 0x0000,
    0x0000, 0x0000, 0x0000, 0x0820, 0x0000, 0x0820, 0x0820, 0x0800, 0x1020, 0x1861, 0x1862, 0x1882,
    0x1861, 0x1021, 0x0800, 0x0800, 0x0820, 0x0000, 0x0820, 0x0820, 0x0000, 0x0000, 0x0000, 0x0000,
    0x0000, 0x0000, 0x0000, 0x0000, 0x1861, 0x30E3, 0x1861, 0x0820, 0x0820, 0x2082, 0x30E3, 0x30E3,
    0x30C3, 0x28C3, 0x30E3, 0x30E3, 0x28A2, 0x1021, 0x0820, 0x1041, 0x30E3, 0x2082, 0x0000, 0x0000,
    0x0000, 0x0000, 0x0000, 0x0000, 0x0000, 0x1020, 0x30C3, 0x38E3, 0x2082, 0x1021, 0x28C3, 0x30C3,
    0x1882, 0x1041, 0x0820, 0x0820, 0x1041, 0x1861, 0x28C3, 0x30C3, 0x1041, 0x1862, 0x30E3, 0x30E3,
    0x1041, 0x0000, 0x0000, 0x0000, 0x0000, 0x0000, 0x0800, 0x2082, 0x30E3, 0x28C3, 0x1041, 0x30C3,
    0x28A3, 0x0820, 0x0820, 0x0820, 0x1861, 0x1861, 0x0820, 0x0820, 0x0820, 0x20A2, 0x30E3, 0x1041,
    0x20A2, 0x30E3, 0x28A2, 0x0820, 0x0000, 0x0000, 0x0000, 0x0000, 0x1020, 0x30C3, 0x30E3, 0x1861,
    0x2082, 0x30E3, 0x1020, 0x0820, 0x0820, 0x0820, 0x30C3, 0x30E3, 0x1041, 0x0820, 0x0820, 0x0820,
    0x28C3, 0x28A3, 0x1041, 0x30C3, 0x30E3, 0x1041, 0x0000, 0x0000, 0x0000, 0x0000, 0x1861, 0x30E3,
    0x28C3, 0x1041, 0x30E3, 0x1862, 0x0820, 0x0820, 0x0800, 0x0820, 0x28C3, 0x30C3, 0x1041, 0x0800,
    0x0800, 0x0820, 0x1841, 0x30E3, 0x1041, 0x28A2, 0x30E3, 0x2082, 0x0000, 0x0000, 0x0000, 0x0800,
    0x2082, 0x38E3, 0x2082, 0x1861, 0x30C3, 0x1041, 0x0820, 0x0000, 0x0000, 0x0820, 0x28C3, 0x30C3,
    0x1041, 0x0000, 0x0000, 0x0820, 0x0820, 0x30C3, 0x2082, 0x2082, 0x38E3, 0x20A2, 0x0800, 0x0000,
    0x0000, 0x0800, 0x2082, 0x38E3, 0x2082, 0x2082, 0x30C3, 0x0820, 0x0800, 0x0000, 0x0000, 0x0820,
    0x28A3, 0x30C3, 0x1021, 0x0000, 0x0000, 0x0800, 0x0820, 0x28A2, 0x28A2, 0x1861, 0x38E3, 0x28A2,
    0x0820, 0x0000, 0x0000, 0x0800, 0x2082, 0x38E3, 0x2082, 0x2082, 0x30C3, 0x0820, 0x0820, 0x0000,
    0x0000, 0x0820, 0x28C3, 0x30C3, 0x0820, 0x0000, 0x0000, 0x0800, 0x0820, 0x28A2, 0x28A2, 0x1861,
    0x38E3, 0x28A2, 0x0820, 0x0000, 0x0000, 0x0800, 0x2082, 0x38E3, 0x2082, 0x1861, 0x30E3, 0x1021,
    0x0820, 0x0000, 0x0000, 0x0800, 0x1861, 0x1862, 0x0800, 0x0000, 0x0000, 0x0820, 0x0820, 0x28C3,
    0x2082, 0x1862, 0x38E3, 0x28A2, 0x0820, 0x0000, 0x0000, 0x0000, 0x1861, 0x30E3, 0x28A2, 0x1841,
    0x30E3, 0x1861, 0x0820, 0x0820, 0x0000, 0x0820, 0x1861, 0x1861, 0x0800, 0x0000, 0x0800, 0x0820,
    0x1041, 0x30E3, 0x1841, 0x2082, 0x30E3, 0x2082, 0x0800, 0x0000, 0x0000, 0x0000, 0x1041, 0x30C3,
    0x30E3, 0x1861, 0x28A2, 0x30C3, 0x0820, 0x0820, 0x0820, 0x0820, 0x30C3, 0x30E3, 0x0820, 0x0800,
    0x0820, 0x0820, 0x28C3, 0x28C3, 0x1041, 0x30C3, 0x30E3, 0x1041, 0x0000, 0x0000, 0x0000, 0x0000,
    0x0800, 0x20A2, 0x38E3, 0x28A2, 0x1041, 0x30E3, 0x28A2, 0x0820, 0x0820, 0x0820, 0x1861, 0x1861,
    0x0820, 0x0820, 0x0800, 0x2082, 0x38E4, 0x1841, 0x2082, 0x30E3, 0x28A2, 0x0820, 0x0000, 0x0000,
    0x0000, 0x0000, 0x0800, 0x1041, 0x30C3, 0x30E3, 0x2082, 0x1041, 0x30C3, 0x28C3, 0x1861, 0x1021,
    0x0820, 0x0820, 0x1020, 0x1041, 0x28A2, 0x30E3, 0x1861, 0x1861, 0x30E3, 0x30E3, 0x1861, 0x0000,
    0x0000, 0x0000, 0x0000, 0x0000, 0x0000, 0x0800, 0x1861, 0x30E3, 0x2082, 0x0820, 0x1041, 0x28A2,
    0x30E3, 0x30C3, 0x28A2, 0x28A2, 0x30C3, 0x30E3, 0x28C3, 0x1041, 0x0820, 0x1861, 0x30E3, 0x2082,
    0x0800, 0x0000, 0x0000, 0x0000, 0x0000, 0x0000, 0x0000, 0x0000, 0x0820, 0x1041, 0x0800, 0x0820,
    0x0820, 0x0820, 0x1041, 0x1882, 0x2082, 0x2082, 0x2082, 0x1041, 0x0820, 0x0800, 0x0820, 0x0800,
    0x1041, 0x0820, 0x0000, 0x0000, 0x0000, 0x0000, 0x0000, 0x0000, 0x0000, 0x0000, 0x0000, 0x0000,
    0x0000, 0x0000, 0x0000, 0x0000, 0x0000, 0x0000, 0x0000, 0x0000, 0x0000, 0x0000, 0x0000, 0x0000,
    0x0000, 0x0000, 0x0000, 0x0000, 0x0000, 0x0000, 0x0000, 0x0000, 0x0000, 0x0000, 0x0000, 0x0000,
    0x0000, 0x0000, 0x0000, 0x0000, 0x0000, 0x0000, 0x0000, 0x0000, 0x0000, 0x0000, 0x0000, 0x0000,
    0x0000, 0x0000, 0x0000, 0x0000, 0x0000, 0x0000, 0x0000, 0x0000, 0x0000, 0x0000, 0x0000, 0x0000,
    0x0000, 0x0000, 0x0000, 0x0000, 0x0000, 0x0000, 0x0000, 0x0000, 0x0000, 0x0000, 0x0000, 0x0000,
    0x0000, 0x0000, 0x0000, 0x0000, 0x0000, 0x0000, 0x0000, 0x0000, 0x0000, 0x0000, 0x0000, 0x0000,
    0x0000, 0x0000, 0x0000, 0x0000, 0x0000, 0x0000, 0x0000, 0x0000, 0x0000, 0x0000, 0x0000, 0x0000,
    0x0000, 0x0000, 0x0000, 0x0000, 0x0000, 0x0000, 0x0000, 0x0000, 0x0000, 0x0000, 0x0000, 0x0000,
    0x0000, 0x0000, 0x0000, 0x0000, 0x0000, 0x0000, 0x0000, 0x0000, 0x0000, 0x0000, 0x0000, 0x0000,
    0x0000, 0x0000, 0x0000, 0x0000, 0x0000, 0x0000, 0x0000, 0x0000, 0x0000, 0x0000, 0x0000, 0x0000,
    0x0000, 0x0000, 0x0000, 0x0000,
};
static const uint16_t telltale_airbag_lit[] PROGMEM = {
    0x0000, 0x0000, 0x0000, 0x0000, 0x0020, 0x0040, 0x0860, 0x0860, 0x1080, 0x1080, 0x1060, 0x0860,
    0x0840, 0x0020, 0x0000, 0x0000, 0x0000, 0x0000, 0x0000, 0x0000, 0x0000, 0x0000, 0x0000, 0x0000,
    0x0000, 0x0000, 0x0000, 0x0000, 0x0000, 0x0020, 0x0840, 0x1080, 0x18C0, 0x20E0, 0x20E0, 0x20E0,
    0x20E0, 0x18C0, 0x1080, 0x0860, 0x0840, 0x0020, 0x0840, 0x0840, 0x0840, 0x0840, 0x0020, 0x0020,
    0x0000, 0x0000, 0x0000, 0x0000, 0x0000, 0x0000, 0x0020, 0x0860, 0x10A0, 0x2100, 0x2900, 0x3140,
    0x41C1, 0x41C1, 0x3140, 0x20E0, 0x2900, 0x20E0, 0x18A0, 0x1080, 0x1080, 0x18A0, 0x18A0, 0x18A0,
    0x1080, 0x0840, 0x0020, 0x0000, 0x0000, 0x0000, 0x0000, 0x0020, 0x0860, 0x18A0, 0x2100, 0x2100,
    0x6AE3, 0xC548, 0xE629, 0xE629, 0xCD68, 0x8BA5, 0x41A0, 0x3160, 0x2920, 0x2100, 0x2100, 0x18C0,
    0x18C0, 0x18C0, 0x20E0, 0x18A0, 0x0840, 0x0020, 0x0000, 0x0000, 0x0000, 0x0840, 0x1080, 0x2900,
    0x2920, 0x9405, 0xFEE9, 0xFF09, 0xFEE9, 0xFEC8, 0xFEE8, 0xFF2A, 0xC547, 0x49E1, 0x3981, 0x3981,
    0x3980, 0x8BA5, 0xBD07, 0x9C26, 0x3981, 0x20E0, 0x10A0, 0x0840, 0x0020, 0x0000, 0x0020, 0x0840,
    0x18E0, 0x2920, 0x8384, 0xFF0A, 0xFEA7, 0xF688, 0xFEA8, 0xFEA8, 0xFEA8, 0xF688, 0xFF29, 0xACA6,
    0x41C1, 0x41A1, 0xA445, 0xFF2A, 0xFEE8, 0xFF4A, 0xB4C7, 0x2900, 0x20E0, 0x1080, 0x0840, 0x0020,
    0x0020, 0x1060, 0x20E0, 0x3980, 0xDE09, 0xFEE8, 0xFEA8, 0xFEA8, 0xFEA8, 0xFEA8, 0xFEA8, 0xFEA8,
    0xFEA8, 0xF689, 0x6AC2, 0x5221, 0xE608, 0xFEA8, 0xF688, 0xFE88, 0xF669, 0x4A02, 0x2920, 0x18E0,
    0x1080, 0x0840, 0x0040, 0x1080, 0x20E0, 0x5242, 0xFEA9, 0xFEA8, 0xFEA8, 0xFEA8, 0xFEA8, 0xFEA8,
    0xFEA8, 0xFEA8, 0xFEA8, 0xFEE9, 0x9C04, 0x5221, 0xDDE8, 0xFEE8, 0xF668, 0xFEA8, 0xF669, 0x5221,
    0x2920, 0x2921, 0x18A0, 0x1060, 0x0840, 0x10A0, 0x20E0, 0x5A82, 0xFEC9, 0xFEA8, 0xFEA8, 0xFEA8,
    0xFEA8, 0xFEA8, 0xFEA8, 0xFEA8, 0xFEA8, 0xFF09, 0xAC65, 0x5221, 0x93E4, 0xF689, 0xFEC9, 0xFEA9,
    0x9C05, 0x41A0, 0x8364, 0xD5C9, 0x3141, 0x1060, 0x0020, 0x1080, 0x20E0, 0x5222, 0xF689, 0xFEA8,
    0xFEA8, 0xFEA8, 0xFEA8, 0xFEA8, 0xFEA8, 0xFEA8, 0xFEA8, 0xFEE9, 0x93E4, 0x5A61, 0x5A41, 0x6AC2,
    0x8BC3, 0x7B23, 0x5A41, 0xBCE6, 0xFF6A, 0xDDE9, 0x2921, 0x1060, 0x0020, 0x1060, 0x2100, 0x3160,
    0xCD47, 0xFF09, 0xF688, 0xFEA8, 0xFEA8, 0xFEA8, 0xFEA8, 0xFEA8, 0xFEC8, 0xF668, 0x7302, 0x6281,
    0x9C24, 0xCD66, 0xA465, 0x5A40, 0xCD68, 0xFF8B, 0xB4A6, 0x3161, 0x18A0, 0x1080, 0x0020, 0x0840,
    0x18C0, 0x2920, 0x62A2, 0xF6AA, 0xFEC8, 0xFE88, 0xFEA8, 0xFEA8, 0xFEA8, 0xFEA8, 0xFF09, 0x9C04,
    0x5A41, 0x9C24, 0xFF0A, 0xFEC8, 0xFF2A, 0xA445, 0x93C4, 0x8BC5, 0x2900, 0x2100, 0x18A0, 0x0860,
    0x0000, 0x0020, 0x1080, 0x2100, 0x3140, 0x6AE3, 0xE628, 0xFF09, 0xFEE9, 0xFF09, 0xFF09, 0xFEC9,
    0x9C24, 0x5221, 0x5A61, 0xDDE8, 0xFEE9, 0xF688, 0xFEC8, 0xCD67, 0x39A0, 0x2920, 0x2100, 0x18A0,
    0x0860, 0x0020, 0x0000, 0x0020, 0x0840, 0x18A0, 0x2940, 0x3160, 0x5242, 0x9C25, 0xC547, 0xCD87,
    0xB4C6, 0x7B43, 0x5241, 0x5241, 0x8383, 0xFEC9, 0xFEA8, 0xFEA8, 0xFF09, 0xA445, 0x3140, 0x2941,
    0x18A0, 0x0860, 0x0020, 0x0000, 0x0000, 0x0000, 0x0840, 0x1080, 0x2900, 0x41C1, 0x41E1, 0x41C0,
    0x4A00, 0x4A00, 0x5241, 0x5A82, 0x5A81, 0x5221, 0xBD06, 0xFEE8, 0xFE88, 0xFEC8, 0xF6A9, 0x5A82,
    0x2920, 0x18C0, 0x0860, 0x0020, 0x0000, 0x0000, 0x0000, 0x0000, 0x0840, 0x1080, 0x2920, 0x39A0,
    0x7323, 0xD5A7, 0xCD87, 0x9C24, 0x6AC2, 0x5A61, 0xBD06, 0xCD67, 0x9C04, 0xFEC8, 0xF687, 0xFEE9,
    0xC527, 0x3980, 0x2920, 0x1080, 0x0040, 0x0000, 0x0000, 0x0000, 0x0000, 0x0020, 0x0860, 0x20E0,
    0x2940, 0x5A62, 0xF689, 0xFF08, 0xFEE8, 0xFEE8, 0xF688, 0x8BA3, 0xD5A7, 0xFF8B, 0x93C3, 0xD587,
    0xFEC8, 0xFEC9, 0x7323, 0x3140, 0x20E0, 0x0860, 0x0020, 0x0000, 0x0000, 0x0000, 0x0020, 0x0860,
    0x18C0, 0x2920, 0x3960, 0xCD67, 0xFF08, 0xFEA7, 0xFEE8, 0xFEA8, 0xFEE8, 0xDDE7, 0x8BA3, 0xFF4A,
    0xD587, 0x8BA3, 0xFF29, 0xD567, 0x3980, 0x2920, 0x10A0, 0x0840, 0x0000, 0x0000, 0x0000, 0x0000,
    0x0840, 0x10A0, 0x2940, 0x3140, 0x9C25, 0xFF08, 0xFE87, 0xFEE9, 0xC546, 0xDDC7, 0xFEC9, 0xFF6B,
    0xA444, 0xCD67, 0xFF2A, 0x8363, 0xDE09, 0x93E4, 0x2920, 0x20E0, 0x1060, 0x0020, 0x0000, 0x0000,
    0x0000, 0x0000, 0x1060, 0x20E0, 0x2940, 0x7323, 0xFEC9, 0xFE87, 0xFEE8, 0xC527, 0x4A00, 0x5221,
    0x7B43, 0xB507, 0xC528, 0x8363, 0xFF09, 0xD587, 0x7302, 0x5241, 0x2920, 0x18A0, 0x0840, 0x0000,
    0x0000, 0x0000, 0x0000, 0x0000, 0x10A0, 0x20E0, 0x49E1, 0xE629, 0xFEC8, 0xFEC7, 0xDDE8, 0x4A01,
    0x41C1, 0x39A1, 0x3160, 0x3160, 0x4A01, 0x41E1, 0xCD67, 0xFF4A, 0x7B43, 0x3180, 0x2920, 0x1080,
    0x0820, 0x0000, 0x0000, 0x0000, 0x0000, 0x0000, 0x18C0, 0x20C0, 0xACA6, 0xFEE9, 0xFE87, 0xFEC9,
    0x6AA2, 0x2920, 0x2940, 0x2100, 0x2100, 0x2900, 0x3140, 0x3160, 0x7B44, 0xFF4B, 0xCD68, 0x2920,
    0x20E0, 0x1060, 0x0020, 0x0000, 0x0000, 0x0000, 0x0000, 0x0000, 0x18A0, 0x20E0, 0xD5A8, 0xFF28,
    0xFF2A, 0x9C05, 0x2920, 0x2100, 0x18A0, 0x1080, 0x0860, 0x1080, 0x18C0, 0x2940, 0x3960, 0xD588,
    0xFF8A, 0x62A3, 0x1060, 0x1080, 0x0020, 0x0000, 0x0000, 0x0000, 0x0000, 0x0000, 0x1080, 0x18A0,
    0x5243, 0xBD27, 0x9C05, 0x3140, 0x2900, 0x10A0, 0x0860, 0x0020, 0x0020, 0x0040, 0x0860, 0x18C0,
    0x20E0, 0x5A63, 0xB528, 0x7B46, 0x0860, 0x0860, 0x0020, 0x0000, 0x0000, 0x0000, 0x0000, 0x0000,
    0x0860, 0x10A0, 0x18A0, 0x18A0, 0x18A0, 0x20E0, 0x18A0, 0x0840, 0x0020, 0x0000, 0x0000, 0x0000,
    0x0040, 0x0860, 0x18A0, 0x1880, 0x0840, 0x1060, 0x1080, 0x0840, 0x0020, 0x0000, 0x0000, 0x0000,
    0x0000, 0x0000, 0x0040, 0x0860, 0x1080, 0x10A0, 0x1080, 0x1060, 0x0840, 0x0020, 0x0000, 0x0000,
    0x0000, 0x0000, 0x0020, 0x0020, 0x0840, 0x1060, 0x1080, 0x0860, 0x0840, 0x0020, 0x0000, 0x0000,
    0x0000, 0x0000, 0x0000, 0x0000,
};
static const uint16_t telltale_airbag_off[] PROGMEM = {
    0x0000, 0x0000, 0x0000, 0x0000, 0x0000, 0x0000, 0x0000, 0x0000, 0x0020, 0x0020, 0x0000, 0x0000,
    0x0000, 0x0000, 0x0000, 0x0000, 0x0000, 0x0000, 0x0000, 0x0000, 0x0000, 0x0000, 0x0000, 0x0000,
    0x0000, 0x0000, 0x0000, 0x0000, 0x0000, 0x0000, 0x0000, 0x0020, 0x0020, 0x0840, 0x0820, 0x0820,
    0x0820, 0x0020, 0x0020, 0x0000, 0x0000, 0x0000, 0x0000, 0x0000, 0x0000, 0x0000, 0x0000, 0x0000,
    0x0000, 0x0000, 0x0000, 0x0000, 0x0000, 0x0000, 0x0000, 0x0000, 0x0020, 0x0840, 0x0840, 0x0840,
    0x1061, 0x1061, 0x0840, 0x0820, 0x0840, 0x0020, 0x0020, 0x0020, 0x0020, 0x0020, 0x0020, 0x0020,
    0x0020, 0x0000, 0x0000, 0x0000, 0x0000, 0x0000, 0x0000, 0x0000, 0x0000, 0x0020, 0x0840, 0x0840,
    0x18C2, 0x3164, 0x39A4, 0x39A4, 0x3184, 0x2102, 0x0860, 0x0840, 0x0840, 0x0840, 0x0840, 0x0020,
    0x0020, 0x0020, 0x0820, 0x0020, 0x0000, 0x0000, 0x0000, 0x0000, 0x0000, 0x0000, 0x0020, 0x0840,
    0x0840, 0x2102, 0x41E5, 0x41E5, 0x41C4, 0x41C4, 0x41C4, 0x41E5, 0x3164, 0x1081, 0x0860, 0x0860,
    0x0860, 0x2102, 0x2963, 0x2123, 0x0860, 0x0820, 0x0020, 0x0000, 0x0000, 0x0000, 0x0000, 0x0000,
    0x0020, 0x0840, 0x20E2, 0x41E5, 0x39C4, 0x39C4, 0x39C4, 0x39C4, 0x39C4, 0x39C4, 0x41E5, 0x2943,
    0x1061, 0x1061, 0x2923, 0x41E5, 0x41C4, 0x41E5, 0x2943, 0x0840, 0x0820, 0x0020, 0x0000, 0x0000,
    0x0000, 0x0000, 0x0820, 0x0860, 0x39A4, 0x41C4, 0x39C4, 0x39C4, 0x39C4, 0x39C4, 0x39C4, 0x39C4,
    0x39C4, 0x39C4, 0x18A1, 0x1081, 0x39A4, 0x39C4, 0x39C4, 0x39C4, 0x39C4, 0x1081, 0x0840, 0x0020,
    0x0020, 0x0000, 0x0000, 0x0020, 0x0020, 0x1081, 0x39C4, 0x39C4, 0x39C4, 0x39C4, 0x39C4, 0x39C4,
    0x39C4, 0x39C4, 0x39C4, 0x41E5, 0x2102, 0x1081, 0x3984, 0x41C4, 0x39C4, 0x39C4, 0x39A4, 0x1081,
    0x0840, 0x0840, 0x0020, 0x0000, 0x0000, 0x0020, 0x0020, 0x10A1, 0x39C4, 0x39C4, 0x39C4, 0x39C4,
    0x39C4, 0x39C4, 0x39C4, 0x39C4, 0x39C4, 0x41E5, 0x2923, 0x1081, 0x2102, 0x39C4, 0x41C4, 0x39C4,
    0x2102, 0x0860, 0x20E2, 0x3184, 0x0840, 0x0000, 0x0000, 0x0020, 0x0820, 0x1081, 0x39C4, 0x39C4,
    0x39C4, 0x39C4, 0x39C4, 0x39C4, 0x39C4, 0x39C4, 0x39C4, 0x41E5, 0x2102, 0x10A1, 0x1081, 0x18C1,
    0x2102, 0x18C2, 0x1081, 0x2943, 0x41E5, 0x3984, 0x0840, 0x0000, 0x0000, 0x0000, 0x0840, 0x0840,
    0x3163, 0x41E5, 0x39C4, 0x39C4, 0x39C4, 0x39C4, 0x39C4, 0x39C4, 0x39C4, 0x39C4, 0x18C1, 0x18A1,
    0x2122, 0x3163, 0x2923, 0x1081, 0x3164, 0x4205, 0x2943, 0x0840, 0x0020, 0x0020, 0x0000, 0x0000,
    0x0020, 0x0840, 0x18A1, 0x39C5, 0x41C4, 0x39C4, 0x39C4, 0x39C4, 0x39C4, 0x39C4, 0x41E5, 0x2102,
    0x1081, 0x2122, 0x41E5, 0x41C4, 0x41E5, 0x2922, 0x2102, 0x2102, 0x0840, 0x0840, 0x0020, 0x0000,
    0x0000, 0x0000, 0x0020, 0x0840, 0x0840, 0x18C2, 0x39A4, 0x41E5, 0x41E5, 0x41E5, 0x41E5, 0x39C4,
    0x2122, 0x1081, 0x10A1, 0x3984, 0x41C4, 0x39C4, 0x39C4, 0x3164, 0x0860, 0x0840, 0x0840, 0x0020,
    0x0000, 0x0000, 0x0000, 0x0000, 0x0000, 0x0020, 0x0840, 0x0860, 0x1081, 0x2123, 0x3163, 0x3184,
    0x2943, 0x18E2, 0x1081, 0x1081, 0x20E2, 0x41C4, 0x39C4, 0x39C4, 0x41E5, 0x2923, 0x0840, 0x0840,
    0x0020, 0x0000, 0x0000, 0x0000, 0x0000, 0x0000, 0x0000, 0x0020, 0x0840, 0x0861, 0x1061, 0x1060,
    0x1081, 0x1081, 0x1081, 0x10A1, 0x10A1, 0x1081, 0x2963, 0x41C4, 0x39C4, 0x39C4, 0x39C4, 0x10A1,
    0x0840, 0x0020, 0x0000, 0x0000, 0x0000, 0x0000, 0x0000, 0x0000, 0x0000, 0x0020, 0x0840, 0x0860,
    0x18C2, 0x3184, 0x3183, 0x2102, 0x18C1, 0x10A1, 0x2943, 0x3164, 0x2102, 0x41C4, 0x39C4, 0x41E4,
    0x3163, 0x0860, 0x0840, 0x0020, 0x0000, 0x0000, 0x0000, 0x0000, 0x0000, 0x0000, 0x0000, 0x0020,
    0x0840, 0x10A1, 0x39C4, 0x41E5, 0x41C4, 0x41C4, 0x39C4, 0x20E2, 0x3184, 0x4205, 0x2102, 0x3184,
    0x39C4, 0x39C4, 0x18C2, 0x0840, 0x0820, 0x0000, 0x0000, 0x0000, 0x0000, 0x0000, 0x0000, 0x0000,
    0x0020, 0x0840, 0x0860, 0x3164, 0x41E4, 0x39C4, 0x41C4, 0x39C4, 0x41C4, 0x3984, 0x20E2, 0x41E5,
    0x3184, 0x20E2, 0x41E5, 0x3164, 0x0860, 0x0840, 0x0020, 0x0000, 0x0000, 0x0000, 0x0000, 0x0000,
    0x0000, 0x0020, 0x0840, 0x0840, 0x2123, 0x41E4, 0x39C4, 0x41E5, 0x3163, 0x3184, 0x41C5, 0x41E5,
    0x2922, 0x3163, 0x41E5, 0x20E2, 0x39A4, 0x2102, 0x0840, 0x0840, 0x0000, 0x0000, 0x0000, 0x0000,
    0x0000, 0x0000, 0x0000, 0x0820, 0x0840, 0x18C2, 0x39C4, 0x39C4, 0x41E4, 0x3163, 0x1081, 0x1081,
    0x18E2, 0x2943, 0x3163, 0x20E2, 0x41E5, 0x3184, 0x18C1, 0x1081, 0x0840, 0x0020, 0x0000, 0x0000,
    0x0000, 0x0000, 0x0000, 0x0000, 0x0020, 0x0820, 0x1081, 0x39A4, 0x39C4, 0x39C4, 0x39A4, 0x1081,
    0x1061, 0x0861, 0x0840, 0x0860, 0x1081, 0x1081, 0x3164, 0x41E5, 0x18E2, 0x0860, 0x0840, 0x0020,
    0x0000, 0x0000, 0x0000, 0x0000, 0x0000, 0x0000, 0x0020, 0x0020, 0x2943, 0x41E5, 0x39C4, 0x39C5,
    0x18A1, 0x0840, 0x0840, 0x0840, 0x0840, 0x0840, 0x0840, 0x0840, 0x18E2, 0x41E5, 0x3164, 0x0840,
    0x0820, 0x0020, 0x0000, 0x0000, 0x0000, 0x0000, 0x0000, 0x0000, 0x0020, 0x0820, 0x3184, 0x41E4,
    0x41E5, 0x2103, 0x0840, 0x0840, 0x0020, 0x0020, 0x0000, 0x0020, 0x0020, 0x0840, 0x0860, 0x3184,
    0x4205, 0x18A2, 0x0000, 0x0020, 0x0000, 0x0000, 0x0000, 0x0000, 0x0000, 0x0000, 0x0020, 0x0020,
    0x1081, 0x3163, 0x2103, 0x0840, 0x0840, 0x0020, 0x0000, 0x0000, 0x0000, 0x0000, 0x0000, 0x0020,
    0x0820, 0x10A1, 0x2964, 0x18E2, 0x0000, 0x0000, 0x0000, 0x0000, 0x0000, 0x0000, 0x0000, 0x0000,
    0x0000, 0x0020, 0x0020, 0x0020, 0x0020, 0x0820, 0x0020, 0x0000, 0x0000, 0x0000, 0x0000, 0x0000,
    0x0000, 0x0000, 0x0020, 0x0020, 0x0000, 0x0000, 0x0020, 0x0000, 0x0000, 0x0000, 0x0000, 0x0000,
    0x0000, 0x0000, 0x0000, 0x0000, 0x0020, 0x0020, 0x0020, 0x0000, 0x0000, 0x0000, 0x0000, 0x0000,
    0x0000, 0x0000, 0x0000, 0x0000, 0x0000, 0x0000, 0x0020, 0x0000, 0x0000, 0x0000, 0x0000, 0x0000,
    0x0000, 0x0000, 0x0000, 0x0000,
};
static const uint16_t telltale_immo_lit[] PROGMEM = {
    0x0000, 0x0000, 0x0000, 0x0000, 0x0000, 0x0000, 0x0000, 0x0000, 0x0000, 0x0000, 0x0000, 0x0000,
    0x0000, 0x0000, 0x0000, 0x0000, 0x0000, 0x0000, 0x0000, 0x0000, 0x0000, 0x0000, 0x0000, 0x0000,
    0x0000, 0x0000, 0x0000, 0x0000, 0x0000, 0x0000, 0x0000, 0x0000, 0x0000, 0x0000, 0x0000, 0x0000,
    0x0000, 0x0000, 0x0000, 0x0000, 0x0000, 0x0000, 0x0000, 0x0000, 0x0000, 0x0000, 0x0000, 0x0000,
    0x0000, 0x0000, 0x0000, 0x0000, 0x0000, 0x0000, 0x0000, 0x0000, 0x0000, 0x0000, 0x0000, 0x0000,
    0x0000, 0x0000, 0x0000, 0x0000, 0x0000, 0x0000, 0x0000, 0x0000, 0x0000, 0x0000, 0x0000, 0x0000,
    0x0000, 0x0000, 0x0000, 0x0000, 0x0000, 0x0000, 0x0000, 0x0000, 0x0000, 0x0000, 0x0000, 0x0000,
    0x0000, 0x0000, 0x0000, 0x0000, 0x0000, 0x0000, 0x0000, 0x0000, 0x0000, 0x0000, 0x0000, 0x0000,
    0x0000, 0x0000, 0x0000, 0x0000, 0x0000, 0x0000, 0x0000, 0x0000, 0x0000, 0x0000, 0x0000, 0x0000,
    0x0000, 0x0000, 0x0000, 0x0000, 0x0000, 0x0000, 0x0000, 0x0000, 0x0000, 0x0000, 0x0000, 0x0000,
    0x0000, 0x0000, 0x0000, 0x0000, 0x0000, 0x0000, 0x0000, 0x0000, 0x0000, 0x0000, 0x0000, 0x0000,
    0x0000, 0x0000, 0x0000, 0x0000, 0x0000, 0x0021, 0x0021, 0x0021, 0x0021, 0x0021, 0x0000, 0x0000,
    0x0000, 0x0000, 0x0000, 0x0000, 0x0000, 0x0000, 0x0000, 0x0000, 0x0000, 0x0000, 0x0000, 0x0000,
    0x0000, 0x0000, 0x0000, 0x0021, 0x0041, 0x0042, 0x0063, 0x0083, 0x0084, 0x0084, 0x0083, 0x0063,
    0x0042, 0x0021, 0x0000, 0x0000, 0x0000, 0x0000, 0x0000, 0x0000, 0x0000, 0x0000, 0x0000, 0x0000,
    0x0000, 0x0000, 0x0000, 0x0000, 0x0041, 0x0063, 0x0084, 0x00A5, 0x00A5, 0x00C5, 0x08C6, 0x0907,
    0x0907, 0x00C5, 0x00A4, 0x0042, 0x0021, 0x0000, 0x0000, 0x0000, 0x0000, 0x0000, 0x0000, 0x0000,
    0x0000, 0x0000, 0x0000, 0x0000, 0x0000, 0x0041, 0x0083, 0x00A5, 0x0949, 0x19ED, 0x224F, 0x2AF3,
    0x3376, 0x3BF9, 0x445B, 0x2AD2, 0x08E7, 0x08A5, 0x0063, 0x0042, 0x0042, 0x0042, 0x0042, 0x0042,
    0x0042, 0x0041, 0x0021, 0x0021, 0x0000, 0x0000, 0x0021, 0x0063, 0x00A5, 0x2AD2, 0x4C9C, 0x4CDE,
    0x4CFF, 0x4CFF, 0x4CFF, 0x4CFF, 0x4CFF, 0x4CFF, 0x1A0E, 0x0908, 0x08E6, 0x00A5, 0x00A5, 0x00A5,
    0x08A5, 0x00A5, 0x00A4, 0x0084, 0x0083, 0x0063, 0x0021, 0x0000, 0x0042, 0x0063, 0x118A, 0x4CFE,
    0x551F, 0x4CBD, 0x4CDE, 0x44BE, 0x44BE, 0x4CDE, 0x44BE, 0x4CFF, 0x22F3, 0x11CD, 0x11AC, 0x118A,
    0x116A, 0x118A, 0x118B, 0x118A, 0x116A, 0x116A, 0x0907, 0x00A4, 0x0063, 0x0021, 0x0062, 0x0084,
    0x19ED, 0x4D1F, 0x33B8, 0x1A0F, 0x443A, 0x4CFF, 0x4CBE, 0x4CDE, 0x44DE, 0x44DE, 0x449D, 0x4C9C,
    0x4C9C, 0x447C, 0x447C, 0x447C, 0x449C, 0x4C9C, 0x4C9C, 0x4C9D, 0x441A, 0x1169, 0x0084, 0x0063,
    0x0062, 0x00A5, 0x1A0E, 0x4D1F, 0x2B35, 0x118C, 0x3BF9, 0x4CFF, 0x44BE, 0x44DE, 0x44DE, 0x44DE,
    0x44DE, 0x4CDF, 0x4CFF, 0x4CFE, 0x4CDE, 0x44DE, 0x4CDE, 0x4CDF, 0x4CFF, 0x4CDE, 0x4CFF, 0x445B,
    0x1148, 0x0062, 0x0062, 0x00A5, 0x1A0E, 0x4D1F, 0x2B35, 0x11AC, 0x3BF9, 0x4D1F, 0x44BE, 0x44DE,
    0x44DE, 0x44DE, 0x44BE, 0x44BE, 0x4CDE, 0x4CFF, 0x4CFF, 0x4CDF, 0x4CDE, 0x4CFF, 0x54FF, 0x54FE,
    0x551F, 0x4C9C, 0x1149, 0x0062, 0x0062, 0x00A4, 0x1A0E, 0x551F, 0x3356, 0x118B, 0x3BF9, 0x4D1F,
    0x44DE, 0x44DE, 0x44DE, 0x44DE, 0x4CDF, 0x4CDF, 0x551F, 0x4419, 0x22D2, 0x445B, 0x2291, 0x3BB7,
    0x3376, 0x22D2, 0x4C7B, 0x11AB, 0x0084, 0x0062, 0x0042, 0x0084, 0x19CC, 0x551F, 0x449D, 0x3BFA,
    0x44BD, 0x44DE, 0x44DE, 0x44DE, 0x44DE, 0x4CFF, 0x3377, 0x2291, 0x2290, 0x118B, 0x0928, 0x0949,
    0x0907, 0x0907, 0x0907, 0x08E7, 0x0907, 0x00A4, 0x0083, 0x0021, 0x0021, 0x0083, 0x0907, 0x3397,
    0x4D1F, 0x4D1F, 0x4CFF, 0x4CFF, 0x4CFF, 0x44DF, 0x44DF, 0x4D1F, 0x1A4F, 0x0907, 0x08C5, 0x00A5,
    0x00A5, 0x00A4, 0x00A4, 0x0084, 0x0083, 0x0083, 0x0063, 0x0062, 0x0021, 0x0000, 0x0000, 0x0042,
    0x00A4, 0x0907, 0x1A0D, 0x22B2, 0x2B55, 0x3BD8, 0x3C3B, 0x449D, 0x4CDE, 0x3396, 0x0928, 0x08C5,
    0x0083, 0x0042, 0x0041, 0x0021, 0x0021, 0x0021, 0x0021, 0x0021, 0x0021, 0x0000, 0x0000, 0x0000,
    0x0000, 0x0021, 0x0062, 0x0084, 0x00A4, 0x00C6, 0x08E7, 0x0908, 0x0929, 0x118B, 0x11AC, 0x0907,
    0x00A4, 0x0062, 0x0021, 0x0000, 0x0000, 0x0000, 0x0000, 0x0000, 0x0000, 0x0000, 0x0000, 0x0000,
    0x0000, 0x0000, 0x0000, 0x0000, 0x0021, 0x0021, 0x0062, 0x0083, 0x0084, 0x00A4, 0x08A4, 0x00A4,
    0x0084, 0x0083, 0x0042, 0x0021, 0x0000, 0x0000, 0x0000, 0x0000, 0x0000, 0x0000, 0x0000, 0x0000,
    0x0000, 0x0000, 0x0000, 0x0000, 0x0000, 0x0000, 0x0000, 0x0000, 0x0000, 0x0021, 0x0021, 0x0021,
    0x0042, 0x0042, 0x0041, 0x0021, 0x0020, 0x0000, 0x0000, 0x0000, 0x0000, 0x0000, 0x0000, 0x0000,
    0x0000, 0x0000, 0x0000, 0x0000, 0x0000, 0x0000, 0x0000, 0x0000, 0x0000, 0x0000, 0x0000, 0x0000,
    0x0000, 0x0000, 0x0000, 0x0000, 0x0000, 0x0000, 0x0000, 0x0000, 0x0000, 0x0000, 0x0000, 0x0000,
    0x0000, 0x0000, 0x0000, 0x0000, 0x0000, 0x0000, 0x0000, 0x0000, 0x0000, 0x0000, 0x0000, 0x0000,
    0x0000, 0x0000, 0x0000, 0x0000, 0x0000, 0x0000, 0x0000, 0x0000, 0x0000, 0x0000, 0x0000, 0x0000,
    0x0000, 0x0000, 0x0000, 0x0000, 0x0000, 0x0000, 0x0000, 0x0000, 0x0000, 0x0000, 0x0000, 0x0000,
    0x0000, 0x0000, 0x0000, 0x0000, 0x0000, 0x0000, 0x0000, 0x0000, 0x0000, 0x0000, 0x0000, 0x0000,
    0x0000, 0x0000, 0x0000, 0x0000, 0x0000, 0x0000, 0x0000, 0x0000, 0x0000, 0x0000, 0x0000, 0x0000,
    0x0000, 0x0000, 0x0000, 0x0000, 0x0000, 0x0000, 0x0000, 0x0000, 0x0000, 0x0000, 0x0000, 0x0000,
    0x0000, 0x0000, 0x0000, 0x0000, 0x0000, 0x0000, 0x0000, 0x0000, 0x0000, 0x0000, 0x0000, 0x0000,
    0x0000, 0x0000, 0x0000, 0x0000, 0x0000, 0x0000, 0x0000, 0x0000, 0x0000, 0x0000, 0x0000, 0x0000,
    0x0000, 0x0000, 0x0000, 0x0000, 0x0000, 0x0000, 0x0000, 0x0000, 0x0000, 0x0000, 0x0000, 0x0000,
    0x0000, 0x0000, 0x0000, 0x0000,
};
static const uint16_t telltale_immo_off[] PROGMEM = {
    0x0000, 0x0000, 0x0000, 0x0000, 0x0000, 0x0000, 0x0000, 0x0000, 0x0000, 0x0000, 0x0000, 0x0000,
    0x0000, 0x0000, 0x0000, 0x0000, 0x0000, 0x0000, 0x0000, 0x0000, 0x0000, 0x0000, 0x0000, 0x0000,
    0x0000, 0x0000, 0x0000, 0x0000, 0x0000, 0x0000, 0x0000, 0x0000, 0x0000, 0x0000, 0x0000, 0x0000,
    0x0000, 0x0000, 0x0000, 0x0000, 0x0000, 0x0000, 0x0000, 0x0000, 0x0000, 0x0000, 0x0000, 0x0000,
    0x0000, 0x0000, 0x0000, 0x0000, 0x0000, 0x0000, 0x0000, 0x0000, 0x0000, 0x0000, 0x0000, 0x0000,
    0x0000, 0x0000, 0x0000, 0x0000, 0x0000, 0x0000, 0x0000, 0x0000, 0x0000, 0x0000, 0x0000, 0x0000,
    0x0000, 0x0000, 0x0000, 0x0000, 0x0000, 0x0000, 0x0000, 0x0000, 0x0000, 0x0000, 0x0000, 0x0000,
    0x0000, 0x0000, 0x0000, 0x0000, 0x0000, 0x0000, 0x0000, 0x0000, 0x0000, 0x0000, 0x0000, 0x0000,
    0x0000, 0x0000, 0x0000, 0x0000, 0x0000, 0x0000, 0x0000, 0x0000, 0x0000, 0x0000, 0x0000, 0x0000,
    0x0000, 0x0000, 0x0000, 0x0000, 0x0000, 0x0000, 0x0000, 0x0000, 0x0000, 0x0000, 0x0000, 0x0000,
    0x0000, 0x0000, 0x0000, 0x0000, 0x0000, 0x0000, 0x0000, 0x0000, 0x0000, 0x0000, 0x0000, 0x0000,
    0x0000, 0x0000, 0x0000, 0x0000, 0x0000, 0x0000, 0x0000, 0x0000, 0x0000, 0x0000, 0x0000, 0x0000,
    0x0000, 0x0000, 0x0000, 0x0000, 0x0000, 0x0000, 0x0000, 0x0000, 0x0000, 0x0000, 0x0000, 0x0000,
    0x0000, 0x0000, 0x0000, 0x0000, 0x0000, 0x0000, 0x0020, 0x0020, 0x0020, 0x0020, 0x0020, 0x0020,
    0x0000, 0x0000, 0x0000, 0x0000, 0x0000, 0x0000, 0x0000, 0x0000, 0x0000, 0x0000, 0x0000, 0x0000,
    0x0000, 0x0000, 0x0000, 0x0000, 0x0000, 0x0020, 0x0021, 0x0021, 0x0021, 0x0021, 0x0041, 0x0041,
    0x0041, 0x0021, 0x0021, 0x0000, 0x0000, 0x0000, 0x0000, 0x0000, 0x0000, 0x0000, 0x0000, 0x0000,
    0x0000, 0x0000, 0x0000, 0x0000, 0x0000, 0x0000, 0x0020, 0x0021, 0x0862, 0x0883, 0x10A3, 0x10E4,
    0x1905, 0x1926, 0x2146, 0x10C4, 0x0041, 0x0021, 0x0020, 0x0000, 0x0000, 0x0000, 0x0000, 0x0000,
    0x0000, 0x0000, 0x0000, 0x0000, 0x0000, 0x0000, 0x0000, 0x0020, 0x0021, 0x10C4, 0x2166, 0x2167,
    0x2167, 0x2187, 0x2187, 0x2167, 0x2187, 0x2167, 0x08A3, 0x0041, 0x0041, 0x0021, 0x0021, 0x0021,
    0x0021, 0x0021, 0x0021, 0x0021, 0x0020, 0x0000, 0x0000, 0x0000, 0x0000, 0x0020, 0x0862, 0x2167,
    0x2187, 0x2167, 0x2167, 0x2167, 0x2167, 0x2167, 0x2167, 0x2167, 0x10E4, 0x0883, 0x0882, 0x0862,
    0x0862, 0x0862, 0x0862, 0x0862, 0x0862, 0x0862, 0x0041, 0x0021, 0x0020, 0x0000, 0x0000, 0x0020,
    0x0883, 0x2187, 0x1905, 0x08A3, 0x1946, 0x2167, 0x2167, 0x2167, 0x2167, 0x2167, 0x2167, 0x2166,
    0x2166, 0x2146, 0x2146, 0x2146, 0x2146, 0x2166, 0x2166, 0x2167, 0x1926, 0x0862, 0x0020, 0x0020,
    0x0000, 0x0021, 0x0883, 0x2187, 0x10E5, 0x0862, 0x1926, 0x2187, 0x2167, 0x2167, 0x2167, 0x2167,
    0x2167, 0x2167, 0x2167, 0x2167, 0x2167, 0x2167, 0x2167, 0x2167, 0x2167, 0x2167, 0x2167, 0x2146,
    0x0862, 0x0000, 0x0020, 0x0021, 0x08A3, 0x2187, 0x10E5, 0x0882, 0x1926, 0x2187, 0x2167, 0x2167,
    0x2167, 0x2167, 0x2167, 0x2167, 0x2167, 0x2167, 0x2167, 0x2167, 0x2167, 0x2167, 0x2187, 0x2167,
    0x2187, 0x2166, 0x0862, 0x0000, 0x0000, 0x0021, 0x0883, 0x2187, 0x1905, 0x0862, 0x1926, 0x2187,
    0x2167, 0x2167, 0x2167, 0x2167, 0x2167, 0x2167, 0x2187, 0x1926, 0x10C4, 0x2146, 0x10C4, 0x1905,
    0x1905, 0x10C4, 0x2146, 0x0882, 0x0020, 0x0020, 0x0000, 0x0020, 0x0882, 0x2187, 0x2167, 0x1926,
    0x2167, 0x2167, 0x2167, 0x2167, 0x2167, 0x2167, 0x1905, 0x10C4, 0x10C3, 0x0862, 0x0041, 0x0862,
    0x0041, 0x0041, 0x0041, 0x0041, 0x0041, 0x0021, 0x0020, 0x0000, 0x0000, 0x0020, 0x0041, 0x1905,
    0x2187, 0x2187, 0x2187, 0x2167, 0x2167, 0x2167, 0x2167, 0x2187, 0x10A3, 0x0041, 0x0021, 0x0021,
    0x0021, 0x0021, 0x0021, 0x0020, 0x0020, 0x0020, 0x0020, 0x0000, 0x0000, 0x0000, 0x0000, 0x0000,
    0x0021, 0x0041, 0x0883, 0x10C4, 0x10E5, 0x1925, 0x1946, 0x2167, 0x2167, 0x1905, 0x0041, 0x0021,
    0x0020, 0x0000, 0x0000, 0x0000, 0x0000, 0x0000, 0x0000, 0x0000, 0x0000, 0x0000, 0x0000, 0x0000,
    0x0000, 0x0000, 0x0000, 0x0020, 0x0021, 0x0041, 0x0041, 0x0041, 0x0862, 0x0862, 0x0882, 0x0041,
    0x0021, 0x0000, 0x0000, 0x0000, 0x0000, 0x0000, 0x0000, 0x0000, 0x0000, 0x0000, 0x0000, 0x0000,
    0x0000, 0x0000, 0x0000, 0x0000, 0x0000, 0x0000, 0x0000, 0x0020, 0x0020, 0x0021, 0x0021, 0x0021,
    0x0020, 0x0020, 0x0000, 0x0000, 0x0000, 0x0000, 0x0000, 0x0000, 0x0000, 0x0000, 0x0000, 0x0000,
    0x0000, 0x0000, 0x0000, 0x0000, 0x0000, 0x0000, 0x0000, 0x0000, 0x0000, 0x0000, 0x0000, 0x0000,
    0x0000, 0x0000, 0x0000, 0x0000, 0x0000, 0x0000, 0x0000, 0x0000, 0x0000, 0x0000, 0x0000, 0x0000,
    0x0000, 0x0000, 0x0000, 0x0000, 0x0000, 0x0000, 0x0000, 0x0000, 0x0000, 0x0000, 0x0000, 0x0000,
    0x0000, 0x0000, 0x0000, 0x0000, 0x0000, 0x0000, 0x0000, 0x0000, 0x0000, 0x0000, 0x0000, 0x0000,
    0x0000, 0x0000, 0x0000, 0x0000, 0x0000, 0x0000, 0x0000, 0x0000, 0x0000, 0x0000, 0x0000, 0x0000,
    0x0000, 0x0000, 0x0000, 0x0000, 0x0000, 0x0000, 0x0000, 0x0000, 0x0000, 0x0000, 0x0000, 0x0000,
    0x0000, 0x0000, 0x0000, 0x0000, 0x0000, 0x0000, 0x0000, 0x0000, 0x0000, 0x0000, 0x0000, 0x0000,
    0x0000, 0x0000, 0x0000, 0x0000, 0x0000, 0x0000, 0x0000, 0x0000, 0x0000, 0x0000, 0x0000, 0x0000,
    0x0000, 0x0000, 0x0000, 0x0000, 0x0000, 0x0000, 0x0000, 0x0000, 0x0000, 0x0000, 0x0000, 0x0000,
    0x0000, 0x0000, 0x0000, 0x0000, 0x0000, 0x0000, 0x0000, 0x0000, 0x0000, 0x0000, 0x0000, 0x0000,
    0x0000, 0x0000, 0x0000, 0x0000, 0x0000, 0x0000, 0x0000, 0x0000, 0x0000, 0x0000, 0x0000, 0x0000,
    0x0000, 0x0000, 0x0000, 0x0000, 0x0000, 0x0000, 0x0000, 0x0000, 0x0000, 0x0000, 0x0000, 0x0000,
    0x0000, 0x0000, 0x0000, 0x0000, 0x0000, 0x0000, 0x0000, 0x0000, 0x0000, 0x0000, 0x0000, 0x0000,
    0x0000, 0x0000, 0x0000, 0x0000,
};

static const TelltaleSprite TELLTALES[4] = {
    { telltale_abs_lit, telltale_abs_off },  // abs
    { telltale_brake_lit, telltale_brake_off },  // brake
    { telltale_airbag_lit, telltale_airbag_off },  // airbag
    { telltale_immo_lit, telltale_immo_off },  // immo
};
